T_K,alpha_obs_1e-8_per_K,alpha_pred_1e-8_per_K,Cv_debye_J_per_molK,A_eff_alpha_over_Cv_mol_per_J,residual_1e-8_per_K,rel_residual
13.0,0.10555386774141656,0.25485782536360096,0.017733714014697356,5.9521579999505796e-08,0.1493039576221844,1.414481163190967
14.0,0.13309041480754097,0.31831127573860596,0.02214898099969471,6.008873040677376e-08,0.185220860931065,1.3916919651870399
15.0,0.14906469638765094,0.39150894884025955,0.027242278015291947,5.4718146663056684e-08,0.2424442524526086,1.6264364287981303
16.0,0.11030769097369961,0.47514686057714545,0.03306203577792829,3.3363853246852793e-08,0.36483916960344587,3.3074681047437897
17.0,0.04474672330195559,0.5699210268543573,0.03965668500380012,1.1283525916921124e-08,0.5251743035524017,11.736598007600922
18.0,-0.045386038282090646,0.6765274635552108,0.04707465640758844,-9.64128933605438e-09,0.7219135018373014,-15.906069997789801
19.0,-0.17180920211933742,0.7956621864547961,0.055364380696443664,-3.1032443596063486e-08,0.9674713885741335,-5.631080155428084
20.0,-0.3406056923499412,0.9280212108847238,0.06457428854665759,-5.274633294702729e-08,1.268626903234665,-3.724620379894494
21.0,-0.5572548031493234,1.0743005506356311,0.07475281052729686,-7.454633467538125e-08,1.6315553537849545,-2.927844398225418
22.0,-0.8269343037943666,1.2351962148508264,0.08594837688405413,-9.621290520819439e-08,2.0621305186451933,-2.4937053756062126
23.0,-1.1544019759301651,1.4114042002706333,0.09820941699958792,-1.1754493725739244e-07,2.5658061762007986,-2.2226280184018115
24.0,-1.5438820451316155,1.6036204738655189,0.11158435818508765,-1.3836007754516466e-07,3.1475025189971344,-2.0386936482111953
25.0,-1.9989624023433001,1.8125409374638712,0.12612162321897627,-1.58494820422081e-07,3.811503339807172,-1.906740884840608
26.0,-2.522504697236022,2.038861361442459,0.14186962573290865,-1.7780442319521054e-07,4.561366058678481,-1.8082686084495683
27.0,-3.116569133524793,2.28327726916287,0.15887676217053862,-1.9616267923306883e-07,5.399846402687663,-1.7326252591677689
28.0,-3.7823555521281924,2.5464837481271965,0.1771913986472079,-2.1346157776309157e-07,6.328839300255388,-1.6732534033439515
29.0,-4.520162148372184,2.8291751585097598,0.19686185066877573,-2.2961087346361755e-07,7.349337306881944,-1.6259012543451814
30.0,-5.329362933914205,3.132044705598073,0.21793635338087552,-2.4453758408081495e-07,8.461407639512277,-1.5876958924427598
31.0,-6.208404819558522,3.45578384048426,0.24046301986736243,-2.5818543005003556e-07,9.66418866004278,-1.5566299139510686
32.0,-7.154824948830198,3.801081453639957,0.2644897850370196,-2.7051422601552514e-07,10.955906402470154,-1.5312612790423934
33.0,-8.165288610226703,4.168622829060376,0.2900643328500023,-2.8149922915373143e-07,12.333911439287077,-1.5105297593326141
34.0,-9.235647568070469,4.559088332444574,0.31723400503778504,-2.911304406654145e-07,13.794735900515043,-1.4936403537318033
35.0,-10.361017643945683,4.973151815065483,0.3460456900400127,-2.994118390189358e-07,15.334169459011164,-1.4799868107522696
36.0,-11.53587213840112,5.411478725016921,0.37654569157983186,-3.063604868243563e-07,16.94735086341804,-1.4691000957788836
37.0,-12.754143016313503,5.874723928697784,0.4087795770767217,-3.120053870479871e-07,18.62886694501129,-1.4606129883586512
38.0,-14.009313478001562,6.363529256934957,0.4427920068989229,-3.163858710123352e-07,20.37284273493652,-1.4542356245313113
39.0,-15.29447420902185,6.878520801307876,0.478626546234206,-3.1954922536907965e-07,22.172995010329725,-1.4497389519445132
40.0,-16.602307452314196,7.420305996359726,0.5163254620620373,-3.2154733152244587e-07,24.02261344867392,-1.446944258662395
41.0,-17.92497397171395,7.989470531934993,0.5559295083054664,-3.224324973565663e-07,25.914444503648937,-1.4457172738182253
42.0,-19.25393178381967,8.586575146503433,0.597477702701718,-3.2225356187780477e-07,27.840506930323105,-1.4459647641277762
43.0,-20.57982681768017,9.212152356811272,0.6410070992422561,-3.210545849181372e-07,29.79197917449144,-1.447630217611797
44.0,-21.892734715054942,9.866703181486502,0.686552560192158,-3.188792233026911e-07,31.759437896541446,-1.450683905410021
45.0,-23.183094549565123,10.550693916396652,0.7341465317105685,-3.1578293362700067e-07,33.73378846596177,-1.4551029153523667
46.0,-24.44350210782511,11.264553017794578,0.783818826971343,-3.118514287577681e-07,35.70805512561969,-1.4608403889141748
47.0,-25.671034412641923,12.008668145848786,0.8355964204436911,-3.072180993668083e-07,37.67970255849071,-1.4677905826784687
48.0,-26.869114083595484,12.783383416340087,0.8895032566576118,-3.020687544704287e-07,39.65249749993557,-1.4757649759708595
49.0,-28.047550735151784,13.588996902444212,0.9455600763710013,-2.966236777127529e-07,41.636547637595996,-1.484498522910709
50.0,-29.219839113498725,14.42575842192709,1.003784262596567,-2.910968043861685e-07,43.645597535425814,-1.4936973939484426
51.0,-30.398143944106238,15.293867638069724,1.0641897084589143,-2.8564591164978207e-07,45.692011582175965,-1.503118468883854
52.0,-31.587983876191615,16.193472495480137,1.1267867083540068,-2.803368520590278e-07,47.781456371671744,-1.5126465987493878
53.0,-32.785282943173925,17.12466800489336,1.1915818733921801,-2.7514083316693295e-07,49.90995094806728,-1.5223279004355459
54.0,-33.97744650673043,18.08749538428999,1.2585780716347905,-2.6996693548455433e-07,52.06494189102042,-1.5323382785903914
55.0,-35.147901529178526,19.0819415573534,1.3277743931954757,-2.6471290385854e-07,54.22984308653192,-1.5429041486733497
56.0,-36.28160563772687,20.10793900453817,1.3991661398770863,-2.5930877401674495e-07,56.38954464226504,-1.5542185537574236
57.0,-37.3687325204642,21.165365956926653,1.4727448386607593,-2.537352808137862e-07,58.53409847739085,-1.5663923962456014
58.0,-38.40518380186532,22.254046918646704,1.5484982780571956,-2.48015670059704e-07,60.65923072051202,-1.579454248506053
59.0,-39.39057708632551,23.37375349993334,1.6264105660733972,-2.421933176530278e-07,62.76433058625885,-1.5933843885736716
60.0,-40.325512945819106,24.524205539930005,1.706462208340293,-2.3631061238115403e-07,64.84971848574911,-1.608156071638331
61.0,-41.20970843881951,25.705072496018737,1.7886302047861835,-2.3039814674127013e-07,66.91478093483825,-1.6237625421247721
62.0,-42.04154377632751,26.91597507480223,1.8728881631249936,-2.2447439523660294e-07,68.95751885112973,-1.6402232805246775
63.0,-42.81861843428044,28.156487078782256,1.9592064273532765,-2.1855082668407126e-07,70.9751055130627,-1.6575757954918104
64.0,-43.538579731641384,29.426137442232324,2.047552219411878,-2.1263721295541388e-07,72.96471717387371,-1.6758635128570138
65.0,-44.19969727735163,30.72441242968935,2.1378897921630813,-2.0674450778227964e-07,74.92410970704098,-1.6951272140371163
66.0,-44.80103857773052,32.050757970818815,2.230180591856996,-2.008852500165747e-07,76.85179654854934,-1.715402119868499
67.0,-45.34235992474759,33.40458210609058,2.3243834283084652,-1.9507263462872305e-07,78.74694203083817,-1.7367190892033513
68.0,-45.82389059404059,34.785257518665276,2.4204546510727356,-1.8931935193965164e-07,80.60914811270587,-1.7591074670379276
69.0,-46.24613360616911,36.192124129090594,2.518348329991619,-1.8363676325237747e-07,82.43825773525971,-1.7825978369846396
70.0,-46.60972930414598,37.624491730782054,2.6180164385775524,-1.780345173442473e-07,84.23422103492804,-1.8072239914818669
71.0,-46.91537870663838,39.08164264576834,2.71940903880772,-1.7252049264059095e-07,85.99702135240672,-1.8330241324522956
72.0,-47.163806689398015,40.56283438178154,2.822474466011756,-1.6710091537530166e-07,87.72664107117956,-1.8600415706245292
73.0,-47.355746534351695,42.06730227341878,2.9271595126510968,-1.6178054639551264e-07,89.42304880777047,-1.8883251844188182
74.0,-47.49193419122941,43.59426209177271,3.0334096099043015,-1.5656287906573784e-07,91.08619628300212,-1.91792980922271
75.0,-47.57310637523066,45.14291260859187,3.1411690060884396,-1.5145032401319712e-07,92.71601898382252,-1.9489166474127053
76.0,-47.60000000070899,46.71243810265983,3.2503809410599014,-1.4644437333301411e-07,94.3124381033688,-1.9813537416379003
77.0,-47.57335202910934,48.30201079767123,3.360987815848569,-1.4154574379823573e-07,95.87536282678057,-2.0153165319970734
78.0,-47.49389943201553,49.910793222396975,3.4729313568846547,-1.3675450088544014e-07,97.40469265441251,-2.0508885102989085
79.0,-47.362379183002,51.53794048537943,3.586152774278297,-1.3207016589674863e-07,98.90031966838143,-2.088161983717997
80.0,-47.17952825599982,53.182602457754875,3.7005929137064024,-1.2749180835658637e-07,100.36213071375471,-2.127238961974819
81.0,-46.94608362499685,54.84392585907429,3.8161924015498334,-1.2301812562157792e-07,101.79000948407115,-2.168232185184286
82.0,-46.66278226398362,56.52105624216904,3.932891783005867,-1.1864751139508791e-07,103.18383850615265,-2.2112663133204222
83.0,-46.33036114693441,58.21313987419007,4.050631652976118,-1.1437811461551715e-07,104.54350102112448,-2.256479302839234
84.0,-45.94955724778184,59.91932551193746,4.169352779598889,-1.1020788999342578e-07,105.86888275971928,-2.304024001555096
85.0,-45.521107540370274,61.638766070488785,4.28899622035696,-1.0613464130444417e-07,107.15987361085905,-2.3540699996331287
86.0,-45.04574899837457,63.37062018493873,4.4095034307477565,-1.021560583993826e-07,108.4163691833133,-2.4068057828769898
87.0,-44.5242185951673,65.11405366577405,4.530816365552377,-9.826974876687394e-08,109.63827226094135,-2.462441244793493
88.0,-43.95725330361309,66.86824084904026,4.652877572783934,-9.447326437457145e-08,110.82549415265333,-2.521210626769166
89.0,-43.34559009576302,68.63236584300434,4.7756302804338,-9.076412442008738e-08,111.97795593876738,-2.5833759718433984
90.0,-42.689965942416706,70.40562367349317,4.899018476167431,-8.71398345405173e-08,113.09558961590987,-2.649231197993021
91.0,-41.99111781251263,72.1872213304955,5.022986980149835,-8.359790295785327e-08,114.17833914300815,-2.719106922868935
92.0,-41.24978267230061,73.97637871895184,5.1474815112041625,-8.013585397541516e-08,115.22616139125245,-2.793376205315798
93.0,-40.46669748424253,75.77232951693892,5.272448746526572,-7.675123918634871e-08,116.23902700118146,-2.8724614121635246
94.0,-39.642599205578875,77.57432194468247,5.397836375196255,-7.344164670819156e-08,117.21692115026134,-2.9568424749950677
95.0,-38.77822478649051,79.381619448008,5.5235931457318515,-7.020470871656238e-08,118.1598442344985,-3.0470668754198056
96.0,-37.87431116777472,81.19350129996734,5.649668907954283,-6.70381075153815e-08,119.06781246774206,-3.143761795172942
97.0,-36.93159527794545,83.00926312447619,5.776014649422906,-6.393958034998295e-08,119.94085840242164,-3.247648998093702
98.0,-35.95081402965632,84.82821734584373,5.902582526715032,-6.090692314244364e-08,120.77903137550005,-3.359563187522479
99.0,-34.93270431533442,86.64969356810872,6.029325891821183,-5.7937993304891415e-08,121.58239788344314,-3.480474823418469
100.0,-33.87800300190036,88.47303888807956,6.156199313927287,-5.503071176603641e-08,122.35104188997991,-3.611518715643207
101.0,-32.78744692443848,90.29761814595503,6.283158596853561,-5.21830643282784e-08,123.0850650703935,-3.754030173622659
102.0,-31.661772878667538,92.12281411734602,6.41016079241592,-4.9393102457160924e-08,123.78458699601356,-3.909591148618679
103.0,-30.501717612048825,93.94802765045156,6.5371642099710625,-4.665894359135862e-08,124.4497452625004,-4.080089745940737
104.0,-29.308017813354557,95.77267775205284,6.664128422400173,-4.397877104955143e-08,125.08069556540741,-4.26779785524809
105.0,-28.081410100504645,97.5962016258978,6.791014268779832,-4.1350833600221755e-08,125.67761172640245,-4.475473677304542
106.0,-26.82263100646448,99.41805466693305,6.917783853980647,-3.87734447514288e-08,126.24068567339751,-4.706498987477121
107.0,-25.53241696298056,101.237710414729,7.044400545426458,-3.624498180978274e-08,126.77012737770956,-4.965065687338316
108.0,-24.21150428191423,103.05466046931392,7.170828967237829,-3.376388475102676e-08,127.26616475122813,-5.256433605667979
109.0,-22.86062913391679,104.8684143725104,7.2970349919751065,-3.1328654938694556e-08,127.72904350642719,-5.587293453657587
110.0,-21.48052752417128,106.67849945772943,7.422985730186686,-2.8937853722145106e-08,128.1590269819007,-5.966288622925479
111.0,-20.07193526490828,108.48446067104778,7.548649517959074,-2.6590100940777446e-08,128.55639593595606,-6.4047833076021785
112.0,-18.635587944384035,110.28586036625535,7.67399590265571,-2.428407335731687e-08,128.9214483106394,-6.91802419625246
113.0,-17.172220891989664,112.082278076426,7.798995627022241,-2.2018503039661587e-08,129.25449896841567,-7.526952965571803
114.0,-15.682569139140362,113.87331026443022,7.923620611826497,-1.979217570782371e-08,129.55587940357057,-8.261138736524146
115.0,-14.167367375572635,115.65857005467436,8.04784393719216,-1.760392905993097e-08,129.825937430247,-9.163730563950278
116.0,-12.62734990065664,117.43768694822188,8.171639822776118,-1.5452651089028054e-08,130.06503684887852,-10.300263940743019
117.0,-11.063250569308558,119.21030652332459,8.29498360693059,-1.3337278400484165e-08,130.27355709263315,-11.775341819883876
118.0,-9.475802732065834,120.97609012326376,8.417851724982247,-1.125679453814069e-08,130.4518928553296,-13.766843458431683
119.0,-7.865739168864852,122.73471453328726,8.540221686752615,-9.210228325882918e-09,130.6004537021521,-16.60371020426295
120.0,-6.233792016037186,124.48587164830468,8.662072053435358,-7.196652230068761e-09,130.71966366434188,-20.9695259848339
121.0,-4.580692686016328,126.22926813289217,8.783382413938492,-5.215180747165412e-09,130.80996081890848,-28.556807842236942
122.0,-2.907171779221993,127.96462507505495,8.90413336079221,-3.2649688200125287e-09,130.87179685427697,-45.016877843145686
123.0,-1.2139589875638004,129.69167763508372,9.024306465715343,-1.3452102853286375e-09,130.90563662264753,-107.83365662570847
124.0,0.4982170110198722,131.41017469074617,9.143884254926792,5.448636456125625e-10,130.9119576797263,262.76091499112755
125.0,2.2286286675985836,133.11987847996042,9.262850184281772,2.4059858718004176e-09,130.89124981236185,58.73174464429788
126.0,3.976549687500006,134.8205642420051,9.381188614306199,4.238854851970267e-09,130.8440145545051,32.9039053543839
127.0,5.74125516643895,136.51201985823582,9.49888478519675,6.0441360183526345e-09,130.77076469179684,22.77738245396751
128.0,7.522021738219501,138.19404549319393,9.61592479184823,7.822463154657983e-09,130.67202375497445,17.37192849244612
129.0,9.318127734732666,139.86645323692244,9.732295558964891,9.574439738576666e-09,130.54832550218975,14.010145516204942
130.0,11.128853359002111,141.52906674922366,9.847984816306928,1.1300640249337346e-08,130.40021339022155,11.717308979072946
131.0,12.953480872060279,143.1817209065292,9.962981074118687,1.3001611441087804e-08,130.2282400344689,10.05353243044978
132.0,14.791294794467797,144.8242614519896,10.07727359878095,1.4677873583046414e-08,130.0329666575218,8.791182142225736
133.0,16.64158212332076,146.4565446493244,10.19085238872485,1.632992166752704e-08,129.81496252600365,7.800638278501588
134.0,18.503632565621775,148.0784369409231,10.303708150641592,1.7958226587065735e-08,129.57480437530134,7.002668471489249
135.0,20.376738788923472,149.68981461063058,10.415832276018136,1.9563236281981765e-08,129.31307582170712,6.346112455050953
136.0,22.26019669018624,151.2905634515998,10.527216818025456,2.1145376859789507e-08,129.03036676141357,5.796461215380844
137.0,24.153305683825135,152.88057843955443,10.637854468783255,2.2705053687943303e-08,128.7272727557293,5.329592331617561
138.0,26.055369009955758,154.45976341175134,10.747738537021275,2.424265246145165e-08,128.4043944017956,4.92813570795072
139.0,27.965694063883113,156.0280307519033,10.856862926155364,2.575854024693516e-08,128.06233668802017,4.579265452717978
140.0,29.883592747913255,157.58530108127297,10.965222112792917,2.7253066504734668e-08,127.70170833335972,4.273305067787642
141.0,31.80838184660322,159.13150295613048,11.07281112568115,2.8726564090694276e-08,127.32312110952725,4.002816670258375
142.0,33.73938342660163,160.66657257171542,11.179625525107957,3.017935023926109e-08,126.9271891451138,3.7619889948859817
143.0,35.67592526226912,162.1904534728358,11.285661382764568,3.161172752954762e-08,126.51452821056671,3.5462157541956887
144.0,37.61734128830585,163.70309627119025,11.390915262076057,3.3023984836008595e-08,126.08575498288438,3.3517986828612156
145.0,39.562972080651484,165.20445836948812,11.495384199004853,3.441639826538066e-08,125.64148628883663,3.1757342707395426
146.0,41.512165366962165,166.69450369241545,11.599065683330604,3.578923208152934e-08,125.1823383254533,3.0155579025776573
147.0,43.464276568008046,168.1732024244683,11.701957640407883,3.7142739619841125e-08,124.70892585646024,2.8692281501874217
148.0,45.418669371375756,169.64053075466754,11.80405841340276,3.8477164192787915e-08,124.2218613832918,2.7350396456480124
149.0,47.37471633890064,171.0964706281388,11.90536674600702,3.979273998828285e-08,123.72175428923816,2.6115566245121125
150.0,49.33179954929422,172.54100950453605,12.005881765628622,4.1089692962432094e-08,123.20920995524185,2.497561635312462
151.0,51.289311277475726,173.9741401232684,12.105602967055523,4.2368241728277135e-08,122.68482884579267,2.3920155250684965
152.0,53.24665471215816,175.39586027547588,12.204530196589126,4.362859844210908e-08,122.14920556331772,2.2940259106160634
153.0,55.203244713283254,176.80617258269277,12.302663636643047,4.4870969688923586e-08,121.6029278694095,2.202822107667683
154.0,57.15850861094442,178.20508428212005,12.400003790801803,4.6095557368574375e-08,121.04657567117562,2.1177350251577107
155.0,59.11188704748257,179.59260701842945,12.496551469333925,4.730255958417084e-08,120.48071997094686,2.0381809140041294
156.0,61.06283486448858,180.96875664200223,12.592307775152891,4.849217153425809e-08,119.90592177751367,1.9636481346404961
157.0,63.01082203649547,182.33355301350537,12.68727409021896,4.9664586410309055e-08,119.32273097700987,1.893686308486801
158.0,64.95533465319981,183.68701981470596,12.781452062375143,5.081999630105356e-08,118.73168516150614,1.8278973666354161
159.0,66.89587595210833,185.02918436540216,12.874843592608732,5.1958593105171636e-08,118.13330841329383,1.765928119363697
160.0,68.83196740356846,186.36007744637033,12.967450822731475,5.30805694538733e-08,117.52811004280188,1.7074640530572553
161.0,70.76314985019738,187.67973312819512,13.059276123469106,5.418611964489165e-08,116.91658327799774,1.6522241240745397
162.0,72.68898470276429,188.98818860587522,13.150322082952746,5.527544058939342e-08,116.29920390311091,1.599956367236041
163.0,74.60905519456449,190.28548403906848,13.240591495602722,5.6348732773262126e-08,115.67642884450402,1.550434173745326
164.0,76.52296769619488,191.57166239785712,13.330087351396475,5.740620123406637e-08,115.04869470166224,1.503453122184427
165.0,78.4303530922744,192.8467693139011,13.418812825511411,5.84480565547238e-08,114.4164162216267,1.4588282687828038
166.0,80.33086822087914,194.11085293685747,13.506771268334145,5.9474515874278764e-08,113.77998471597833,1.4163918209265076
167.0,82.22419737500137,195.36396379592364,13.593966195826313,6.04858039151563e-08,113.13976642092224,1.3759911319647633
168.0,84.11005386284715,196.6061546663885,13.680401280238824,6.148215402448985e-08,112.49610080354134,1.3374869666232942
169.0,85.98818161983992,197.83748044105377,13.766080341164997,6.246380922440767e-08,111.84929882121385,1.3007519953812703
170.0,87.85835685941744,199.05799800639454,13.851007336923466,6.343102326226347e-08,111.19964114697709,1.2656694834949866
171.0,89.72038974190255,200.26776612333816,13.935186356262466,6.438406164664045e-08,110.54737638143561,1.232132146320873
172.0,91.57412603112664,201.4668453125237,14.01862161037583,6.532320264878853e-08,109.89271928139704,1.2000411474748205
173.0,93.41944869805428,202.65529774392402,14.101317425222623,6.624873824268192e-08,109.23584904586974,1.1693052203608743
174.0,95.25627942130959,203.83318713070145,14.18327823414131,6.716097495148422e-08,108.57690770939186,1.1398398968446624
175.0,97.08457992918034,205.0005786271681,14.26450857074955,6.80602345658508e-08,107.91599869798776,1.1115668294255232
176.0,98.90435312991718,206.1575387307413,14.345013062121984,6.894685470247092e-08,107.2531856008241,1.0844131952406604
177.0,100.71564399005533,207.30413518775947,14.424796422236653,6.982118918142677e-08,106.58849119770414,1.0583111716808236
178.0,102.51854014485055,208.44043690305116,14.503863445682548,7.068360821844876e-08,105.92189675820063,1.0331974744133248
179.0,104.31317225665215,209.5665138531336,14.582219001619723,7.153449844983507e-08,105.25334159648146,1.0090129493667024
180.0,106.09971416450212,210.68243700293186,14.6598680279844,7.237426282553642e-08,104.58272283842975,0.9857022110001129
181.0,107.87838287057245,211.78827822590398,14.73681552593104,7.320332040578824e-08,103.90989535533151,0.9632133203182871
182.0,109.64943835696987,212.8841102274606,14.81306655450367,7.402210605989126e-08,103.23467187049073,0.9414974980027211
183.0,111.41318308730922,213.97000647157677,14.888626225529334,7.48310699722386e-08,102.55682338426755,0.9205088710543224
184.0,113.16996079560849,215.0460411104861,14.963499698726016,7.563067669606979e-08,101.87608031487761,0.9002042556051754
185.0,114.92015379677153,216.11228891735777,15.037692177018116,7.642140326053643e-08,101.19213512058623,0.8805429837793084
186.0,116.66417760359774,217.16882522185477,15.111208902052415,7.720373555801503e-08,100.50464761825702,0.8614867878274712
187.0,118.40247119292495,218.21572584847533,15.184055149907701,7.797816197581756e-08,99.81325465555038,0.8429997587880974
188.0,120.1354809717221,219.25306705758433,15.256236226991579,7.874516308234431e-08,99.11758608586223,0.8250483977268369
189.0,121.86363653632174,220.28092548903896,15.327757466117772,7.950519624655013e-08,98.41728895271724,0.8076017731785292
190.0,123.58731688045648,221.2993781083215,15.398624222757906,8.025867447158334e-08,97.71206122786502,0.7906317872600142
191.0,125.30680692054233,222.30850215508644,15.468841871461267,8.100593952784728e-08,97.00169523454413,0.7741135347583583
192.0,127.02224607687698,223.30837509404407,15.538415802437143,8.1747230664888e-08,96.28612901716708,0.758025715896193
193.0,128.73357300378984,224.29907456808724,15.607351418293268,8.248265163870285e-08,95.56550156429738,0.7423510381513607
194.0,130.44047302300353,225.28067835358937,15.675654130925318,8.321214026129051e-08,94.8402053305858,0.7270765210569304
195.0,132.1423368325509,226.25326431779055,15.743329358551724,8.393544581519641e-08,94.11092748523966,0.7121936068415062
196.0,133.83824001134406,227.21691037819772,15.810382522888624,8.465212009740246e-08,93.37867036685367,0.6976979849625857
197.0,135.5269521622708,228.1716944639208,15.876819046459524,8.536152724653799e-08,92.64474230165001,0.6835890634559794
198.0,137.20698192505446,229.11769447887875,15.942644350035074,8.606287571406094e-08,91.9107125538243,0.6698690639812193
199.0,138.87665962715084,230.0549882668041,16.007863850197985,8.675527286261447e-08,91.17832863965326,0.6565417751582181
200.0,140.53425357267417,230.98365357797212,16.072482957027955,8.74377990932778e-08,90.44940000529796,0.6436110606907949
201.0,142.1781098594132,231.9037680376037,16.13650707190304,8.810959473811677e-08,89.72565817819049,0.6310792728002355
202.0,143.8068003740621,232.81540911586123,16.199941585411914,8.876994995065939e-08,89.00860874179912,0.6189457557658954
203.0,145.4192604402082,233.71865409939127,16.262791875373697,8.941838618768322e-08,88.29939365918307,0.6072056300650007
204.0,147.014897362076,234.61358006434313,16.325063304960533,9.005471808333145e-08,87.59868270226714,0.5958490212493535
205.0,148.59365413668067,235.500263850816,16.38676122091954,9.06790866928507e-08,86.90660971413533,0.5848608422685141
206.0,150.1560185292327,236.37878203867123,16.44789095188977,9.129195893165903e-08,86.22276350943852,0.5742211624547868
207.0,151.7029755123632,237.24921092466138,16.508457806810778,9.18940928872085e-08,85.54623541229819,0.5639061140585638
208.0,153.23590932033562,238.111626500818,16.568467073418788,9.248647363773072e-08,84.8757171804824,0.5538892127631256
209.0,154.7564685204667,238.96610443405964,16.62792401682776,9.307022834831961e-08,84.20963591359293,0.5441429151147638
210.0,156.26641225659642,239.81272004695606,16.686833878190907,9.364653198881007e-08,83.54630779035963,0.5346402120832778
211.0,157.76745740535785,240.65154829961492,16.745201873440326,9.421651563102016e-08,82.88409089425706,0.5253560668173783
212.0,159.2611447135789,241.48266377263994,16.803033192101186,9.478118795149723e-08,82.22151905906107,0.5162685425056518
213.0,160.74873761551171,242.306140651117,16.860332996177412,9.534137768925252e-08,81.55740303560529,0.5073595242202094
214.0,162.2311613993941,243.12205270958873,16.917106419106208,9.589770104902217e-08,80.89089131019462,0.49861500474036996
215.0,163.7089839478392,243.93047329797204,16.97335856477813,9.645055415700466e-08,80.22148935013286,0.49002496634939074
216.0,165.18243357833472,244.7314753283882,17.029094506620712,9.70001273491751e-08,79.54904175005349,0.4815829384928442
217.0,166.65144540931266,245.5251312628556,17.08431928674207,9.75464357767178e-08,78.87368585354295,0.47328533910894843
218.0,168.11572558622947,246.31151310182065,17.139037915132867,9.808935975209678e-08,78.19578751559119,0.46513071423222224
219.0,169.5748225874366,247.09069237348444,17.193255368923634,9.862868837156851e-08,77.51586978604783,0.45711897912249855
220.0,171.02819630382405,247.8627401238929,17.246976591695194,9.916416097310525e-08,76.83454382006886,0.4492507404075974
221.0,172.47527805825632,248.62772690775813,17.30020649284002,9.969550255347421e-08,76.15244884950181,0.44152674926420515
222.0,173.91551756778549,249.38572277998188,17.352949946972373,1.0022245099492673e-07,75.47020521219638,0.433947506626492
223.0,175.3484155119761,250.13679728784672,17.405211793384986,1.0074477552672982e-07,74.78838177587063,0.42651301728336793
224.0,176.77354248515132,250.88101946384666,17.45699683555016,1.0126228706484169e-07,74.10747697869533,0.41922267290038745
225.0,178.19054650594055,251.61845781913271,17.508309840663713,1.0177484184800422e-07,73.42791131319218,0.4120752349269226
226.0,179.59915193420113,252.34918033754343,17.5591555392296,1.0228234013472437e-07,72.75002840334228,0.4050688860156498
227.0,180.99915272464804,253.07325447019184,17.609538624683257,1.0278472172515746e-07,72.07410174554379,0.3982013211696593
228.0,182.3904026109114,253.79074713059174,17.659463753052467,1.032819598383246e-07,71.40034451968035,0.39146985530810413
229.0,183.77280425365674,254.50172469028902,17.7089355426534,1.0377405452237664e-07,70.7289204366323,0.38487153049592165
230.0,185.14629876309638,255.20625297498367,17.75795857382074,1.0426102639750721e-07,70.0599542118873,0.3784032123781874
231.0,186.51085643326024,255.9043972611156,17.806537388670137,1.0474291119166858e-07,69.39354082785538,0.37206167059066975
232.0,187.86646906602422,256.59622227289196,17.85467649089136,1.0521975526236227e-07,68.72975320686776,0.3658436417555344
233.0,189.21314393805832,257.2817921797415,17.90238034557115,1.0569161211283703e-07,68.0686482416832,0.3597458761319799
234.0,190.55089926504044,257.96117059416673,17.94965337904378,1.0615853980083459e-07,67.4102713291263,0.35376517029900884
235.0,191.87976092011905,258.63442056998196,17.996499978768455,1.066205990867619e-07,66.75465964986293,0.34789838870840256
236.0,193.19976013784583,259.3016046009186,18.042924493232245,1.0707785215767739e-07,66.10184446307275,0.34214247686389376
237.0,194.51093195280367,259.9627846195767,18.088931231877165,1.0753036177727701e-07,65.45185266677304,0.336494468509638
238.0,195.81331416185233,260.6180219967056,18.134524465050074,1.079781907373614e-07,64.80470783485323,0.33095148872914715
239.0,197.10694664501014,261.2673775408042,18.179708423974915,1.0842140151437784e-07,64.16043089579404,0.32551075437918
240.0,198.39187092339478,261.91091149801514,18.2244873007453,1.088600560605518e-07,63.51904057462035,0.32016957287099235
241.0,199.66812986896076,262.5486835523057,18.268865248337136,1.092942156804922e-07,62.88055368334495,0.31492533998596833
242.0,200.93576750878654,263.1807528259209,18.312846380640128,1.0972394096048918e-07,62.244985317134336,0.30977553717215867
243.0,202.19482888694844,263.8071778800855,18.356434772506642,1.1014929172945163e-07,61.61234899313706,0.30471772860020013
244.0,203.44535996095092,264.42801671595595,18.39963445981794,1.1057032703842312e-07,60.982656755005046,0.29974955814529264
245.0,204.68740751882626,265.0433267758,18.442449439566246,1.1098710515084399e-07,60.3559192569737,0.29486874639038274
246.0,205.9210191087768,265.6531649443908,18.484883669951785,1.1139968353899513e-07,59.73214583561404,0.29007308770194473
247.0,207.14624297672322,266.2575875506128,18.526941070494487,1.1180811888402819e-07,59.11134457388962,0.28536044740397193
248.0,208.36312800916946,266.85665036925724,18.56862552215895,1.1221246707814664e-07,58.4935223600878,0.2807287590610258
249.0,209.57172367995594,267.4504086230053,18.609940867492416,1.126127832281471e-07,57.878684943049336,0.27617602187324586
250.0,210.77208000010972,268.03891698458244,18.6508909107747,1.1300912165989121e-07,57.266836984472725,0.27170029818201213
251.0,211.9642474703438,268.6222295790793,18.691479418179643,1.1340153592346674e-07,56.65798210873551,0.26729971108293915
252.0,213.14827703593286,269.2003999864253,18.731710117947276,1.1379007879889762e-07,56.05212295049246,0.2629724421419701
253.0,214.32422004379038,269.7734812440052,18.771586700565862,1.1417480230231663e-07,55.44926120021483,0.258716729210005
254.0,215.49212820161281,270.34152584941876,18.81111281896393,1.1455575769253272e-07,54.84939764780595,0.2545308643315698
255.0,216.6520535389865,270.9045857633611,18.85029208871069,1.1493299547795226e-07,54.252532224374605,0.25041319174300775
256.0,217.80404837036156,271.4627124126291,18.88912808822524,1.1530656542380707e-07,53.65866404226757,0.24636210595601288
257.0,218.9481652598093,272.0159566932363,18.9276243589933,1.1567651655965897e-07,53.067791433427054,0.2423760499223892
258.0,220.08445698748176,272.5643689736367,18.96578440579152,1.160428971871447e-07,52.47991198615493,0.23845351327622352
259.0,221.2129765176993,273.10799909804354,19.00361169691845,1.1640575488793548e-07,51.89502258034427,0.23459303064977358
260.0,222.33377696859355,273.64689638984186,19.041109664431954,1.1676513653188202e-07,51.31311942124834,0.23079318005962152
261.0,223.446911583237,274.18110965508356,19.078281704392424,1.1712108828532103e-07,50.73419807184656,0.22705258135978929
262.0,224.55243370219443,274.71068718606796,19.11513117711192,1.1747365561951733e-07,50.158253483873494,0.2233698947587194
263.0,225.65039673743382,275.2356767649849,19.151661407407683,1.1782288331922699e-07,49.585280027551065,0.21974381939708426
264.0,226.74085414753603,275.7561256676366,19.187875684861087,1.1816881549135258e-07,49.01527152010056,0.21617309198371126
265.0,227.82385941414725,276.2720806672121,19.223777264080287,1.1851149557368058e-07,48.44822125306484,0.21265648548685914
266.0,228.89946601961975,276.78358803812756,19.259369364967455,1.1885096634367735e-07,47.88412201850784,0.20919280787838765
267.0,229.96772742578705,277.2906935599108,19.294655172989035,1.1918726992733374e-07,47.32296613412377,0.20578090092835039
268.0,231.02869705382648,277.7934425211384,19.32963783944974,1.1952044780803985e-07,46.76474546731188,0.20241963904776877
269.0,232.08242826515897,278.2918797234152,19.364320481769447,1.198505408354779e-07,46.20945145825621,0.1991079281774015
270.0,233.128974343342,278.7860494853894,19.398706183762545,1.201775892345232e-07,45.657075142047425,0.1958447047204253
271.0,234.16838847691133,279.2759956468073,19.43279799592012,1.205016326141375e-07,45.107607169895964,0.19262893451710927
272.0,235.20072374313054,279.7617615725955,19.46659893569398,1.208227099762487e-07,44.56103782946499,0.1894596118595765
273.0,236.22603309260796,280.2433901569708,19.50011198778265,1.211408597246057e-07,44.01735706436282,0.18633575854489604
274.0,237.24436933474325,280.7209238275751,19.533340104419068,1.2145611967359896e-07,43.47655449283189,0.1832564229648293
275.0,238.25578512396697,281.1944045496284,19.566286205659576,1.2176852705704117e-07,42.93861942566143,0.18022067923060092
276.0,239.2603329467382,281.6638738301033,19.5989531796744,1.220781185368968e-07,42.40354088336509,0.17722762633120864
277.0,240.25806510926708,282.1293727219068,19.631343883038618,1.223849302119601e-07,41.87130761263971,0.17427638732375972
278.0,241.2490337259306,282.5909418280795,19.663461141024353,1.2268899762646918e-07,41.34190810214894,0.17136610855451198
279.0,242.23329070835004,283.04862130600185,19.695307747893462,1.2299035577865416e-07,40.815330597651766,0.1684959589092715
280.0,243.21088775510202,283.5024508716035,19.726886467190436,1.2328903912921485e-07,40.29156311650148,0.16566512909188724
281.0,244.18187634203488,283.9524698035788,19.758200032035713,1.2358508160972217e-07,39.7705934615439,0.1628728309296621
282.0,245.14630771316288,284.3987169476025,19.789251145419033,1.2387851663093942e-07,39.25240923443962,0.16011829670454383
283.0,246.10423287211353,284.8412307205439,19.820042480492663,1.241693770910607e-07,38.73699784843034,0.15740077850899772
284.0,247.05570257410363,285.2800491146804,19.85057668086459,1.2445769538386183e-07,38.22434654057677,0.15471954762554604
285.0,248.0007673184192,285.7152097019002,19.88085636089095,1.2474350340676432e-07,37.714442383480986,0.15207389392895604
286.0,248.9394773413784,286.14674963790225,19.910884105968282,1.2502683256880533e-07,37.20727229652387,0.14946312531017483
287.0,249.87188260975526,286.57470566638824,19.94066247282521,1.2530771379851415e-07,36.70282305663298,0.14688656712109818
288.0,250.79803281464336,286.99911412323786,19.970193989812977,1.2558617755169443e-07,36.20108130859453,0.14434356163929551
289.0,251.71797736574055,287.4200109406782,19.99948115719555,1.2586225381910758e-07,35.70203357493763,0.14183346755191575
290.0,252.63176538603471,287.8374316514346,20.028526447438473,1.2613597213405823e-07,35.20566626539989,0.13935565945796155
291.0,253.53944570687383,288.25141139287155,20.05733230549697,1.2640736157987874e-07,34.711965685997704,0.13690952738821346
292.0,254.4410668634019,288.661984911109,20.085901149102394,1.2667645079731583e-07,34.22091804770711,0.13449447634205527
293.0,255.3366770903448,289.06918656512835,20.114235369047922,1.269432679918127e-07,33.732509474783555,0.13210992584057207
294.0,256.22632431813025,289.47305033085655,20.14233732947274,1.2720784094069058e-07,33.246726012726334,0.12975530949523845
295.0,257.110056169326,289.873609805227,20.170209368144604,1.2747019700022914e-07,32.76355363590096,0.12743007459157388
296.0,257.9879199553827,290.27089821022435,20.197853796741324,1.2773036311264213e-07,32.28297825484165,0.1251336816872076
297.0,258.8599626736669,290.6649483969038,20.225272901130378,1.2798836581295247e-07,31.804985723236875,0.12286560422374773
298.0,259.7262310047707,291.0557928493863,20.252468941646956,1.282442312357643e-07,31.32956184461564,0.12062532815193462
299.0,260.5867713100858,291.4434636888332,20.279444153370516,1.2849798512193213e-07,30.856692378747454,0.118412351569564
300.0,261.4416296296297,291.82799267739205,20.306200746399334,1.2874965282512936e-07,30.386363047762384,0.11622618437166686
301.0,262.29085168011136,292.20941122212,20.332740906123515,1.2899925931831378e-07,29.91855954200868,0.11406634791249681
302.0,263.1344828532268,292.5877503788781,20.359066793495966,1.292468292000935e-07,29.453267525651285,0.11193237467884418
303.0,263.97256821417204,292.96304085620017,20.385180545301598,1.2949238670099137e-07,28.99047264202812,0.10982380797427
304.0,264.80515250036456,293.3353130191326,20.411084274424525,1.2973595568961048e-07,28.530160518768074,0.10774020161382168
305.0,265.63228012036257,293.7045968930496,20.436780070113514,1.29977559678699e-07,28.072316772687028,0.10568111962886054
306.0,266.45399515297316,294.07092216743285,20.462269998245013,1.302172218311195e-07,27.61692701445967,0.10364613598157757
307.0,267.27034134653985,294.4343181996293,20.487556101584605,1.3045496496571784e-07,27.163976853089434,0.10163483428888546
308.0,268.0813621184011,294.794814018575,20.512640400046134,1.3069081156309754e-07,26.713451900173887,0.09964680755529583
309.0,268.88710055451145,295.15243832848876,20.537524890948724,1.309247837712981e-07,26.265337773977336,0.09768165791446203
310.0,269.68759940921757,295.5072195125379,20.562211549271836,1.311569034113784e-07,25.819620103320325,0.09573899637907432
311.0,270.48290110518104,295.8591856364705,20.586702327908036,1.3138719198290695e-07,25.376284531289503,0.09381844259878588
312.0,271.2730477334412,296.20836445221937,20.61099915791373,1.3161567066935913e-07,24.935316718778143,0.09191962462588663
313.0,272.05808105361103,296.5547834014708,20.63510394875754,1.3184236034342435e-07,24.496702347859785,0.09004217868842694
314.0,272.8380424941982,296.8984696192085,20.659018588566845,1.3206728157221988e-07,24.06042712501032,0.08818574897055258
315.0,273.6129731530472,297.2394499372164,20.68274494437156,1.3229045462242e-07,23.626476784169235,0.08634998739973346
316.0,274.3829137978943,297.5777508875579,20.706284862346205,1.325118994652932e-07,23.194837089663622,0.084534553440702
317.0,275.14790486703,297.91339870601735,20.729640168049393,1.327316357816551e-07,22.765493838987336,0.08273911389581234
318.0,275.9079864700639,298.2464193355132,20.752812666661313,1.329496829667338e-07,22.33843286544932,0.0809633427116219
319.0,276.6631983887873,298.5768384294801,20.775804143219055,1.33166060134951e-07,21.913640040692822,0.07920692079146059
320.0,277.41358007812505,298.90468135520825,20.798616362849,1.333807861246232e-07,21.49110127708317,0.07746953581375093
321.0,278.1591706671763,299.2299731971664,20.82125107099802,1.3359387950257465e-07,21.070802529990107,0.07575088205594989
322.0,278.900008960336,299.5527387602769,20.84370999366139,1.338053585686761e-07,20.65272979994094,0.0740506602238155
323.0,279.6361334384941,299.8730025731697,20.86599483760916,1.3401524136029883e-07,20.23686913467558,0.07236857728590598
324.0,280.3675822603074,300.1907888913975,20.888107290609952,1.3422354565669238e-07,19.823206631090144,0.07070434631306725
325.0,281.09439326354124,300.5061217006214,20.910049021652544,1.3443028898328524e-07,19.41172843708018,0.06905768632276002
326.0,281.81660396647504,300.8190247197611,20.931821681165125,1.3463548861590927e-07,19.002420753286092,0.0674283221280554
327.0,282.53425156937,301.1295214041156,20.953426901232426,1.3483916158494918e-07,18.5952698347456,0.06581598419114132
328.0,283.2473729559931,301.4376349484508,20.974866295810557,1.3504132467941781e-07,18.19026199245769,0.06422040848118944
329.0,283.9560046951965,301.7433882900551,20.996141460939636,1.3524199445095978e-07,17.787383594858593,0.06264133633642258
330.0,284.6601830425467,302.04680411176037,21.017253974953984,1.3544118721778444e-07,17.386621069213664,0.061078514330242584
331.0,285.3599439420014,302.34790484493436,21.03820539869036,1.356389190685272e-07,16.98796090293297,0.05953169414129729
332.0,286.055323027631,302.64671267243915,21.058997275693795,1.3583520586604323e-07,16.591389644808167,0.05800063242733488
333.0,286.7463556253817,302.94324953155797,21.079631132421273,1.3603006325113293e-07,16.196893906176264,0.056485090702727586
334.0,287.4330767548771,303.2375371168906,21.1001084784432,1.362235066462011e-07,15.80446036201354,0.054984835219544274
335.0,288.1155211312562,303.52959688321744,21.120430806642656,1.3641555125885029e-07,15.414075751961265,0.053499636852049726
336.0,288.7937231670446,303.8194500483322,21.140599593412563,1.3660621208540985e-07,15.02572688128764,0.052029270984523555
337.0,289.4677169740572,304.10711759584234,21.16061629885049,1.3679550391440256e-07,14.6394006217851,0.05057351740227777
338.0,290.1375363653296,304.3926202779399,21.18048236695149,1.3698344132994793e-07,14.255083912610266,0.049132160185784556
339.0,290.80321485707555,304.67597861813954,21.200199225798617,1.3717003871510596e-07,13.872763761063984,0.04770498760779585
340.0,291.4647856706697,304.95721291398905,21.219768287751513,1.373553102551592e-07,13.492427243319396,0.04629179203337684
341.0,292.12228173465223,305.23634323974613,21.239190949632675,1.3753926994083755e-07,13.114061505093924,0.044892369822737505
342.0,292.77573568675405,305.51338944902756,21.258468592911797,1.37721931571484e-07,12.737653762273498,0.04350652123679313
343.0,293.4251798759402,305.78837117742455,21.277602583887756,1.3790330875816497e-07,12.36319130148434,0.04213405034534351
344.0,294.0706463644711,306.0613078450923,21.29659427386878,1.380834149267237e-07,11.990661480621185,0.040774764937810085
345.0,294.71216692997757,306.3322186593095,21.31544499935058,1.3826226332077826e-07,11.620051729331895,0.03942847643644374
346.0,295.34977306755087,306.60112261700345,21.33415608219201,1.3843986700466883e-07,11.251349549452634,0.03809499981189857
347.0,295.98349599184326,306.86803850725374,21.352728829789317,1.3861623886634807e-07,10.8845425154105,0.036774153501148106
348.0,296.61336663918013,307.1329849137598,21.37116453524783,1.3879139162022294e-07,10.519618274579702,0.03546575932761808
349.0,297.23941566968097,307.3959802172842,21.389464477551957,1.389653378099442e-07,10.156564547603232,0.034169642423500506
350.0,297.86167346938777,307.65704259806574,21.407629921733125,1.391380898111459e-07,9.795369128677994,0.03288563115416961
351.0,298.4801701524004,307.91619003820347,21.42566211903563,1.393096598341368e-07,9.436019885803097,0.03161355704462772
352.0,299.0949355630165,308.17344032401706,21.4435623070809,1.3948005992654126e-07,9.078504761000529,0.030353254707944637
353.0,299.7059992778772,308.42881104837176,21.461331710029274,1.39649301975897e-07,8.72281177049453,0.029104561775578727
354.0,300.31339060811337,308.682319612983,21.478971538740357,1.3981739771220227e-07,8.368929004869681,0.027867318829583966
355.0,300.9171386014959,308.9339832306892,21.496482990931153,1.3998435871042048e-07,8.016844629193306,0.026641369336593362
356.0,301.5172720445864,309.1838189277001,21.51386725133255,1.4015019639293847e-07,7.666546883113725,0.025426559583558602
357.0,302.1138194648871,309.4318435458186,21.53112549184387,1.40314922031981e-07,7.318024080931446,0.024222738615179356
358.0,302.7068091329911,309.6780737446314,21.54825887168535,1.4047854675198433e-07,6.971264611640252,0.023029758172957052
359.0,303.2962690647301,309.92252600367976,21.565268537549155,1.4064108153192467e-07,6.626256938949684,0.021847472635858553
360.0,303.8822270233196,310.16521662459934,21.58215562374828,1.4080253720760765e-07,6.282989601279706,0.02067573896250785
361.0,304.46471052150133,310.4061617332389,21.598921252363994,1.4096292447391454e-07,5.94145121173754,0.019514416634889297
362.0,305.04374682368086,310.6453772817468,21.615566533390997,1.4112225388701222e-07,5.6016304580659115,0.01836336760347926
363.0,305.6193629480609,310.8828790506394,21.63209256488137,1.4128053586652028e-07,5.2635161025785475,0.017222456233812213
364.0,306.19158566876916,311.1186826508409,21.64850043308649,1.4143778069764187e-07,4.927096982071747,0.01609154925439971
365.0,306.76044151798,311.35280352569674,21.664791212597144,1.4159399853325701e-07,4.592362007716765,0.014970515705975065
366.0,307.3259567880295,311.5852569529654,21.68096596648213,1.417491993959783e-07,4.25930016493589,0.013859226892031245
367.0,307.8881575335232,311.8160580467875,21.697025746425243,1.4190339318016906e-07,3.927900513264214,0.012757556330618333
368.0,308.44706957343635,312.0452217596252,21.71297159286026,1.4205658965392884e-07,3.5981521861888153,0.011665379707334687
369.0,309.00271849320575,312.2727628841822,21.72880453510451,1.4220879846104224e-07,3.270044390976435,0.010582574829510232
370.0,309.55512964681265,312.4986960553011,21.74452559149091,1.4236002912289247e-07,2.9435664084884423,0.009509021581541576
371.0,310.1043281588568,312.7230357518322,21.760135769498,1.4251029104034438e-07,2.6187075929753845,0.008444601881318799
372.0,310.6503389266209,312.94579629848585,21.775636065878846,1.426595934955911e-07,2.2954573718649325,0.007389199637754605
373.0,311.1931866221248,313.1669918676578,21.791027466788034,1.428079456539707e-07,1.9738052455330148,0.006342700709349925
374.0,311.7328956941695,313.38663648123384,21.80631094790723,1.4295535656574995e-07,1.6537407870643175,0.005304992863784085
375.0,312.26949037037036,313.60474401237155,21.821487474569224,1.4310183516787726e-07,1.3352536420011807,0.0042759657384955855
376.0,312.8029946591796,313.82132818725825,21.83655800188017,1.432473902857065e-07,1.0183335280786476,0.003255510802216558
377.0,313.3334323518966,314.0364025868529,21.85152347484084,1.433920306346873e-07,0.7029702349562935,0.0022435213174660726
378.0,313.86082702466757,314.2499806486007,21.866384828465925,1.4353576482202937e-07,0.3891536239331148,0.0012398923039303967
379.0,314.38520204047256,314.46207566812797,21.881142987901963,1.4367860134833699e-07,0.07687362765538687,0.000244520502735019
380.0,314.9065805511007,314.6727008009193,21.89579886854405,1.4382054860921379e-07,-0.23387975018140653,-0.0007426956584143348
381.0,315.424985499113,314.88186906396805,21.910353376150653,1.4396161489684235e-07,-0.543116435144959,-0.0017218560992736775
382.0,315.940439619792,315.0895933374114,21.924807406957434,1.441018084015343e-07,-0.8508462823806451,-0.002693059120271427
383.0,316.45296544307956,315.29588636614477,21.93916184778955,1.4424113721325383e-07,-1.15707907693479,-0.0036564014349327184
384.0,316.9625852955006,315.5007607614112,21.95341757617225,1.443796093231173e-07,-1.4618245340894174,-0.0046119782015488515
385.0,317.4693213020746,315.7042290023782,21.967575460440607,1.4451723262486387e-07,-1.7650922996963614,-0.005559883054075836
386.0,317.97319538821296,315.90630343768794,21.981636359847368,1.4465401491630393e-07,-2.0668919505250156,-0.006500208132328735
387.0,318.47422928160364,316.10699628699626,21.995601124670074,1.447899639007391e-07,-2.3672329946073734,-0.007433044111441121
388.0,318.9724445140812,316.30631964248266,22.00947059631609,1.4492508718836258e-07,-2.6661248715985226,-0.008358480230667152
389.0,319.4678624234843,316.50428547034875,22.023245607426897,1.4505939229763218e-07,-2.963576953135536,-0.009276604321492092
390.0,319.96050415549826,316.7009056122982,22.03692698198107,1.4519288665661973e-07,-3.2595985432000414,-0.010187502835087117
391.0,320.45039066548446,316.8961917869929,22.05051553539558,1.4532557760434042e-07,-3.5541988784915546,-0.011091260869148866
392.0,320.93754272029514,317.090155591494,22.064012074626103,1.4545747239205759e-07,-3.847387128801144,-0.01198796219410901
393.0,321.42198090007463,317.28280850268857,22.07741739826625,1.4558857818456432e-07,-4.1391723973860755,-0.01287768927873319
394.0,321.90372560004596,317.4741618786899,22.090732296645037,1.457189020614469e-07,-4.429563721356018,-0.013760523315159128
395.0,322.3827970322835,317.66422696023034,22.103957551923774,1.4584845101832253e-07,-4.718570072053192,-0.01463654424333527
396.0,322.85921522747117,317.8530148720267,22.117093938191104,1.459772319680607e-07,-5.006200355444498,-0.015505830774931941
397.0,323.3330000366466,318.04053662413907,22.130142221557534,1.4610525174197916e-07,-5.292463412507516,-0.01636846041668394
398.0,323.80417113293043,318.226803113301,22.143103160247986,1.462325170910255e-07,-5.577368019629415,-0.017224509493238595
399.0,324.2727480132421,318.41182512424666,22.15597750469416,1.4635903468693214e-07,-5.86092288899544,-0.018074053169451362
400.0,324.73875000000004,318.59561333100584,22.16876599762465,1.4648481112335948e-07,-6.143136668994181,-0.018917165472227077
401.0,325.20219624280884,318.77817829819816,22.18146937415496,1.4660985291701307e-07,-6.424017944610717,-0.019753919311831125
402.0,325.66310572013083,318.9595304823003,22.194088361875746,1.4673416650874648e-07,-6.703575237830487,-0.020584386502754237
403.0,326.121497240944,319.13968023290107,22.20662368094007,1.468577582646451e-07,-6.981817008042938,-0.021408637784109813
404.0,326.5773894463851,319.31863779394104,22.219076044149723,1.4698063447709063e-07,-7.258751652444085,-0.02222674283957362
405.0,327.0308008113789,319.4964133049377,22.23144615704045,1.4710280136580855e-07,-7.534387506441216,-0.023038770316887714
406.0,327.4817496462524,319.6730168021925,22.243734717965907,1.4722426507889914e-07,-7.8087328440599775,-0.02384478784694113
407.0,327.9302540983353,319.84845821998425,22.25594241818078,1.4734503169385025e-07,-8.081795878351041,-0.02464486206242984
408.0,328.37633215354583,320.022747391749,22.268069941922793,1.4746510721853397e-07,-8.353584761796796,-0.02543905861610859
409.0,328.8200016379625,320.19589405124225,22.280117966493638,1.475844975921871e-07,-8.624107586720264,-0.026227442198651838
410.0,329.26128021938166,320.36790783368906,22.29208716233899,1.4770320868637499e-07,-8.893372385692603,-0.02701007655612311
411.0,329.70018540886053,320.53879827691907,22.30397819312748,1.478212463059397e-07,-9.161387131941456,-0.027787024507069776
412.0,330.1367345622466,320.70857482248664,22.31579171582863,1.4793861618993334e-07,-9.428159739759995,-0.028558347959252425
413.0,330.5709448816926,320.8772468167787,22.327528380789957,1.4805532401253492e-07,-9.693698064913871,-0.02932410792601004
414.0,331.00283341715766,321.04482351210584,22.339188831812873,1.4817137538395394e-07,-9.958009905051851,-0.03008436454228755
415.0,331.4324170678942,321.2113140677835,22.350773706227944,1.482867758513174e-07,-10.22110300011071,-0.030839177080306267
416.0,331.8597125839213,321.37672755119667,22.362283634968954,1.4840153089954404e-07,-10.482985032724642,-0.03158860396491691
417.0,332.28473656748395,321.5410729388524,22.37371924264615,1.4851564595220356e-07,-10.74366362863157,-0.03233270278862066
418.0,332.70750547449876,321.7043591174207,22.385081147618667,1.4862912637236175e-07,-11.003146357078046,-0.03307153032627155
419.0,333.1280356159856,321.86659488475925,22.396369962065826,1.4874197746341304e-07,-11.261440731226362,-0.03380514254947915
420.0,333.54634315948607,322.02778895092706,22.407586292057687,1.4885420446989898e-07,-11.518554208559017,-0.03453359464070452
421.0,333.96244413046793,322.1879499391869,22.418730737624777,1.4896581257831309e-07,-11.774494191281017,-0.03525694100705862
422.0,334.3763544137167,322.3470863869924,22.429803892826786,1.4907680691789405e-07,-12.029268026724276,-0.0359752352938232
423.0,334.788089754713,322.50520674696645,22.440806345820647,1.4918719256140436e-07,-12.282883007746506,-0.036688530397678505
424.0,335.1976657609973,322.6623193878627,22.451738678927438,1.492969745258991e-07,-12.535346373134642,-0.037396878479674725
425.0,335.60509790352125,322.8184325955195,22.462601468698768,1.4940615777348004e-07,-12.786665308001764,-0.03810033097792107
426.0,336.01040151798554,322.973554573799,22.473395285982104,1.4951474721203957e-07,-13.036846944186566,-0.03879893862002586
427.0,336.41359180616485,323.1276934455177,22.484120695985535,1.496227476959908e-07,-13.285898360647135,-0.03949275143526965
428.0,336.8146838372204,323.2808572533615,22.494778258341444,1.497301640269887e-07,-13.533826583858888,-0.04018181876654662
429.0,337.21369254899867,323.43305396079273,22.50536852716962,1.4983700095463768e-07,-13.78063858820594,-0.04086618928204865
430.0,337.6106327493177,323.58429145294315,22.51589205113938,1.499432631771893e-07,-14.02634129637452,-0.04154591098672341
431.0,338.0055191172411,323.73457753749966,22.526349373531236,1.5004895534222785e-07,-14.270941579741406,-0.042221031233491094
432.0,338.3983662043388,323.8839199455754,22.536741032297464,1.5015408204734625e-07,-14.514446258763359,-0.04289159673424351
433.0,338.78918843593556,324.03232633257,22.54706756012199,1.5025864784081153e-07,-14.756862103365608,-0.0435576535706248
434.0,339.1780001123474,324.17980427902467,22.557329484479897,1.5036265722221762e-07,-14.998195833322724,-0.04421924720457933
435.0,339.5648154101045,324.32636129145715,22.567527327695498,1.5046611464313198e-07,-15.238454118647319,-0.044876422488717795
436.0,339.9496483831636,324.4720048031974,22.577661607000493,1.5056902450772752e-07,-15.477643579966173,-0.045529223676445844
437.0,340.3325129641071,324.61674217520266,22.58773283459069,1.5067139117340914e-07,-15.715770788904447,-0.046177694431921344
438.0,340.7134229653298,324.76058069687076,22.597741517682604,1.5077321895142642e-07,-15.952842268459055,-0.04682187783978906
439.0,341.0923920802151,324.9035275868378,22.607688158568948,1.5087451210748036e-07,-16.188864493377334,-0.047461816414744826
440.0,341.46943388429753,325.04558999376803,22.617573254673594,1.5097527486231874e-07,-16.423843890529476,-0.04809755211089987
441.0,341.8445618364156,325.18677499713573,22.627397298605988,1.510755113923225e-07,-16.657786839279883,-0.04872912633096444
442.0,342.2177892798508,325.32708960799323,22.637160778214593,1.5117522583008387e-07,-16.89069967185759,-0.04935657993525611
443.0,342.58912944345695,325.46654076973437,22.646864176639994,1.512744222649748e-07,-17.122588673722554,-0.04997995325052651
444.0,342.95859544277664,325.6051353588445,22.65650797236711,1.513731047437073e-07,-17.35346008393214,-0.05059928607862404
445.0,343.3262002811471,325.74288018564346,22.666092639276872,1.5147127727088494e-07,-17.583320095503666,-0.05121461770498384
446.0,343.691956850795,325.879781995019,22.675618646697274,1.515689438095459e-07,-17.812174855775993,-0.05182598690695775
447.0,344.05587793391913,326.01584746715247,22.685086459453846,1.5166610828169727e-07,-18.040030466766677,-0.052433431961977764
448.0,344.4179762037628,326.1510832182298,22.69449653791915,1.5176277456884372e-07,-18.266892985532987,-0.05303699065558071
449.0,344.7782642256753,326.28549580115424,22.70384933806236,1.5185894651250364e-07,-18.492768424521028,-0.053636700289251854
450.0,345.1367544581618,326.41909170624103,22.713145311497602,1.5195462791472145e-07,-18.71766275192076,-0.054232597688142634
451.0,345.4934592539236,326.5518773619063,22.722384905531893,1.5204982253857135e-07,-18.94158189201732,-0.054824719208637844
452.0,345.8483908608862,326.6838591353502,22.73156856321267,1.5214453410865158e-07,-19.164531725535962,-0.055413100745767795
453.0,346.2015614232179,326.8150433332277,22.74069672337447,1.5223876631157386e-07,-19.386518089990247,-0.05599777774049662
454.0,346.55298298233845,326.9454362023167,22.74976982068542,1.5233252279644264e-07,-19.607546780021718,-0.0565787851868555
455.0,346.9026674779152,327.07504393016836,22.758788285692475,1.524258071753314e-07,-19.82762354774684,-0.057156157638969786
456.0,347.25062674885123,327.2038726457623,22.767752544867033,1.5251862302374617e-07,-20.046754103088908,-0.05772992921791818
457.0,347.5968725342621,327.33192842014273,22.77666302064918,1.526109738810874e-07,-20.264944114119366,-0.058300133618497625
458.0,347.94141647444263,327.4592172670528,22.785520131491833,1.527028632511019e-07,-20.482199207389883,-0.05886680411584277
459.0,348.284270111824,327.58574514355877,22.794324291904186,1.5279429460232933e-07,-20.69852496826523,-0.059429973571931714
460.0,348.6254448919208,327.7115179506696,22.80307591249479,1.5288527136854103e-07,-20.91392694125117,-0.059989674441963944
461.0,348.96495216426797,327.8365415339454,22.811775400013932,1.529757969491734e-07,-21.128410630322566,-0.06054593878062805
462.0,349.30280318334866,327.96082168410004,22.820423157395528,1.5306587470975463e-07,-21.341981499248632,-0.061098798248252956
463.0,349.639009109512,328.08436413759637,22.829019583798573,1.531555079823252e-07,-21.55464497191565,-0.06164828411684585
464.0,349.9735810098815,328.2071745772354,22.837565074648108,1.532447000658515e-07,-21.766406432646146,-0.062194427276016505
465.0,350.3065298592541,328.3292586327352,22.846060021675534,1.53333454226635e-07,-21.977271226518877,-0.0627372582388027
466.0,350.6378665409895,328.45062188130976,22.85450481295885,1.534217736987119e-07,-22.187244659679713,-0.06327680714737074
467.0,350.96760184789105,328.5712698482289,22.862899832961656,1.5350966168425308e-07,-22.39633199966214,-0.06381310377864646
468.0,351.2957464830768,328.691208007385,22.871245462572553,1.5359712135395147e-07,-22.60453847569183,-0.06434617754980637
469.0,351.62231106084147,328.8104417818419,22.87954207914336,1.5368415584740876e-07,-22.811869278999588,-0.06487605752370029
470.0,351.9473061075099,328.9289765443857,22.88779005652743,1.5377076827351323e-07,-23.018329563124198,-0.06540277241415439
471.0,352.2707420622818,329.0468176180608,22.895989765116944,1.5385696171081535e-07,-23.223924444220977,-0.06592635059120229
472.0,352.5926292780664,329.16397027670865,22.904141571880416,1.5394273920789373e-07,-23.428659001357737,-0.06644682008619389
473.0,352.9129780223104,329.2804397454902,22.912245840399024,1.5402810378372074e-07,-23.63253827682027,-0.0669642085968464
474.0,353.2317984778156,329.3962312014098,22.92030293090309,1.5411305842801866e-07,-23.835567276405744,-0.06747854349217859
475.0,353.54910074354865,329.51134977382986,22.928313200307866,1.5419760610161303e-07,-24.037750969718804,-0.06798985181737145
476.0,353.8648948354429,329.62580054497954,22.936277002248943,1.542817497367798e-07,-24.23909429046337,-0.06849816029853774
477.0,354.1791906871908,329.73958855045515,22.944194687117083,1.5436549223758923e-07,-24.43960213673561,-0.06900349534741734
478.0,354.4919981510292,329.85271877972065,22.952066602093005,1.5444883648024224e-07,-24.639279371308515,-0.0695058830659729
479.0,354.80332699851544,329.96519617659374,22.959893091181264,1.5453178531340503e-07,-24.838130821921677,-0.07000534925092629
480.0,355.11318692129635,330.07702563973635,22.967674495244328,1.5461434155853517e-07,-25.03616128155998,-0.07050191939819103
481.0,355.42158753186794,330.18821202312677,22.975411152035466,1.546965080102081e-07,-25.23337550874115,-0.07099561870725893
482.0,355.728538364329,330.29876013654075,22.98310339623221,1.5477828743643306e-07,-25.429778227788233,-0.07148647208547446
483.0,356.0340488751248,330.4086747460118,22.990751559468382,1.5485968257897067e-07,-25.62537412911301,-0.07197450415227236
484.0,356.33812844378497,330.5179605742977,22.998355970366564,1.5494069615364137e-07,-25.820167869487264,-0.07245973924331421
485.0,356.6407863736519,330.62662230133816,23.00591695456993,1.550213308506307e-07,-26.014164072313715,-0.07294220141455925
486.0,356.94203189260344,330.73466456470203,23.013434834773378,1.5510158933479274e-07,-26.2073673279014,-0.07342191444628372
487.0,357.24187415376605,330.8420919600358,23.020909930754737,1.5518147424594607e-07,-26.399782193730246,-0.07389890184700774
488.0,357.5403222362225,330.9489090415061,23.02834255940554,1.552609881991664e-07,-26.591413194716367,-0.07437318685736304
489.0,357.83738514571036,331.05512032223027,23.035733034761005,1.5534013378507748e-07,-26.78226482348007,-0.07484479245390867
490.0,358.1330718153151,331.160730274712,23.04308166803034,1.554189135701342e-07,-26.97234154060308,-0.07531374135285777
491.0,358.4273911061541,331.26574333126234,23.05038876762603,1.5549733009690524e-07,-27.161647774891776,-0.07578005601376434
492.0,358.72035180805506,331.37016388442254,23.057654639193274,1.555753858843493e-07,-27.35018792363253,-0.07624375864313139
493.0,359.01196264022656,331.4739962873799,23.064879585638916,1.5565308342808834e-07,-27.537966352846635,-0.07670487119796343
494.0,359.3022322519217,331.5772448543744,23.07206390715973,1.557304252006787e-07,-27.72498739754728,-0.0771634153892708
495.0,359.5911692230952,331.67991386110964,23.07920790127103,1.5580741365187479e-07,-27.911255361985585,-0.0776194126854908
496.0,359.87878206505326,331.78200754514944,23.086311862834247,1.5588405120889322e-07,-28.096774519903846,-0.07807288431587765
497.0,360.16507922109696,331.8835301063163,23.09337608408468,1.559603402766704e-07,-28.281549114780645,-0.07852385127381897
498.0,360.4500690671592,331.9844857070823,23.100400854658673,1.5603628323811835e-07,-28.465583360076888,-0.07897233432010571
499.0,360.73375991243375,332.0848784729561,23.10738646162056,1.5611188245437554e-07,-28.648881439477623,-0.079418353986142
500.0,361.01616000000007,332.1847124928663,23.11433318948932,1.561871402650557e-07,-28.83144750713375,-0.07986193057710697
501.0,361.29727750743905,332.28399181953677,23.12124132026472,1.5626205898849314e-07,-29.0132856879023,-0.08030308417506667
502.0,361.5771205474447,332.38272046986475,23.128111133453604,1.563366409219827e-07,-29.19440007757992,-0.08074183464202114
503.0,361.8556971684276,332.48090242528485,23.134942906095233,1.5641088834202028e-07,-29.37479474314271,-0.08117820162292502
504.0,362.1330153551133,332.5785416321397,23.141736912787064,1.5648480350453522e-07,-29.554473722973558,-0.08161220454862968
505.0,362.40908302913425,332.67564200203424,23.14849342570941,1.5655838864512533e-07,-29.733441027100035,-0.0820438626388118
506.0,362.68390804961535,332.77220741220026,23.155212714650816,1.566316459792819e-07,-29.911700637415127,-0.08247319490481278
507.0,362.9574982137536,332.8682417058404,23.16189504703197,1.5670457770261936e-07,-30.08925650791319,-0.08290022015247904
508.0,363.2298612573918,332.9637486924824,23.168540687930378,1.5677718599109524e-07,-30.266112564909402,-0.08332495698491661
509.0,363.5010048555864,333.0587321483225,23.175149900104234,1.568494730012303e-07,-30.442272707263896,-0.08374742380521936
510.0,363.77093662316906,333.1531958165628,23.181722944015924,1.569214408703267e-07,-30.617740806606257,-0.0841676388191595
511.0,364.0396641153031,333.2471434077517,23.18826007785569,1.5699309171668013e-07,-30.79252070755135,-0.08458562003781646
512.0,364.30719482803346,333.340578600113,23.194761557564544,1.570644276397924e-07,-30.96661622792041,-0.08500138528018314
513.0,364.5735361988317,333.43350503987836,23.201227636857386,1.5713545072057802e-07,-31.14003115895329,-0.08541495217571166
514.0,364.83869560713475,333.52592634160817,23.207658567245357,1.5720616302157165e-07,-31.312769265526562,-0.08582633816683949
515.0,365.1026803748787,333.6178460885158,23.21405459805837,1.5727656658712946e-07,-31.48483428636282,-0.08623556051145652
516.0,365.3654977670264,333.7092678327847,23.220415976467198,1.573466634436296e-07,-31.656229934241708,-0.08664263628534284
517.0,365.6271549920904,333.80019509588095,23.22674294750522,1.5741645559967005e-07,-31.826959896209477,-0.08704758238456874
518.0,365.8876592026501,333.89063136886455,23.23303575409006,1.5748594504626345e-07,-31.99702783378555,-0.08745041552785389
519.0,366.14701749586345,333.9805801126971,23.239294637045024,1.5755513375702896e-07,-32.16643738316636,-0.08785115225888672
520.0,366.4052369139736,334.0700447585436,23.245519835120085,1.5762402368838263e-07,-32.33519215543006,-0.08824980894861464
521.0,366.6623244448105,334.1590287080722,23.251711585012742,1.5769261677972495e-07,-32.503295736738345,-0.08864640179749554
522.0,366.91828702228696,334.24753533375196,23.25787012138875,1.5776091495362515e-07,-32.67075168853501,-0.08904094683770983
523.0,367.1731315268902,334.33556797914645,23.263995676902518,1.5782892011600365e-07,-32.83756354774372,-0.08943345993534073
524.0,367.42686478616747,334.4231299591999,23.270088482217062,1.5789663415631363e-07,-33.00373482696756,-0.08982395679253023
525.0,367.6794935752079,334.51022456052794,23.276148766024207,1.5796405894771705e-07,-33.169269014679976,-0.09021245294958308
526.0,367.93102461711817,334.59685504169784,23.2821767550641,1.5803119634726148e-07,-33.33416957542032,-0.09059896378705498
527.0,368.18146458349435,334.6830246335103,23.288172674144807,1.5809804819605272e-07,-33.49843994998405,-0.09098350452779908
528.0,368.4308200948883,334.7687365392751,23.294136746161506,1.5816461631942626e-07,-33.662083555613236,-0.09136609023898615
529.0,368.6790977212695,334.85399393508425,23.300069192115483,1.5823090252711652e-07,-33.82510378618526,-0.0917467358340935
530.0,368.92630398248224,334.93879997008617,23.305970231133212,1.5829690861342178e-07,-33.98750401239607,-0.09212545607485312
531.0,369.172445348698,335.0231577667488,23.31184008048467,1.5836263635737099e-07,-34.14928758194918,-0.09250226557318986
532.0,369.41752824086336,335.10707042112625,23.31767895560189,1.5842808752288516e-07,-34.310457819737096,-0.09287717879311452
533.0,369.66155903114344,335.1905410031208,23.32348707009718,1.5849326385893772e-07,-34.4710180280226,-0.09325021005259154
534.0,369.9045440433604,335.27357255674,23.32926463578102,1.5855816709971352e-07,-34.63097148662037,-0.09362137352538419
535.0,370.1464895534279,335.35616810035475,23.335011862680027,1.5862279896476408e-07,-34.79032145307315,-0.09399068324286086
536.0,370.38740178978134,335.438330626949,23.340728959054324,1.5868716115916374e-07,-34.94907116283232,-0.09435815309579067
537.0,370.62728693380285,335.52006310437315,23.346416131415165,1.5875125537366018e-07,-35.107223829429714,-0.09472379683609254
538.0,370.86615112024293,335.6013684755891,23.352073584542005,1.5881508328482626e-07,-35.26478264465383,-0.09508762807857385
539.0,371.1040004376374,335.68224965891574,23.357701521499553,1.588786465552081e-07,-35.42175077872167,-0.09544966030263574
540.0,371.34084092872024,335.7627095482703,23.363300143654605,1.5894194683347215e-07,-35.57813138044991,-0.09580990685395474
541.0,371.5766785908319,335.8427510134067,23.36886965069258,1.590049857545504e-07,-35.733927577425185,-0.09616838094614173
542.0,371.81151937632393,335.9223769001543,23.374410240634184,1.5906776493978234e-07,-35.88914247616964,-0.09652509566236686
543.0,372.04536919295964,336.00159003064925,23.379922109851474,1.5913028599705765e-07,-36.04377916231041,-0.09688006395697527
544.0,372.27823390431007,336.0803932035672,23.385405453084054,1.5919255052095504e-07,-36.19784070074283,-0.09723329865706593
545.0,372.5101193301463,336.15878919435147,23.390860463454967,1.5925456009288015e-07,-36.351330135794875,-0.09758481246405445
546.0,372.7410312468284,336.2367807554376,23.396287332486313,1.5931631628120263e-07,-36.50425049139078,-0.09793461795521442
547.0,372.9709753876894,336.31437061648046,23.401686250115034,1.5937782064138904e-07,-36.65660477120893,-0.09828272758518479
548.0,373.199957443416,336.39156148457334,23.4070574047082,1.5943907471613621e-07,-36.808395958842645,-0.09862915368746653
549.0,373.42798306242577,336.46835604446517,23.412400983078076,1.5950008003550367e-07,-36.95962701796058,-0.0989739084759003
550.0,373.65505785123975,336.54475695877915,23.417717170497365,1.5956083811704167e-07,-37.11030089246055,-0.09931700404610869
551.0,373.8811873748518,336.6207668682272,23.423006150714123,1.596213504659191e-07,-37.2604205066246,-0.09965845237692435
552.0,374.1063771570947,336.6963883918185,23.428268105966275,1.5968161857505133e-07,-37.40998876527622,-0.099998265331807
553.0,374.33063268100125,336.7716241270707,23.433503216996296,1.5974164392522397e-07,-37.55900855393056,-0.10033645466022485
554.0,374.5539593891634,336.8464766502177,23.438711663065686,1.5980142798521603e-07,-37.707482738945686,-0.10067303199902214
555.0,374.7763626840866,336.9209485164124,23.443893621969057,1.5986097221192268e-07,-37.855414167674255,-0.10100800887377209
556.0,374.9978479285409,336.9950422599304,23.449049270048345,1.5992027805047458e-07,-38.00280566861046,-0.10134139670010113
557.0,375.218420445909,337.06876039437,23.454178782206675,1.5997934693435756e-07,-38.149660051538994,-0.1016732067850027
558.0,375.4380855205301,337.1421054128495,23.45928233192214,1.6003818028552987e-07,-38.29598010768057,-0.10200345032812722
559.0,375.6568483980413,337.21507978820415,23.464360091261465,1.6009677951453805e-07,-38.44176860983715,-0.10233213842305554
560.0,375.8747142857143,337.2876859731803,23.469412230893546,1.6015514602063118e-07,-38.587028312533995,-0.10265928205854989
561.0,376.0916883527901,337.3599264006244,23.47443892010258,1.602132811918755e-07,-38.731761952165684,-0.10298489211980041
562.0,376.3077757308092,337.43180348367645,23.47944032680154,1.6027118640526443e-07,-38.875972247132744,-0.10330897938963284
563.0,376.5229815139399,337.5033196159539,23.484416617544962,1.6032886302683095e-07,-39.01966189798599,-0.10363155454972242
564.0,376.7373107593016,337.57447717174,23.489367957542058,1.6038631241175533e-07,-39.16283358756158,-0.10395262818176991
565.0,376.9507684872863,337.6452785061648,23.494294510669306,1.6044353590447426e-07,-39.3054899811215,-0.10427221076867808
566.0,377.16335968187684,337.7157259553889,23.499196439483235,1.605005348387866e-07,-39.44763372648793,-0.1045903126956991
567.0,377.37508929096094,337.785821836781,23.50407390523278,1.6055731053795948e-07,-39.589267454179975,-0.10490694425157499
568.0,377.58596222664295,337.8555684490974,23.508927067871788,1.6061386431483153e-07,-39.730393777545544,-0.10522211562965282
569.0,377.7959833655529,337.92496807265655,23.513756086071133,1.6067019747191657e-07,-39.87101529289631,-0.10553583692899504
570.0,378.0051575491514,337.99402296951314,23.518561117230846,1.6072631130150492e-07,-40.01113457963831,-0.10584811815546649
571.0,378.21348958403274,338.06273538362905,23.523342317492023,1.6078220708576442e-07,-40.15075420040369,-0.10615896922281207
572.0,378.42098424222365,338.1311075410456,23.528099841748784,1.608378860968386e-07,-40.28987670117804,-0.106468399953711
573.0,378.6276462614807,338.19914165004957,23.532833843659848,1.6089334959694605e-07,-40.42850461143116,-0.10677642008082838
574.0,378.8334803455835,338.2668399013409,23.53754447566019,1.609485988384767e-07,-40.566640444242594,-0.10708303924784172
575.0,379.0384911646256,338.3342044681986,23.542231888972587,1.610036350640871e-07,-40.704286696427026,-0.10738826701045559
576.0,379.2426833553027,338.40123750663963,23.546896233618682,1.6105845950679708e-07,-40.84144584866305,-0.10769211283741432
577.0,379.4460615211971,338.46794115558515,23.551537658430533,1.6111307339008085e-07,-40.97812036561197,-0.10799458611147766
578.0,379.64863023306117,338.53431753701574,23.55615631106143,1.6116747792796185e-07,-41.11431269604546,-0.10829569613040863
579.0,379.8503940290958,338.6003687561326,23.560752337997112,1.612216743251021e-07,-41.2500252729632,-0.10859545210792523
580.0,380.0513574152282,338.6660969015105,23.565325884566402,1.6127566377689459e-07,-41.38526051371769,-0.10889386317466006
581.0,380.25152486538536,338.73150404525484,23.569877094952133,1.61329447469551e-07,-41.52002082013056,-0.10919093837908804
582.0,380.4509008217661,338.7965922431536,23.574406112201743,1.6138302658019057e-07,-41.65430857861246,-0.10948668668845313
583.0,380.6494896951097,338.861363534827,23.578913078237644,1.6143640227692826e-07,-41.78812616028274,-0.109781116989685
584.0,380.8472958649622,338.92581994387984,23.583398133867885,1.6148957571895933e-07,-41.92147592108231,-0.11007423809028828
585.0,381.04432367994013,338.98996347804757,23.587861418796255,1.6154254805664605e-07,-42.05436020189257,-0.11036605871923791
586.0,381.2405774579917,339.05379612934274,23.59230307163251,1.6159532043160173e-07,-42.186781328649,-0.11065658752785174
587.0,381.43606148665503,339.11731987420194,23.596723229902594,1.6164789397677299e-07,-42.31874161245309,-0.11094583309064934
588.0,381.63078002331486,339.18053667362653,23.60112203005841,1.6170026981652382e-07,-42.45024334968832,-0.11123380390621249
589.0,381.8247372954556,339.24344847332554,23.605499607487786,1.6175244906671612e-07,-42.58128882213,-0.11152050839802097
590.0,382.01793750091304,339.3060572038569,23.6098560965243,1.6180443283479032e-07,-42.71188029705616,-0.11180595491528215
591.0,382.21038480812246,339.368364780766,23.614191630456908,1.6185622221984446e-07,-42.84202002735641,-0.11209015173374737
592.0,382.40208335636584,339.4303731047216,23.618506341539412,1.619078183127145e-07,-42.97171025164426,-0.11237310705652805
593.0,382.5930372560151,339.49208406165445,23.622800361000102,1.6195922219605024e-07,-43.10095319436067,-0.11265482901488176
594.0,382.78325058877425,339.5534995228901,23.627073819051,1.6201043494439342e-07,-43.229751065884145,-0.11293532566900649
595.0,382.9727274079182,339.61462134528176,23.631326844897092,1.6206145762425386e-07,-43.35810606263651,-0.11321460500881621
596.0,383.16147173853045,339.6754513713443,23.635559566745677,1.621122912941837e-07,-43.486020367186185,-0.11349267495470176
597.0,383.34948757773736,339.7359914293822,23.639772111815248,1.6216293700485287e-07,-43.6134961483552,-0.11376954335829408
598.0,383.53677889494105,339.79624333362034,23.643964606344603,1.6221339579912207e-07,-43.740535561320726,-0.11404521800320536
599.0,383.7233496320492,339.8562088843305,23.648137175601644,1.6226366871211565e-07,-43.86714074771864,-0.11431970660576865
600.0,383.9092037037037,339.9158898679597,23.652289943892303,1.623137567712931e-07,-43.99331383574402,-0.11459301681576121
