T_K,alpha_obs_1e-8_per_K,alpha_pred_1e-8_per_K,sigma_fit_1e-8_per_K,z,alpha_contrib_D_1e-8_per_K,alpha_contrib_E1_1e-8_per_K,alpha_contrib_E2_1e-8_per_K,alpha_contrib_E3_1e-8_per_K
13.0,0.10555386774141658,0.22582830113461252,0.03,4.0091477797731985,0.22866725158992554,-0.002838950455312914,-8.545089496030409e-17,7.215307448026795e-18
14.0,0.13309041480754097,0.2775806317738833,0.03,4.816340565544745,0.285599880911585,-0.00801924913769912,-2.8786649663666278e-15,3.001554696098292e-16
15.0,0.14906469638765094,0.33173916678268167,0.03,6.089149013167691,0.35127536373049895,-0.01953619694776473,-6.009837086814296e-14,7.52348680858232e-15
16.0,0.11030769097369961,0.3840915343148121,0.03,9.126128111370418,0.4263181895817704,-0.04222665526623227,-8.510469566080779e-13,1.250219150099467e-13
17.0,0.04474672330195559,0.4286049865344084,0.03,12.795275441081762,0.5113528479973712,-0.08274786145568609,-8.758434222839759e-12,1.4817044671928236e-12
18.0,-0.045386038282090646,0.4575094759470451,0.03,16.76318380763786,0.6070038284897329,-0.14949435248682952,-6.911340068821748e-11,1.3255267171010188e-11
19.0,-0.17180920211933742,0.46159675323910804,0.03,21.113531845281514,0.713895620474184,-0.2522988668924457,-4.3623616277798547e-10,9.360587066714065e-11
20.0,-0.3406056923499412,0.4306829317530248,0.03,25.709620803432202,0.8326527129681468,-0.40196977947779644,-2.2781289830093537e-09,5.408033978496267e-10
21.0,-0.5572548031493234,0.35416200237707957,0.03,30.380560184213437,0.9638995936064295,-0.6097375837448252,-1.0115764799040593e-08,2.6312401528905377e-09
22.0,-0.8269343037943666,0.22157720318077798,0.03,34.95038356583815,1.1082607458540972,-0.8866835146569806,-3.905547837325465e-08,1.103913991741155e-08
23.0,-1.1544019759301651,0.023149565372403872,0.03,39.25171804341897,1.2663606420478264,-1.2432109838519307,-1.335463725183505e-07,4.0722880630708966e-08
24.0,-1.5438820451316158,-0.2497785808745138,0.03,43.136782141903396,1.4388237278137506,-1.6886020322534883,-4.1068832671065863e-07,1.342535505070165e-07
25.0,-1.9989624023433001,-0.6044082745138163,0.03,46.48513759431613,1.6262743903302774,-2.23068191524688,-1.1505728801157476e-06,4.0097566671389163e-07
26.0,-2.522504697236022,-1.0462635075235243,0.03,49.20803965708326,1.8293368988328775,-2.8755985352139994,-2.968682409672909e-06,1.0975400072043086e-06
27.0,-3.116569133524793,-1.579080224373075,0.03,51.249630305057266,2.048635300926461,-3.6277111855517106,-7.120052079770155e-06,2.78030425448555e-06
28.0,-3.7823555521281924,-2.204791315784945,0.03,52.58547454477491,2.284793253147731,-4.489575142336728,-1.5999864666321762e-05,6.573268718400793e-06
29.0,-4.520162148372184,-2.9235900277055884,0.03,53.219070688886525,2.5384337594497706,-5.462004478536311,-3.3917901022363085e-05,1.46092819751004e-05
30.0,-5.329362933914205,-3.7340529500066566,0.03,53.17699946358494,2.810178787581292,-6.544194220756095,-6.823212146047928e-05,3.071528960659484e-05
31.0,-6.208404819558521,-4.633304500107974,0.03,52.50334398168494,3.1006487313662605,-7.733883726375246,-0.00013092727557080747,6.142217658289588e-05
32.0,-7.154824948830197,-5.617206792281873,0.03,51.253938551610794,3.4104616871514173,-9.027545147227082,-0.00024071633543133974,0.00011738412922251158
33.0,-8.165288610226703,-6.680561371046125,0.03,49.490907972685925,3.740232515428176,-10.420583450876176,-0.000425725359156113,0.00021528976103052616
34.0,-9.235647568070469,-7.817312048014409,0.03,47.27785066853533,4.090571663822609,-11.907537251519075,-0.0007267969585604133,0.000380336640618028
35.0,-10.361017643945683,-9.020740729197282,0.03,44.675897158280044,4.462083734992463,-13.482272370833902,-0.0012014157564265993,0.000649322400582551
36.0,-11.53587213840112,-10.283650487568623,0.03,41.74072169441658,4.855365791972673,-15.13816243612521,-0.0019282237052202285,0.0010743802891337183
37.0,-12.754143016313504,-11.598532145056899,0.03,38.520362375220174,5.271005403535674,-16.868252848324907,-0.0030120568815041092,0.001727356613837567
38.0,-14.009313478001564,-12.95771225987409,0.03,35.05337393758247,5.70957844248804,-18.665406095343677,-0.004589401313632267,0.0027047942951811247
39.0,-15.29447420902185,-14.35348168730212,0.03,31.366417390657652,6.1716466598394115,-20.522427664207804,-0.0068341361256269596,0.004133453191900432
40.0,-16.602307452314196,-15.778204833352836,0.03,27.47008729871194,6.657755066861518,-22.432172756850115,-0.009963409773770377,0.006176266409530525
41.0,-17.92497397171395,-17.224410398822492,0.03,23.35211909638183,7.168429164730678,-24.38763468745438,-0.014243480683305795,0.009038604584515187
42.0,-19.25393178381967,-18.684864865494323,0.03,18.96889727751166,7.70417206738721,-26.382016283994535,-0.019995347690355703,0.012974698803360387
43.0,-20.57982681768017,-20.152630253048578,0.03,14.239885487719743,8.26546156726543,-28.40878588056782,-0.027599998208158366,0.018294058461971924
44.0,-21.892734715054942,-21.621107815824423,0.03,9.054229974350626,8.852747195599056,-30.461719612676333,-0.03750311225111211,0.025367713503963416
45.0,-23.183094549565123,-23.084069387970715,0.03,3.300838719813545,9.46644732916072,-32.534931750966045,-0.0502190772288164,0.034634111063427675
46.0,-24.44350210782511,-24.53567805250161,0.03,-3.0725314892166646,10.10694639371262,-34.62289475993019,-0.0663341903622108,0.04660450407817528
47.0,-25.671034412641923,-25.97049972732655,0.03,-9.982177156154279,10.774592211359712,-36.720450670611896,-0.08650895114921063,0.061867683074840994
48.0,-26.86911408359548,-27.383507147344215,0.03,-17.146435458291133,11.469693534676946,-38.82281522898043,-0.11147937399341573,0.08109392095268579
49.0,-28.047550735151788,-28.77007758974787,0.03,-24.08422848653612,12.192517805222256,-40.925576138457245,-0.14205727948112148,0.10503802296824322
50.0,-29.219839113498725,-30.125985549838823,0.5,-1.8122928726801955,12.943289168131669,-43.02468656634949,-0.17912955059239283,0.13454139897138795
51.0,-30.398143944106238,-31.447391434081723,0.5,-2.0984949799509764,13.722186768203445,-45.116454937001706,-0.22365636631652358,0.1705331010330593
52.0,-31.58798387619161,-32.73082720086767,0.5,-2.285686649352125,14.529343346454487,-47.19753189423558,-0.27666844889730374,0.21402979581072282
53.0,-32.785282943173925,-33.973179750754205,0.5,-2.3757936151605636,15.364844149800874,-49.26489518522145,-0.3392633816776687,0.2661346663440344
54.0,-33.97744650673043,-35.17167274885022,0.5,-2.3884524842395836,16.228726160439745,-51.315833099064946,-0.4126010718833202,0.3280352616582959
55.0,-35.147901529178526,-36.323847453556766,0.5,-2.3518918487564746,17.12097764584776,-53.34792698685033,-0.49789844651275167,0.4010003339585606
56.0,-36.28160563772687,-37.42754302845888,0.5,-2.2918747814640135,18.041538025154555,-55.359033295713054,-0.5964234797845549,0.48637572188417993
57.0,-37.3687325204642,-38.48087672768195,0.5,-2.224288414435506,18.99029804307755,-57.34726546728698,-0.7094886574642061,0.5855793539916845
58.0,-38.40518380186532,-39.4822242690692,0.5,-2.1540809344077636,19.967100238653202,-59.310975979858,-0.8384439870868579,0.7000954592224582
59.0,-39.39057708632551,-40.430200643473356,0.5,-2.0792471142956908,20.971739692688715,-61.2487387528413,-0.9846696639183105,0.8314680805975385
60.0,-40.325512945819106,-41.32364155153973,0.5,-1.9962572114412434,22.00396503517817,-63.15933208078582,-1.1495685008084093,0.9812939948763365
61.0,-41.20970843881951,-42.161585610782,0.5,-1.9037543439249658,23.06347969185756,-65.04172222098218,-1.3345582262685296,1.1512151446111514
62.0,-42.04154377632751,-42.94325743468805,0.5,-1.8034273167210866,24.149943347578294,-66.89504772291093,-1.5410637495313284,1.3429106901759136
63.0,-42.81861843428044,-43.66805165123397,0.5,-1.6988664339070536,25.26297360321092,-68.71860455827971,-1.7705094844007754,1.5580887882355938
64.0,-43.538579731641384,-44.33551789975117,0.5,-1.5938763362195665,26.40214780230044,-70.51183208638865,-2.024311815726185,1.7984782000632182
65.0,-44.19969727735163,-44.9453468218512,0.5,-1.4912990889991347,27.567005003629063,-72.27429987024362,-2.303871783659737,2.065819828423097
66.0,-44.80103857773052,-45.4973570433976,0.5,-1.3926369313341551,28.757048076137924,-74.00569534349826,-2.6105680517722183,2.361858275734956
67.0,-45.34235992474759,-45.99148312969629,0.5,-1.2982464098974045,29.971745893271994,-75.70581231632245,-2.945750215859781,2.6883335092139435
68.0,-45.82389059404059,-46.427764484606584,0.5,-1.2077477811319808,31.21053560467606,-77.37454029911675,-3.3107325010906967,3.046972710924789
69.0,-46.24613360616911,-46.80633515564293,0.5,-1.1204030989476361,32.47282496424594,-79.01185461614345,-3.7067878861942285,3.4394823824488157
70.0,-46.60972930414598,-47.127414500904614,0.5,-1.0353703935172678,33.75799469477295,-80.61780727621523,-4.1351426848278185,3.8675407653654785
71.0,-46.91537870663838,-47.39129866943945,0.5,-0.9518399256021437,35.06540087077043,-82.19251856421768,-4.596971606184751,4.332790630192555
72.0,-47.163806689398015,-47.59835284406829,0.5,-0.8690923093405519,36.39437730250695,-83.7361693151481,-5.093393309405373,4.836832477978223
73.0,-47.355746534351695,-47.74900419447646,0.5,-0.7865153202495373,37.744237905747866,-85.24899383127176,-5.625466459485714,5.381218190533152
74.0,-47.49193419122941,-47.84373548824726,0.5,-0.7036025940356941,39.11427904320597,-86.73127340272309,-6.194186286173163,5.967445157443018
75.0,-47.57310637523066,-47.88307930824813,0.5,-0.6199458660349408,40.50378182519483,-88.18333039222975,-6.80048164181269,6.596950900599493
76.0,-47.60000000070899,-47.86761282619602,0.5,-0.5352256509740732,41.912014358438825,-89.60552284547089,-7.445212549258637,7.271108210094679
77.0,-47.57335202910934,-47.79795308414863,0.5,-0.44920211007858907,43.33823393341979,-90.99823958977328,-8.129168226780855,7.991220798985711
78.0,-47.49389943201553,-47.67475273797037,0.5,-0.3617066119096776,44.78168914199881,-92.3618957853026,-8.853065573345868,8.758519478679275
79.0,-47.362379183002,-47.49869621937696,0.5,-0.27263407274992707,46.241621918351406,-93.69692889454095,-9.617548094710429,9.574158851523013
80.0,-47.17952825599982,-47.27049627588889,0.5,-0.1819360397781343,47.7172694974713,-95.00379503759308,-10.423185248388632,10.439214512621527
81.0,-46.94608362499685,-46.99089085082852,0.5,-0.08961445166334027,49.207866286640936,-96.28296570267618,-11.270472183700953,11.354680748907679
82.0,-46.66278226398362,-46.660640268330724,0.5,0.004283991305796848,50.712645646321555,-97.5349247829878,-12.15982985174178,12.3214687200773
83.0,-46.33036114693441,-46.28052469114097,0.5,0.09967291158687754,52.23084157788665,-98.76016591297439,-13.09160545916294,13.340405103109719
84.0,-45.94955724778184,-45.85134182171204,0.5,0.1964308521395957,53.76169031650898,-99.95919007881933,-14.066073239120389,14.412231179718697
85.0,-45.521107540370274,-45.37390481975567,0.5,0.2944054412291951,55.30443182831165,-101.13250347971545,-15.083435512525087,15.537602344173212
86.0,-45.04574899837457,-44.84904041192325,0.5,0.39341717290264866,56.85831121161479,-102.28061561816541,-16.14382401283228,16.717088007459655
87.0,-44.5242185951673,-44.27758717168359,0.5,0.49326284696740874,58.42258000274843,-103.40403759916298,-17.247301447957017,17.951171872687954
88.0,-43.95725330361309,-43.66039394970436,0.5,0.5937187078174707,59.996497387468644,-104.503280619632,-18.393863273477212,19.240252555936213
89.0,-43.34559009576302,-42.998318437138664,0.5,0.6945433172487085,61.579331319506394,-105.57885463094532,-19.583439652044703,20.58464452634496
90.0,-42.689965942416706,-42.29222584615722,0.5,0.7954801925189644,63.17035954820486,-106.63126715870287,-20.815897574834576,21.98457933917537
91.0,-41.99111781251263,-41.54298769384955,0.5,0.8962602373261597,64.76887055756686,-107.66102226522221,-22.09104312189531,23.440207135701115
92.0,-41.24978267230061,-40.75148067725895,0.5,0.9966039900833258,66.3741644193364,-108.66861964138444,-23.408623839388053,24.951598384177156
93.0,-40.46669748424253,-39.91858562880457,0.5,1.0962237108759243,67.98555356299144,-109.65455381558743,-24.76833121289872,26.518745836690147
94.0,-39.642599205578875,-39.04518654269662,0.5,1.1948253257645147,69.60236346572879,-110.61931346858776,-26.169803217250738,28.141566677413103
95.0,-38.77822478649051,-38.13216966416912,0.5,1.2921102446427881,71.2239332656797,-111.56338084396798,-27.61262692451749,29.819904838636635
96.0,-37.87431116777472,-37.180422634455766,0.5,1.3877770666379057,72.84961630171011,-112.48723124485035,-29.096341153218624,31.553533461903083
97.0,-36.93159527794545,-36.19083368540426,0.5,1.4815231850823771,74.47878058324623,-113.39133260829259,-30.6204391429658,33.3421574826079
98.0,-35.95081402965632,-35.164290878504445,0.5,1.5730463023037478,76.11080919360812,-114.27614514955516,-32.184371240090584,35.18541631753318
99.0,-34.93270431533442,-34.10168138386514,0.5,1.6620458629385575,77.74510063036311,-115.14212106912086,-33.787547581029614,37.08288663592223
100.0,-33.87800300190036,-33.003890795362835,0.5,1.7482244130750555,79.38106908619626,-115.9897043159858,-35.42934076145077,39.034085195877466
101.0,-32.78744692443848,-31.871802478769744,0.5,1.8312888913374636,81.01814467377584,-116.81933040132391,-37.10908848027198,41.0384717290503
102.0,-31.661772878667538,-30.70629695018978,0.5,1.9109518569555186,82.6557735980419,-117.63142625716549,-38.82609614884658,43.09545185778038
103.0,-30.501717612048825,-29.508251282575248,0.5,1.9869326589471532,84.29341827928539,-118.42641013521968,-40.57963945666086,45.204380030019905
104.0,-29.308017813354557,-28.27853853848562,0.5,2.0589585497378784,85.9305574303049,-119.20469154142258,-42.36896688590791,47.36456245853997
105.0,-28.081410100504645,-27.018027227569956,0.5,2.1267657458693754,87.5666860908467,-119.9666712022025,-44.1933021682643,49.57526005205016
106.0,-26.822631006464476,-25.727580787540248,0.5,2.1901004378484594,89.20131562242933,-120.71274105883171,-46.05184667810276,51.835691326964884
107.0,-25.53241696298056,-24.408057087628844,0.5,2.2487197507034273,90.8339736665552,-121.44328428657609,-47.943781757221934,54.14503528961398
108.0,-24.211504281914227,-23.06030795372242,0.5,2.3023926563836166,92.46420406919381,-122.15867533566811,-49.868270966966605,56.50243427971849
109.0,-22.86062913391679,-21.685178714517903,0.5,2.350900838797781,94.09156677431274,-122.8592799914143,-51.82446226434583,58.90699676692948
110.0,-21.48052752417128,-20.283507768179582,0.5,2.3940395119833924,95.71563768910782,-123.54545545100923,-53.81149009943614,61.35780009315796
111.0,-20.07193526490828,-18.856126169072834,0.5,2.4316181916708937,97.33600852346754,-124.21755041486486,-55.82847743198225,63.85389315430674
112.0,-18.635587944384035,-17.403857234234096,0.5,2.463461420299879,98.95228660608228,-124.87590519047961,-57.874537665680876,66.39429901584411
113.0,-17.172220891989664,-15.927516169291488,0.5,2.489409445396353,100.56409467949,-125.52085180707023,-59.94877649915537,68.97801745744411
114.0,-15.682569139140362,-14.427909713596671,0.5,2.509318851087383,102.17107067622747,-126.15271413936534,-62.0502936931046,71.6040274426458
115.0,-14.167367375572635,-12.905835804353654,0.5,2.5230631424379633,103.7728674781374,-126.77180803912361,-64.17818475353637,74.27128951016893
116.0,-12.62734990065664,-11.362083259551278,0.5,2.5305332822107216,105.36915266076544,-127.37844147308778,-66.33154253138322,76.97874808415428
117.0,-11.063250569308558,-9.797431479506498,0.5,2.5316381796041183,106.95960822466638,-127.97291466621718,-68.50945873914023,79.72533370118454
118.0,-9.475802732065834,-8.212650166833697,0.5,2.526305130464274,108.54393031532456,-128.555520249166,-70.71102538547186,82.50996515247961
119.0,-7.865739168864852,-6.608499064637875,0.5,2.5144802084539553,110.1218289332905,-129.12654340908196,-72.93533612900308,85.33155154015665
120.0,-6.233792016037186,-4.985727712725195,0.5,2.4961286066239814,111.69302763602558,-129.68626204290226,-75.18148755274643,88.18899424689792
121.0,-4.580692686016328,-3.3450752216059416,0.5,2.4712349288207736,113.25726323284667,-130.23494691241268,-77.4485803608197,91.0811888187798
122.0,-2.907171779221993,-1.6872700640432259,0.5,2.4398034303575344,114.81428547426981,-130.77286180041838,-79.7357204992857,94.00702676139105
123.0,-1.2139589875638004,-0.01302988388474434,0.5,2.401858207358112,116.36385673695206,-131.30026366744895,-82.04202020309192,96.96539724970405
124.0,0.49821701101987226,1.676938678107291,0.5,2.3574433341748375,117.90575170534501,-131.81740280848715,-84.36659897121294,99.95518875246236
125.0,2.2286286675985836,3.381940141738138,0.5,2.3066229482791085,119.43975705108922,-132.32452300927196,-86.70858447219823,102.97529057211909
126.0,3.976549687500006,5.101290328502227,0.5,2.2494812820044423,120.96567111109522,-132.8218617017803,-89.0671133824081,106.02459430159541
127.0,5.74125516643895,6.834316486697457,0.5,2.1861226405170124,122.48330356518214,-133.3096501185423,-91.44133215928207,109.10199519933965
128.0,7.522021738219502,8.58035740089823,0.5,2.1166713253574545,123.99247511406804,-133.78811344548873,-93.83039775202832,112.20639348434727
129.0,9.318127734732666,10.33876348618293,0.5,2.04127150290053,125.49301715844318,-134.25747097307,-96.23347825215001,115.33669555295977
130.0,11.128853359002111,12.108896867519368,0.5,1.9600870170345124,126.98477147978605,-134.71793624542104,-98.64975348624044,118.4918151193948
131.0,12.953480872060279,13.890131444730915,0.5,1.873301145341274,128.46758992352252,-135.16971720738104,-101.07841555348104,121.67067428207046
132.0,14.791294794467797,15.681852943485243,0.5,1.7811162980348898,129.94133408507454,-135.61301634920358,-103.518669310266,124.87220451788028
133.0,16.64158212332076,17.483458952750627,0.5,1.6837536588597364,131.40587499928216,-136.04803084882127,-105.96973280436023,128.09534760664997
134.0,18.503632565621775,19.294358949182982,0.5,1.5814527671224103,132.86109283363996,-136.4749527115506,-108.43083766096964,131.33905648806328
135.0,20.376738788923472,21.113974308913225,0.5,1.4744710399795076,134.30687658573663,-136.89396890714542,-110.901229423067,134.602296053389
136.0,22.26019669018624,22.94173830720871,0.5,1.3630832340449326,135.74312378524078,-137.3052615041243,-113.38016784827616,137.8840438743684
137.0,24.15330568382514,24.77709610649471,0.5,1.2475808453391435,137.1697402007409,-137.70900780131618,-115.86692716456952,141.18329087163949
138.0,26.055369009955758,26.61950473321532,0.5,1.1282714465191213,138.5866395516994,-138.10538045658132,-118.36079628698332,144.49904192508058
139.0,27.965694063883117,28.46843304402671,0.5,1.0054779602871873,139.9937432257544,-138.49454761267907,-120.8610789974965,147.8303164284479
140.0,29.883592747913255,30.323361681802087,0.5,0.8795378677776694,141.39098000155857,-138.87667302026622,-123.36709409016284,151.17614879067258
141.0,31.808381846603222,32.18378302194337,0.5,0.7508023506802914,142.77828577732757,-139.25191615801864,-125.87817548352278,154.53558888615723
142.0,33.73938342660163,34.04920110947195,0.5,0.6196353657406565,144.15560330522464,-139.62043234987917,-128.39367230225642,157.9077024563829
143.0,35.67592526226912,35.919131587388435,0.5,0.48641265023862956,145.52288193169974,-139.98237287944303,-130.91294892997547,161.29157146510718
144.0,37.61734128830585,37.79310161676607,0.5,0.3515206569204388,146.8800773438615,-140.3378851014978,-133.43538503498397,164.68629440938633
145.0,39.562972080651484,39.67064978904949,0.5,0.21535541679602052,148.22715132194813,-140.68711255074297,-135.96037557077165,168.09098658861598
146.0,41.512165366962165,41.55132603102094,0.5,0.07832132811754915,149.56407149794083,-141.0301950477178,-138.4873307529334,171.5047803337313
147.0,43.464276568008046,43.4346915028793,0.5,-0.059170130257489614,150.89081112033864,-141.3672688019722,-141.01567601414513,174.92682519865798
148.0,45.418669371375756,45.320318489883604,0.5,-0.19670176298430478,152.20734882510794,-141.69846651251805,-143.54485193875433,178.35628811604803
149.0,47.37471633890064,47.20779028798516,0.5,-0.33385210183094743,153.51366841279133,-142.02391746560332,-146.0743141784806,181.79235351927773
150.0,49.33179954929422,49.09670108387693,0.5,-0.47019693083458053,154.80975863175675,-142.34374762985308,-148.60353335065378,185.23422343262703
151.0,51.28931127747573,50.986655829870784,0.5,-0.605310895209889,156.09561296755103,-142.6580797488232,-151.1319949203532,188.68111753149617
152.0,53.24665471215816,52.87727011400081,0.5,-0.7387691963147033,157.37122943830875,-142.96703343101774,-153.65919906774724,192.13227317445705
153.0,55.203244713283254,54.76817002574372,0.5,-0.8701493750790769,158.63661039616096,-143.27072523741765,-156.1846605418712,195.58694540887163
154.0,57.15850861094442,56.658992017729126,0.5,-0.9990331864305942,159.89176233457468,-143.5692687665749,-158.70790850201993,199.04440695174927
155.0,59.11188704748257,58.549382763808254,0.5,-1.1250085673486367,161.1366957015519,-143.86277473732255,-161.22848634787235,202.50394814745124
156.0,61.06283486448858,60.43899901382828,0.5,-1.247671701320611,162.37142471860273,-144.1513510691554,-163.7459515394076,205.96487690378856
157.0,63.01082203649547,62.327507445450834,0.5,-1.3666291820892644,163.59596720540404,-144.43510296033438,-166.259875407617,209.42651860799816
158.0,64.95533465319981,64.21458451334635,0.5,-1.4815002797069277,164.81034441005608,-144.71413296376795,-168.7698429569613,212.88821602401953
159.0,66.89587595210833,66.09991629606624,0.5,-1.5919193120841728,166.0145808448262,-144.98854106072582,-171.27545266047002,216.3493291724359
160.0,68.83196740356846,67.98319834090579,0.5,-1.6975381253253279,167.20870412729104,-145.2584247324374,-173.77631624832972,219.80923519438184
161.0,70.76314985019738,69.86413550703098,0.5,-1.7980286863327888,168.39274482675705,-145.52387902962892,-176.27205849076086,223.26732820066368
162.0,72.68898470276429,71.74244180715975,0.5,-1.8930857912090753,169.56673631586293,-145.78499664005324,-178.76231697593136,226.72301910728143
163.0,74.60905519456449,73.61784024804464,0.5,-1.9824298930396926,170.73071462724198,-146.0418679540633,-181.2467418836146,230.17573545848057
164.0,76.52296769619488,75.49006267001684,0.5,-2.0658100523560927,171.88471831513755,-146.29458112828283,-183.7249957552559,233.624921238418
165.0,78.4303530922744,77.35884958582405,0.5,-2.143007012900729,173.02878832185246,-146.54322214742407,-186.19675326106486,237.0700366724605
166.0,80.33086822087914,79.22395001899339,0.5,-2.2138364037714995,174.1629678489236,-146.78787488430464,-188.66170096471956,240.510558019094
167.0,82.22419737500137,81.08512134192337,0.5,-2.278152066155995,175.28730223289372,-147.0286211581119,-191.11953708622323,243.94597735336478
168.0,84.11005386284715,82.94212911391962,0.5,-2.3358494978550755,176.4018388255765,-147.26554079096456,-193.5699712634212,247.37580234272886
169.0,85.98818161983992,84.79474691935846,0.5,-2.3868694009629325,177.5066268786914,-147.498711662819,-196.0127243126524,250.79955601613847
170.0,87.85835685941744,86.64275620615724,0.5,-2.431201306520394,178.6017174327504,-147.72820976476726,-198.4475279889729,254.216776527147
171.0,89.72038974190255,88.48594612473026,0.5,-2.468887234344563,179.68716321008904,-147.95410925077326,-200.87412474636122,257.6270169117757
172.0,91.57412603112664,90.32411336757865,0.5,-2.500025327095985,180.7630185119168,-148.17648248789143,-203.29226749828422,261.02984484183753
173.0,93.41944869805428,92.15706200967352,0.5,-2.524773376761495,181.82933911928274,-148.39540010501287,-205.7017193789721,264.42484237437577
174.0,95.25627942130959,93.98460334976959,0.5,-2.5433521430799844,182.88618219783868,-148.61093104018022,-208.10225350572728,267.8116056978384
175.0,97.08457992918034,95.80655575277261,0.5,-2.55604835281544,183.93360620628587,-148.823142586516,-210.493652742564,271.18974487556676
176.0,98.90435312991718,97.62274449329921,0.5,-2.563217273235955,184.97167080840603,-149.03210043680212,-212.87570946545264,274.55888358714793
177.0,100.71564399005533,99.43300160052365,0.5,-2.565284779063344,186.00043678855607,-149.23786872675305,-215.24822532941846,277.9186588681391
178.0,102.51854014485055,101.23716570443054,0.5,-2.5627488808400187,187.01996597053028,-149.44051007701984,-217.61101103772504,281.26872084864516
179.0,104.31317225665215,103.03508188356092,0.5,-2.5561807461824664,188.030321139679,-149.64008563396473,-219.96388611335004,284.6087324911967
180.0,106.09971416450213,104.8266015143493,0.5,-2.546225300305629,189.03156596818636,-149.83665510924038,-222.30667867294252,287.93836932834586
181.0,107.87838287057245,106.61158212212686,0.5,-2.533601496891165,190.02376494340368,-150.0302768182128,-224.63922520343397,291.2573192003699
182.0,109.64943835696987,108.38988723386683,0.5,-2.519102246206074,191.00698329913885,-150.2210077172601,-226.96137034145545,294.56528199344353
183.0,111.41318308730922,110.16138623274422,0.5,-2.5035937091299982,191.98128694980997,-150.4089034399832,-229.27296665570023,297.8619693786177
184.0,113.16996079560849,111.92595421456718,0.5,-2.4880131620826016,192.94674242736463,-150.59401833235967,-231.57387443235424,301.14710455191647
185.0,114.92015379677153,113.68347184613664,0.5,-2.473363901269798,193.90341682087515,-150.77640548687395,-233.86396146370194,304.4204219758374
186.0,116.66417760359774,115.4338252255856,0.5,-2.4607047560242825,194.8513777187194,-150.95611677565432,-236.14310284000513,307.68166712252565
187.0,118.40247119292495,117.17690574473963,0.5,-2.451130896370653,195.79069315325845,-151.13320288264717,-238.4111807447348,310.9305962188632
188.0,120.1354809717221,118.91260995354033,0.5,-2.445742036363554,196.72143154792812,-151.30771333485805,-240.66808425322944,314.16697599369974
189.0,121.86363653632174,120.64083942656225,0.5,-2.445594219518984,197.6436616666578,-151.47969653268737,-242.9137091348385,317.39058342743033
190.0,123.58731688045648,122.36150063165498,0.5,-2.4516324976029993,198.55745256553894,-151.64919977938874,-245.14795765860313,320.6012055041079
191.0,125.30680692054233,124.07450480073422,0.5,-2.464604239616206,199.46287354665984,-151.81626930967712,-247.37073840251074,323.7986389662623
192.0,127.022246076877,125.77976780274221,0.5,-2.484956548269557,200.3599941140365,-151.98095031751163,-249.58196606636102,326.98269007257835
193.0,128.73357300378984,127.477210018793,0.5,-2.512725969993707,201.24888393155663,-152.14328698307955,-251.7815612882608,330.1531743585767
194.0,130.44047302300353,129.16675621951543,0.5,-2.5474336069762145,202.12961278287133,-152.30332249900485,-253.96945046476895,333.30991640041793
195.0,132.1423368325509,130.84833544460452,0.5,-2.588002775892766,203.00225053316026,-152.46109909580585,-256.1455655746961,336.45274958194614
196.0,133.83824001134406,132.52188088458522,0.5,-2.63271825351768,203.86686709270438,-152.61665806662384,-258.3098440065643,339.581515865069
197.0,135.5269521622708,134.1873297647901,0.5,-2.6792447949614275,204.7235323821951,-152.7700397912462,-260.462228389721,342.6960655635622
198.0,137.20698192505446,135.84462323155128,0.5,-2.7247173870063186,205.57231629972188,-152.9212837594445,-262.6026664291002,345.7962571203742
199.0,138.87665962715084,137.49370624060816,0.5,-2.765906773085351,206.4132886893725,-153.0704285936492,-264.7311107436134,348.8819568884982
200.0,140.53425357267417,139.13452744771166,0.5,-2.7994522499250345,207.24651931138203,-153.21751207098083,-266.84751870815387,351.95303891546433
201.0,142.1781098594132,140.7670391014374,0.5,-2.822141515951607,208.07207781378202,-153.36257114465698,-268.95185229919025,355.0093847315026
202.0,143.8068003740621,142.3911969381759,0.5,-2.8312068717724,208.89003370548053,-153.50564196479505,-271.04407794392034,358.05088314141074
203.0,145.4192604402082,144.00696007930216,0.5,-2.8246007218120854,209.70045633072868,-153.6467598986285,-273.1241663729568,361.0774300201588
204.0,147.014897362076,145.61429093050322,0.5,-2.8012128631455373,210.50341484491221,-153.7859595501537,-275.19209247650855,364.08892811225326
205.0,148.59365413668067,147.2131550832499,0.5,-2.7609981068615657,211.29897819162457,-153.92327477922666,-277.2478351640216,367.08528683487356
206.0,150.1560185292327,148.80352121839462,0.5,-2.704994621676212,212.08721508096482,-154.05873872012413,-279.29137722723965,370.06642208479354
207.0,151.7029755123632,150.38536101187563,0.5,-2.635229000975127,212.86819396901691,-154.1923837995869,-281.32270520664093,373.0322560490865
208.0,153.23590932033562,151.9586490425028,0.5,-2.554520555665606,213.6419830384588,-154.3242417543603,-283.3418092612095,375.9827170196138
209.0,154.7564685204667,153.52336270181522,0.5,-2.466211637303009,214.40865018026557,-154.4543436482468,-285.34868304149177,378.9177392112882
210.0,156.26641225659642,155.07948210596948,0.5,-2.373860301253888,215.16826297645088,-154.58271988868634,-287.34332356589243,381.8372625840974
211.0,157.76745740535785,156.6269900096505,0.5,-2.2809347914146483,215.92088868381464,-154.7094002428777,-289.32573110016045,384.741232668874
212.0,159.2611447135789,158.16587172197072,0.5,-2.190545983216303,216.66659421865296,-154.83441385345523,-291.2959090400127,387.62960039678575
213.0,160.74873761551171,159.69611502433304,0.5,-2.1052451823573195,217.40544614238945,-154.9577892537345,-293.25386379684596,390.50232193252407
214.0,162.2311613993941,161.21771009023533,0.5,-2.0269026183175236,218.1375106480943,-155.07955438253856,-295.1996046864823,393.35935851116193
215.0,163.7089839478392,162.73064940697918,0.5,-1.9566690817200307,218.86285354784863,-155.19973659861955,-297.1331438208969,396.200676278647
216.0,165.18243357833472,164.23492769926867,0.5,-1.8950117581321195,219.5815402609284,-155.3183626946857,-299.05449600287227,399.02624613589825
217.0,166.65144540931266,165.7305418546559,0.5,-1.8418071093134785,220.29363580276146,-155.43545891104617,-300.96367862352514,401.8360435864658
218.0,168.11572558622947,167.21749085081586,0.5,-1.7964694708272133,220.9992047746375,-155.5510509488858,-302.86071156265257,404.6300485877167
219.0,169.5748225874366,168.69577568461509,0.5,-1.758093805643033,221.69831135413142,-155.66516398317995,-304.7456170918391,407.4082454055027
220.0,171.02819630382405,170.16539930294607,0.5,-1.7255940017559495,222.39101928621164,-155.7778226752602,-306.61841978027394,410.1706224722686
221.0,172.47527805825632,171.6263665352971,0.5,-1.6978230459184205,223.0773918750051,-155.88905118504184,-308.47914640321875,412.91717224855256
222.0,173.91551756778549,173.0786840280292,0.5,-1.6736670795126365,223.75749197619137,-155.998873182922,-310.3278258530746,415.6478910878344
223.0,175.3484155119761,174.5223601803273,0.5,-1.6521106632976161,224.43138198999688,-156.10731186136,-312.164489052991,418.3627791046814
224.0,176.77354248515132,175.95740508179625,0.5,-1.6322748067101625,225.09912385476164,-156.21438994614687,-313.9891688729622,421.06184004614363
225.0,178.19054650594055,177.38383045167197,0.5,-1.6134321085371635,225.76077904105884,-156.32012970737568,-315.8019000483583,423.74508116634706
226.0,179.59915193420113,178.80164957961844,0.5,-1.595004709165372,226.41640854633874,-156.42455297011892,-317.60271910083486,426.4125131042335
227.0,180.99915272464804,180.21087726807485,0.5,-1.5765509131463804,227.06607289007178,-156.52768112482414,-319.3916642615684,429.0641497643956
228.0,182.3904026109114,181.6115297761308,0.5,-1.5577456695612117,227.70983210937575,-156.62953513743363,-321.1687753967653,431.70000820095396
229.0,183.77280425365674,183.00362476489238,0.5,-1.5383589775287105,228.34774575509627,-156.7301355592378,-322.93409393538957,434.3201085044235
230.0,185.14629876309638,184.38718124431125,0.5,-1.518235037570232,228.97987288832695,-156.82950253646996,-324.6876627990604,436.9244736915146
231.0,186.51085643326024,185.76221952145065,0.5,-1.4972738236192027,229.6062720773463,-156.92765581964807,-326.4295263340637,439.51312959781615
232.0,187.86646906602422,187.12876115015183,0.5,-1.4754158317447823,230.2270013949506,-157.0246147726739,-328.1597302454325,442.0861047733077
233.0,189.21314393805832,188.4868288820782,0.5,-1.4526301119601939,230.8421184161697,-157.12039838169397,-329.8783215330404,444.6434303806429
234.0,190.55089926504044,189.83644661910333,0.5,-1.4289052918742022,231.4516802163401,-157.21502526373027,-331.5853484296624,447.185140096156
235.0,191.87976092011905,191.17763936701414,0.5,-1.404243106209817,232.05574336952373,-157.30851367508737,-333.2808603409532,449.711270013531
236.0,193.19976013784586,192.51043319050632,0.5,-1.3786538946790408,232.65436394725683,-157.40088151954194,-334.9649077872954,452.2218585500868
237.0,194.51093195280367,193.83485516943708,0.5,-1.3521535667332194,233.24759751760936,-157.49214635632134,-336.6375423474686,454.7169463556176
238.0,195.81331416185236,195.15093335630758,0.5,-1.3247616110895324,233.83549914453914,-157.58232540787733,-338.2988166040966,457.1965762237424
239.0,197.10694664501014,196.45869673495548,0.5,-1.2964998201093247,234.41812338753374,-157.67143556745967,-339.94878409082344,459.6607930057048
240.0,198.39187092339478,197.75817518041762,0.5,-1.26739148595427,234.9955243015149,-157.7594934064969,-341.5874992411755,462.10964352657516
241.0,199.66812986896076,199.0493994199477,0.5,-1.2374608980261368,235.56775543700164,-157.8465151817888,-343.21501733906564,464.5431765038005
242.0,200.93576750878654,200.33240099515788,0.5,-1.2067330272572798,236.1348698405159,-157.93251684251612,-344.8313944708942,466.9614424680523
243.0,202.19482888694841,201.60721222525092,0.5,-1.1752333233949892,236.6969200552132,-158.01751403707175,-346.4366874792088,469.3644936863182
244.0,203.44535996095092,202.87386617133356,0.5,-1.1429875792347295,237.2539581217362,-158.10152211972093,-348.0309539178756,471.75238408719395
245.0,204.68740751882626,204.13239660176973,0.5,-1.1100218341131014,237.80603557927327,-158.18455615709217,-349.614252008727,474.1251691883156
246.0,205.92101910877676,205.3828379585571,0.5,-1.0763623004393386,238.35320346680956,-158.26663093450574,-351.18664059964175,476.48290602589503
247.0,207.14624297672322,206.62522532470095,0.5,-1.0420353040445367,238.8955123245675,-158.34776096214324,-352.7481791240205,478.8256530862972
248.0,208.36312800916946,207.85959439255944,0.5,-1.0070672332200008,239.43301219561795,-158.42796048106342,-354.29892756161865,481.1534702396236
249.0,209.5717236799559,209.08598143313938,0.5,-0.9714844936330702,239.96575262765955,-158.50724346906784,-355.8389464006973,483.466418675245
250.0,210.7720800001097,210.30442326631535,0.5,-0.9353134675887294,240.49378267495186,-158.5856236464209,-357.36829660145855,485.76456083924296
251.0,211.96424747034382,211.51495723195475,0.5,-0.8985804767781158,241.0171509003971,-158.66311448142818,-358.8870395607263,488.0479603737121
252.0,213.14827703593286,212.71762116192173,0.5,-0.8613117480222205,241.53590537776034,-158.73972919587695,-360.39523707784,490.3166820578784
253.0,214.32422004379035,213.9124533529362,0.5,-0.8235333817083064,242.05009369401682,-158.8154807703428,-361.8929513217267,492.5707917509888
254.0,215.49212820161281,215.09949254027657,0.5,-0.7852713226724729,242.5597629518279,-158.89038194936577,-363.3802447991158,494.8103563369302
255.0,216.6520535389865,216.27877787228988,0.5,-0.7465513333932656,243.06495977212546,-158.96444524650002,-364.85718032386734,497.0354436705318
256.0,217.80404837036156,217.45034888570316,0.5,-0.7073989693167599,243.5657302968097,-159.03768294923995,-366.32382098738026,499.24612252551367
257.0,218.9481652598093,218.61424548170464,0.5,-0.667839556209271,244.06212019154339,-159.11010712382623,-367.78023013004787,501.4424625440353
258.0,220.08445698748176,219.77050790278085,0.5,-0.6278981694018282,244.55417464864473,-159.1817296199357,-369.2264713137342,503.6245341878061
259.0,221.21297651769927,220.91917671028978,0.5,-0.5875996148190086,245.0419383900651,-159.25256207525715,-370.66260829523753,505.7924086907194
260.0,222.33377696859353,222.06029276274572,0.5,-0.5469684116956536,245.5254556704506,-159.3226159199572,-372.08870500071504,507.9461580129673
261.0,223.446911583237,223.1938971948039,0.5,-0.5060287768662709,246.00477028027836,-159.3919023810379,-373.5048255010387,510.08585479660206
262.0,224.55243370219443,224.3200313969249,0.5,-0.46480461053911587,246.4799255490687,-159.46043248659095,-374.9110339880566,512.2115723225037
263.0,225.65039673743382,225.43873699569357,0.5,-0.4233194834804992,246.95096434865442,-159.52821706994868,-376.3073947517305,514.3233844687182
264.0,226.74085414753603,226.55005583478876,0.5,-0.38159662549454504,247.41792909651952,-159.59526677373725,-377.6939721581265,516.421365670133
265.0,227.82385941414722,227.65402995656956,0.5,-0.3396589151553734,247.88086175918613,-159.66159205383235,-379.0708306282308,518.5055908794466
266.0,228.89946601961975,228.7507015842801,0.5,-0.2975288706793035,248.3398038556604,-159.72720318322214,-380.4380346175678,520.5761355294096
267.0,229.96772742578705,229.84011310483925,0.5,-0.2552286418955744,248.7947964609171,-159.79211025577771,-381.7956485965936,522.6330754962935
268.0,231.0286970538265,230.92230705220805,0.5,-0.2127800032368934,249.2458802094329,-159.85632318993535,-383.14373703184657,524.676487064557
269.0,232.082428265159,231.99732609132394,0.5,-0.17020434767010584,249.69309529875656,-159.91985173229162,-384.4823643678246,526.7064468926835
270.0,233.128974343342,233.06521300256856,0.5,-0.1275226815469127,250.13648149311132,-159.98270546111505,-385.81159500957466,528.723031980147
271.0,234.16838847691133,234.1260106667779,0.5,-0.08475562026689243,250.5760781270331,-160.04489378977408,-387.1314933059672,530.7263196354861
272.0,235.20072374313054,235.17976205076093,0.5,-0.04192338473919008,251.01192410903323,-160.10642597008706,-388.4421235336365,532.7163874454512
273.0,236.226033092608,236.22651019332085,0.5,0.0009542014257355521,251.444057925286,-160.16731109559262,-389.7435498815669,534.6933132451943
274.0,237.24436933474325,237.26629819176557,0.5,0.043857714044621104,251.8725176433384,-160.22755810474501,-391.03583643630424,536.6571750894765
275.0,238.25578512396694,238.29916918888907,0.5,0.08676812984421452,252.29734091583657,-160.28717578403553,-392.31904716777217,538.6080512248602
276.0,239.2603329467382,239.3251663604177,0.5,0.12966682735904525,252.7185649842713,-160.34617277104203,-393.59324591567645,540.5460200628648
277.0,240.25806510926708,240.34433290289803,0.5,0.17253558726193655,253.1362266827301,-160.40455755740757,-394.8584963764772,542.4711601540528
278.0,241.24903372593056,241.35671202202474,0.5,0.21535659218833075,253.5503624416645,-160.46233849175192,-396.1148620909115,544.3835501630236
279.0,242.23329070835007,242.36234692138973,0.5,0.25811242607933066,253.9610082916646,-160.5195237825156,-397.36240643205025,546.283268844291
280.0,243.21088775510202,243.3612807916389,0.5,0.3007860730737803,254.36819986723552,-160.5761215007395,-398.60119259386994,548.1703950190127
281.0,244.1818763420349,244.35355680003124,0.5,0.343360915992669,254.7719724105797,-160.6321395827812,-399.8312835803251,550.0450075525579
282.0,245.14630771316288,245.33921808038318,0.5,0.3858207344405916,255.17236077537942,-160.68758583296963,-401.0527421949049,551.9071853328783
283.0,246.10423287211356,246.3183077233896,0.5,0.42814970255213275,255.56939943057802,-160.74246792619988,-402.2656310306574,553.7570072496688
284.0,247.05570257410363,247.2908687673124,0.5,0.4703323864174796,255.96312246416014,-160.79679341046915,-403.4700124606669,555.5945521742883
285.0,248.0007673184192,248.25694418901688,0.5,0.5123537411953099,256.35356358692275,-160.85056970935642,-404.66594862897176,557.4198989404223
286.0,248.9394773413784,249.21657689535996,0.5,0.5541991079631848,256.74075613624353,-160.90380412444586,-405.8535014419035,559.2331263254658
287.0,249.87188260975526,250.16980971491077,0.5,0.5958542103110366,257.12473307984186,-160.95650383769595,-407.0327325598397,561.0343130326046
288.0,250.79803281464334,251.1166853899907,0.5,0.6373051506946916,257.5055270195252,-161.0086759137567,-408.2037033893513,562.8235376735735
289.0,251.71797736574055,252.05724656903433,0.5,0.6785384065875454,257.8831701949298,-161.06032730223447,-409.366475075736,564.6008787520749
290.0,252.63176538603471,252.99153579925226,0.5,0.7195408264350489,258.2576944872454,-161.11146483990666,-410.52110849592196,566.3664146478355
291.0,253.53944570687383,253.9195955195942,0.5,0.7602996254407196,258.6291314229299,-161.16209525288815,-411.66766425173074,568.1202236012831
292.0,254.4410668634019,254.8414680539936,0.5,0.8008023811834234,258.9975121774036,-161.2122251587493,-412.8062026634871,569.8623836988264
293.0,255.3366770903448,255.7571956048954,0.5,0.8410370291011642,259.3628675787323,-161.26186106858742,-413.93678376396593,571.5929728587165
294.0,256.22632431813025,256.6668202470566,0.5,0.8809918578526472,259.72522811129227,-161.31100938905317,-415.0594672926612,573.3120688174787
295.0,257.110056169326,257.5703839216018,0.5,0.9206555045515327,260.08462391941356,-161.35967642433266,-416.17431269036973,575.0197491168906
296.0,257.9879199553827,258.46792843034103,0.5,0.9600169499166638,260.44108481100943,-161.40786837808568,-417.2813790940775,576.7160910914948
297.0,258.8599626736669,259.3594954303304,0.5,0.9990655133269192,260.7946402611822,-161.45559135534288,-418.38072533213835,578.4011718566294
298.0,259.7262310047707,260.2451264286704,0.5,1.0377908477994084,261.14531941580833,-161.50285136436074,-419.472409919735,580.0750682969579
299.0,260.5867713100858,261.1248627775422,0.5,1.0761829349128653,261.49315109510405,-161.54965431843698,-420.5564910546133,581.7378570554883
300.0,261.4416296296297,261.9987456694602,0.5,1.1142320796610747,261.8381637971663,-161.59600603768718,-421.6330266130797,583.3896145230608
301.0,262.29085168011136,262.86681613275204,0.5,1.1519289052813988,262.1803857014925,-161.64191225078218,-422.7020741462526,585.0304168282943
302.0,263.1344828532268,263.7291150272406,0.5,1.1892643480275662,262.5198446724749,-161.6873785966494,-423.76369087655996,586.6603398279751
303.0,263.97256821417204,264.5856830401375,0.5,1.226229651930859,262.85656826287146,-161.7324106261365,-424.8179336944732,588.2794590978757
304.0,264.80515250036456,265.4365606821287,0.5,1.2628163635282632,263.1905837172518,-161.777013803641,-425.86485915547075,589.8878499239887
305.0,265.63228012036257,266.2817882836605,0.5,1.2990163265957884,263.5219179754194,-161.82119350870406,-426.90452347721913,591.4855872941642
306.0,266.45399515297316,267.12140599140014,0.5,1.3348216768539183,263.85059767580395,-161.8649550375708,-427.936982536972,593.072745890139
307.0,267.27034134653985,267.9554537648873,0.5,1.370224836694915,264.1766491588317,-161.9083036047181,-428.9622918691677,594.6494000799413
308.0,268.0813621184011,268.7839713733528,0.5,1.4052185099034333,264.50009847026786,-161.95124434434945,-429.9805066632314,596.2156239106658
309.0,268.88710055451145,269.60699839270916,0.5,1.439795676395428,264.82097136452984,-161.99378231185898,-430.9916817615617,597.7714911016001
310.0,269.68759940921757,270.4245742027025,0.5,1.473949586969855,265.13929330797646,-162.03592248526408,-431.9958716577058,599.3170750376959
311.0,270.48290110518104,271.23673798422675,0.5,1.5076737580914539,265.4550894821674,-162.0776697666086,-432.99313049470834,600.8524487633763
312.0,271.2730477334412,272.0435287167848,0.5,1.5409619666871737,265.76838478709595,-162.11902898333688,-433.98351206363316,602.3776849766589
313.0,272.05808105361103,272.84498517610234,0.5,1.5738082449825725,266.0792038443918,-162.16000488963843,-434.96706980224735,603.8928560235963
314.0,272.8380424941982,273.64114593188486,0.5,1.6062068753732888,266.38757100050054,-162.20060216776545,-435.94385679386556,605.3980338930154
315.0,273.6129731530472,274.4320493457091,0.5,1.6381523853237845,266.6935103298261,-162.24082542932277,-436.9139257663441,606.8932902115498
316.0,274.3829137978943,275.2177335690531,0.5,1.6696395423176744,266.99704563785315,-162.2806792165313,-437.8773290912244,608.3786962389556
317.0,275.14790486703,275.99823654145354,0.5,1.7006633488471017,267.2982004642344,-162.32016800346491,-438.8341187830147,609.8543228636987
318.0,275.9079864700639,276.7735959887873,0.5,1.731219037446754,267.59699808585316,-162.35929619726295,-439.7843464986095,611.3202405988065
319.0,276.6631983887873,277.5438494216814,0.5,1.7613020657881868,267.8934615198578,-162.39806813931693,-440.7280635368385,612.776519577979
320.0,277.41358007812505,278.30903413402507,0.5,1.7909081117999823,268.1876135266581,-162.4364881064335,-441.665320838141,614.2232295519415
321.0,278.1591706671763,279.0691872016132,0.5,1.8200330688738817,268.47947661290647,-162.47456031197348,-442.5961689843606,615.6604398850408
322.0,278.900008960336,279.8243454808828,0.5,1.8486730410937027,268.76907303443704,-162.51228890696817,-443.52065819865726,617.0882195520712
323.0,279.6361334384941,280.57454560776745,0.5,1.876824338546673,269.0564247991844,-162.54967798121254,-444.43883834552776,618.5066371353233
324.0,280.3675822603074,281.3198239966454,0.5,1.9044834726760147,269.34155367006906,-162.58673156433642,-445.35075893093625,619.9157608218491
325.0,281.09439326354124,282.0602168393921,0.5,1.9316471517017157,269.62448116785527,-162.62345362685448,-446.2564691025436,621.3156584009349
326.0,281.81660396647504,282.7957601045203,0.5,1.9583122760905964,269.9052285739778,-162.65984808119458,-447.15601765004027,622.7063972617774
327.0,282.53425156937,283.5264895364214,0.5,1.9844759341028648,270.18381693334186,-162.69591878270595,-448.0494530055673,624.0880443913528
328.0,283.2473729559931,284.25244065468775,0.5,2.010135397389324,270.4602670570931,-162.73166953064685,-448.93682324423327,625.4606663724747
329.0,283.9560046951965,284.9736487535242,0.5,2.0352881166553267,270.73459952535984,-162.76710406915274,-449.8181760847151,626.8243293820321
330.0,284.6601830425467,285.6901489012408,0.5,2.05993171738817,271.00683468996294,-162.80222608818514,-450.6935588899414,628.1790991894044
331.0,285.3599439420014,286.4019759398242,0.5,2.084063995645648,271.276992677101,-162.8370392244616,-451.5630186678587,629.5250411550435
332.0,286.055323027631,287.10916448458715,0.5,2.107682913912369,271.54509339000475,-162.8715470623674,-452.42660207227004,630.8622202292199
333.0,286.7463556253817,287.8117489238928,0.5,2.1307865970223046,271.811156511563,-162.90575313484908,-453.2843554037483,632.1907009509272
334.0,287.4330767548771,288.509763418946,0.5,2.153373328137841,272.075201506921,-162.9396609242905,-454.13632461061974,633.5105474469352
335.0,288.1155211312562,289.2032419036576,0.5,2.175441544802862,272.337247626049,-162.9732738633718,-454.98255529001244,634.8218234309928
336.0,288.7937231670446,289.89221808457233,0.5,2.1969898350554566,272.59731390628536,-163.0065953359112,-455.8230926889704,636.1245922031685
337.0,289.4677169740572,290.57672544086273,0.5,2.2180169336110227,272.85541917484795,-163.0396286776904,-456.6579817056257,637.4189166493309
338.0,290.1375363653296,291.25679722437945,0.5,2.2385217180996584,273.11158205132097,-163.07237717726454,-457.4872668904316,638.7048592407547
339.0,290.80321485707555,291.93246645976546,0.5,2.258503205379794,273.3658209501113,-163.10484407675554,-458.310992447449,639.9824820338587
340.0,291.4647856706697,292.6037659446254,0.5,2.2779605479114493,273.61815408288055,-163.13703257263052,-459.1292022356857,641.2518466700611
341.0,292.12228173465223,293.2707282497477,0.5,2.296893030191069,273.86859946094654,-163.16894581646514,-459.9419397704862,642.5130143757525
342.0,292.77573568675405,293.9333857193828,0.5,2.315300065257517,274.1171748976607,-163.2005869156921,-460.74924822496934,643.7660459623835
343.0,293.4251798759402,294.59177047156606,0.5,2.3331811912516787,274.3638980107544,-163.23195893433532,-461.55117043151097,645.011001826658
344.0,294.0706463644711,295.24591439849416,0.5,2.35053606804612,274.6087862246621,-163.26306489373016,-462.3477488832693,646.2479419508314
345.0,294.71216692997757,295.8958491669477,0.5,2.3673644739402993,274.85185677281834,-163.29390777322934,-463.1390257357524,647.4769259031111
346.0,295.34977306755087,296.54160621875326,0.5,2.383666302404832,275.093126699923,-163.3244905108961,-463.92504280842263,648.698012838149
347.0,295.98349599184326,297.183216771296,0.5,2.3994415589054525,275.33261286418787,-163.35481600418387,-464.70584158633926,649.9112614976312
348.0,296.61336663918013,297.8207118180657,0.5,2.4146903577711942,275.5703319395505,-163.38488711060253,-465.48146322183555,651.1167302109533
349.0,297.23941566968097,298.4541221292474,0.5,2.429412919132961,275.8063004178665,-163.41470664837283,-466.25194853622787,652.3144768959817
350.0,297.86167346938777,299.08347825234785,0.5,2.443609565920201,276.04053461107475,-163.44427739706805,-467.01733802155667,653.5045590598978
351.0,298.4801701524004,299.7088105128571,0.5,2.457280720913485,276.273050653336,-163.47360209824342,-467.7776718423562,654.6870338001207
352.0,299.0949355630165,300.33014901494823,0.5,2.47042690386341,276.50386450315125,-163.5026834560543,-468.5329898374517,655.861957805303
353.0,299.7059992778772,300.9475236422056,0.5,2.4830487286568514,276.7329919454474,-163.5315241378617,-469.28333152178266,657.0293873564026
354.0,300.31339060811337,301.56096405838673,0.5,2.495146900546739,276.96044859364514,-163.5601267748278,-470.02873608825,658.1893783278194
355.0,300.9171386014959,302.1704997082164,0.5,2.5067222134411296,277.186249891698,-163.58849396249906,-470.76924240958573,659.3419861886032
356.0,301.5172720445864,302.77615981820577,0.5,2.5177755472387813,277.41041111611025,-163.61662826137967,-471.5048890402451,660.4872660037202
357.0,302.1138194648871,303.3779733975032,0.5,2.528307865232063,277.63294737792944,-163.64453219749325,-472.2357142183159,661.6252724353828
358.0,302.7068091329911,303.97596923876705,0.5,2.5383202115518833,277.8538736247129,-163.672208262935,-472.9617558674492,662.7560597444384
359.0,303.2962690647301,304.57017591906674,0.5,2.547813708673343,278.0732046424746,-163.69965891641314,-473.6830515988051,663.8796817918104
360.0,303.8822270233196,305.16062180080763,0.5,2.5567895549760298,278.2909550576057,-163.72688658378053,-474.3996387130134,664.9961920399959
361.0,304.46471052150133,305.7473350326763,0.5,2.5652490223498803,278.5071393387752,-163.7538936585565,-475.11155420215266,666.1056435546102
362.0,305.04374682368086,306.3303435506084,0.5,2.5731934538550782,278.721771798802,-163.7806825024391,-475.8188347517375,667.208089005983
363.0,305.6193629480609,306.90967507877934,0.5,2.580624261436932,278.93486659651103,-163.8072554458083,-476.5215167427217,668.3035806707983
364.0,306.19158566876916,307.485357130611,0.5,2.587542923683693,279.1464377385631,-163.83361478821922,-477.21963625351106,669.3921704337781
365.0,306.76044151798,308.0574170097994,0.5,2.593950983638839,279.3564990812617,-163.8597627988869,-477.91322906198525,670.4739097894098
366.0,307.3259567880295,308.6258818113553,0.5,2.5998500466516425,279.5650643323398,-163.88570171716273,-478.6023306475316,671.5488498437098
367.0,307.8881575335232,309.19077842267154,0.5,2.6052417782966053,279.7721470527269,-163.91143375300106,-479.28697619308247,672.6170413160281
368.0,308.44706957343635,309.75213352459315,0.5,2.6101279023135575,279.97776065828907,-163.9369610874185,-479.9672005871638,673.6785345408864
369.0,309.00271849320575,310.3099735925106,0.5,2.614510198609593,280.1819184215514,-163.96228587294422,-480.6430384259465,674.7333794698499
370.0,309.55512964681265,310.8643248974653,0.5,2.618390501305216,280.38463347340064,-163.98741023406268,-481.31452401530566,675.7816256734329
371.0,310.1043281588568,311.4152135072657,0.5,2.621770696817848,280.5859188047617,-164.01233626764764,-481.98169137288147,676.8233223430332
372.0,310.6503389266209,311.96266528761856,0.5,2.624652721995303,280.7857872682601,-164.03706604338942,-482.64457423014636,677.8585182928942
373.0,311.1931866221248,312.50670590327013,0.5,2.627038562290602,280.98425157985923,-164.06160160421388,-483.30320603447234,678.8872619620972
374.0,311.7328956941695,313.04736081915854,0.5,2.628930249978037,281.1813243204795,-164.0859449666937,-483.9576199512021,679.9096014165748
375.0,312.26949037037036,313.58465530157616,0.5,2.6303298624116707,281.37701793759794,-164.11009812145332,-484.6078488657204,680.925584351152
376.0,312.8029946591796,314.1186144193385,0.5,2.631239520317719,281.5713447468241,-164.1340630335654,-485.25392538552705,681.9352580916068
377.0,313.3334323518966,314.64926304496737,0.5,2.6316613861415656,281.76431693346376,-164.15784164294143,-485.8958818423082,682.9386695967531
378.0,313.86082702466757,315.1766258558786,0.5,2.6315976624220507,281.9559465540575,-164.18143586471487,-486.53375029400775,683.9358654605437
379.0,314.38520204047256,315.7007273355745,0.5,2.6310505902039645,282.1462455379008,-164.20484758961746,-487.1675625268984,684.9268919141896
380.0,314.9065805511007,316.2215917748497,0.5,2.6300224474978844,282.3352256885494,-164.22807868434924,-487.7973500576488,685.9117948282984
381.0,315.424985499113,316.73924327299534,0.5,2.628515547764665,282.5228986852994,-164.2511309919421,-488.4231441353889,686.8906197150269
382.0,315.940439619792,317.25370573901483,0.5,2.626532238445582,282.70927608465547,-164.27400633211636,-489.0449757437732,687.8634117302488
383.0,316.45296544307956,317.76500289284303,0.5,2.62407489952695,282.89436932177824,-164.29670650163197,-489.662875603039,688.8302156757358
384.0,316.9625852955006,318.27315826656684,0.5,2.6211459421324372,283.078189711911,-164.31923327463315,-490.2768741720621,689.791076001351
385.0,317.4693213020746,318.7781952056559,0.5,2.617747807162563,283.26074845179426,-164.34158840298699,-490.8870016504047,690.7460368072534
386.0,317.97319538821296,319.2801368701878,0.5,2.6138829639496093,283.4420566210566,-164.36377361661636,-491.4932879803641,691.6951418461116
387.0,318.47422928160364,319.779006236088,0.5,2.6095539089686883,283.6221251835958,-164.38579062382703,-492.09576284900925,692.6384345253284
388.0,318.9724445140812,320.2748260963609,0.5,2.604763164559489,283.80096498893323,-164.40764111162923,-492.6944556902163,693.5759579092731
389.0,319.4678624234843,320.76761906232895,0.5,2.59951327768935,283.9785867735588,-164.42932674605314,-493.2893956866955,694.5077547215188
390.0,319.96050415549826,321.2574075648748,0.5,2.5938068187531043,284.15500116225826,-164.45084917246012,-493.88061177201286,695.4338673470895
391.0,320.45039066548446,321.7442138556796,0.5,2.5876463803903618,284.3302186694203,-164.47221001584725,-494.46813263260333,696.3543378347099
392.0,320.93754272029514,322.2280600084654,0.5,2.5810345763404086,284.50424970032907,-164.49341088114775,-495.0519867097772,697.2692078990613
393.0,321.42198090007463,322.7089679202401,0.5,2.573974040330984,284.6771045524444,-164.51445335352548,-495.6322022017201,698.1785189230412
394.0,321.90372560004596,323.18695931253586,0.5,2.566467424979848,284.8487934166582,-164.53533899866505,-496.20880706548246,699.0823119600251
395.0,322.3827970322835,323.662055732655,0.5,2.5585174007430194,285.0193263785441,-164.55606936305676,-496.7818290189634,699.980627736131
396.0,322.85921522747117,324.1342785549094,0.5,2.5501266548764003,285.1887134195827,-164.57664597427666,-497.35129554288335,700.8735066524866
397.0,323.3330000366466,324.60364898186424,0.5,2.541297890435343,285.3569644183806,-164.59707034126185,-497.91723388274994,701.7609887874954
398.0,323.80417113293043,325.07018804557225,0.5,2.532033825283624,285.5240891518636,-164.6173439545813,-498.4796710508146,702.6431138991046
399.0,324.2727480132421,325.53391660882,0.5,2.5223371911557755,285.6900972964682,-164.63746828670202,-499.0386338280178,703.5199214270716
400.0,324.73875000000004,325.99485536635507,0.5,2.5122107327100216,285.85499842930307,-164.65744479225094,-499.5941487659269,704.3914504952298
401.0,325.20219624280884,326.45302484612785,0.5,2.501657206637959,286.0188020293099,-164.67727490827198,-500.1462421886638,705.2577399137538
402.0,325.66310572013083,326.90844541052047,0.5,2.4906793807793237,286.1815174784012,-164.6969600544795,-500.69494019482096,706.1188281814198
403.0,326.121497240944,327.36113725757593,0.5,2.4792800332638616,286.3431540625857,-164.71650163350662,-501.2402686593698,706.9747534878666
404.0,326.5773894463851,327.8111204222246,0.5,2.4674619516789513,286.5037209730813,-164.73590103115023,-501.7822532355566,707.8255537158501
405.0,327.0308008113789,328.2584147775095,0.5,2.455227932261108,286.6632273074134,-164.7551596166119,-502.3209193567888,708.6712664434967
406.0,327.4817496462524,328.7030400358046,0.5,2.4425807791043486,286.8216820704987,-164.77427874273408,-502.8562922385103,709.5119289465503
407.0,327.9302540983353,329.1450157500327,0.5,2.429523303394812,286.9790941757156,-164.79325974623302,-503.388396880066,710.3475782006161
408.0,328.37633215354583,329.58436131487827,0.5,2.4160583226648624,287.1354724459628,-164.81210394792777,-503.9172580665553,711.1782508833985
409.0,328.8200016379625,330.02109596799625,0.5,2.402188660067435,287.2908256147023,-164.83081265296514,-504.44290037067435,712.0039833769334
410.0,329.26128021938166,330.45523879121663,0.5,2.387917143669952,287.4451623269911,-164.84938715104155,-504.9653481545478,712.8248117698149
411.0,329.70018540886053,330.88680871174694,0.5,2.3732466057728803,287.5984911404998,-164.86782871662066,-505.4846255715469,713.6407718594148
412.0,330.1367345622466,331.3158245033668,0.5,2.3581798822403255,287.7508205265172,-164.8861386091474,-506.0007565680996,714.4518991540966
413.0,330.5709448816926,331.74230478762075,0.5,2.3427198118562846,287.9021588709449,-164.90431807325922,-506.5137648854857,715.2582288754209
414.0,331.00283341715766,332.1662680350043,0.5,2.3268692356932683,288.05251447527564,-164.9223683389933,-507.0236740616224,716.0597959603443
415.0,331.4324170678942,332.5877325661459,0.5,2.310630996503454,288.20189555756406,-164.94029062199053,-507.53050743283757,716.8566350634101
416.0,331.8597125839213,333.0067165529859,0.5,2.2940079381291496,288.3503102533814,-164.95808612369603,-508.0342881356304,717.6487805589309
417.0,332.28473656748395,333.4232380199455,0.5,2.2770029049230014,288.4977666167601,-164.9757560315571,-508.53503910842073,718.4362665431632
418.0,332.70750547449876,333.83731484509497,0.5,2.2596187411924236,288.64427262112775,-164.99330151921723,-509.032783093288,719.2191268364725
419.0,333.1280356159856,334.24896476131494,0.5,2.241858290658683,288.78983616022623,-165.01072374670696,-509.52754263769395,719.9973949854896
420.0,333.54634315948607,334.6582053574496,0.5,2.2237243959270816,288.9344650490218,-165.02802386063257,-510.01934009619856,720.7711042652589
421.0,333.96244413046793,335.0650540794595,0.5,2.205219897983225,289.07816702460394,-165.04520299436092,-510.50819763215895,721.5402876813755
422.0,334.3763544137167,335.4695282315619,0.5,2.186347635690561,289.2209497470711,-165.06226226820164,-510.9941372194197,722.3049779721123
423.0,334.788089754713,335.8716449773743,0.5,2.1671104453226513,289.36282080040866,-165.0792027895859,-511.47718064398896,723.0652076105405
424.0,335.1976657609973,336.2714213410401,0.5,2.147511160085527,289.5037876933519,-165.09602565324377,-511.9573495057032,723.8210088066351
425.0,335.60509790352125,336.66887420836025,0.5,2.127552609677993,289.6438578602414,-165.11273194137664,-512.4346652198788,724.5724135093743
426.0,336.01040151798554,337.0640203279087,0.5,2.1072376198462632,289.7830386618658,-165.12932272382923,-512.9091490189531,725.3194534088253
427.0,336.41359180616485,337.45687631215077,0.5,2.086569011971872,289.921337386297,-165.14579905825673,-513.3808219541113,726.0621599382218
428.0,336.8146838372204,337.84745863854624,0.5,2.065549602651721,290.05876124971076,-165.16216199029094,-513.8497048969015,726.8005642760279
429.0,337.21369254899867,338.235783650653,0.5,2.0441822033086092,290.19531739720077,-165.1784125537027,-514.3158185408388,727.5346973479938
430.0,337.6106327493177,338.6218675592206,0.5,2.0224696198059218,290.3310129035799,-165.1945517705629,-514.7791834029942,728.2645898291979
431.0,338.0055191172411,339.00572644327997,0.5,2.0004146520778114,290.46585477417466,-165.2105806513994,-515.2398198255756,728.9902721460804
432.0,338.3983662043388,339.3873762512232,0.5,1.9780200937688732,290.59984994560716,-165.2265001953531,-515.6977479774913,729.7117744784605
433.0,338.78918843593556,339.76683280187814,0.5,1.9552887318850813,290.7330052865664,-165.24231139033068,-516.1529878559056,730.429126761548
434.0,339.1780001123474,340.14411178558134,0.5,1.9322233464679353,290.86532759857624,-165.25801521315492,-516.6055592877791,731.1423586879391
435.0,339.5648154101045,340.51922876523327,0.5,1.9088267102575962,290.99682361674394,-165.2736126297131,-517.0554819313991,731.8514997096015
436.0,339.9496483831636,340.8921991773573,0.5,1.885101588387445,291.12750001050995,-165.28910459510308,-517.5027752778961,732.5565790398466
437.0,340.3325129641071,341.26303833314785,0.5,1.861050738081523,291.2573633843795,-165.3044920537766,-517.9474586527482,733.2576256552932
438.0,340.7134229653298,341.6317614195106,0.5,1.8366769083615444,291.38642027865245,-165.3197759396811,-518.3895512172745,733.9546682978137
439.0,341.0923920802151,341.9983835000979,0.5,1.8119828397654245,291.5146771701388,-165.33495717639872,-518.8290719701151,734.6477354764729
440.0,341.46943388429753,342.36291951633535,0.5,1.786971264075639,291.642140472867,-165.35003667728353,-519.2660397486995,735.3368554694513
441.0,341.8445618364156,342.725384288445,0.5,1.76164490405876,291.7688165387863,-165.36501534559653,-519.7004732307032,736.0220563259585
442.0,342.2177892798508,343.0857925164562,0.5,1.7360064732106681,291.8947116584552,-165.37989407463874,-520.1323909354915,736.7033658681311
443.0,342.58912944345695,343.4441587812163,0.5,1.7100586755187068,292.0198320617266,-165.39467374788182,-520.5618112255513,737.3808116929227
444.0,342.95859544277664,343.80049754538646,0.5,1.6838042052196844,292.14418391842094,-165.4093552390976,-520.9887523079127,738.0544211739758
445.0,343.3262002811471,344.15482315443904,0.5,1.6572457465838806,292.2677733389926,-165.42393941248426,-521.4132322355558,738.7242214634865
446.0,343.691956850795,344.5071498376408,0.5,1.6303859736915147,292.39060637518816,-165.43842712279198,-521.8352689088081,739.3902394940527
447.0,344.05587793391913,344.85749170903426,0.5,1.6032275502302196,292.5126890206971,-165.45281921544597,-522.2548800767283,740.0525019805115
448.0,344.4179762037628,345.20586276840714,0.5,1.5757731292887056,292.6340272117902,-165.46711652666764,-522.6720833384793,740.7110354217639
449.0,344.7782642256753,345.55227690226144,0.5,1.5480253531722756,292.75462682795893,-165.481319883594,-523.08689614469,741.3658661025864
450.0,345.1367544581618,345.896747884769,0.5,1.5199868532144454,292.87449369253835,-165.49543010439572,-523.499335798803,742.0170200954294
451.0,345.4934592539236,346.23928937872336,0.5,1.4916602495994897,292.9936335733257,-165.50944799839257,-523.909419458415,742.6645232622052
452.0,345.8483908608862,346.57991493648416,0.5,1.4630481511960018,293.11205218319304,-165.5233743661681,-524.3171641365993,743.3084012560586
453.0,346.2015614232179,346.91863800091494,0.5,1.4341531553940068,293.2297551806893,-165.53720999968147,-524.7225867032239,743.948679523131
454.0,346.55298298233845,347.255471906314,0.5,1.4049778479512272,293.3467481706396,-165.55095568237874,-525.125703886253,744.5853833043061
455.0,346.9026674779152,347.5904298793346,0.5,1.3755248028386673,293.46303670472867,-165.5646121893017,-525.5265322730385,745.218537636946
456.0,347.25062674885123,347.9235250399063,0.5,1.3457965821100868,293.57862628208886,-165.5781802871959,-525.925088311602,745.8481673566152
457.0,347.5968725342621,348.25477040214173,0.5,1.315795735759274,293.69352234987105,-165.59166073461557,-526.3213883119021,746.4742970987884
458.0,347.94141647444263,348.58417887523905,0.5,1.2855248015928233,293.80773030381334,-165.6050542820291,-526.7154484470935,747.0969513005483
459.0,348.284270111824,348.91176326437693,0.5,1.2549863051058745,293.92125548880176,-165.61836167192106,-527.1072847547745,747.7161542022707
460.0,348.6254448919208,349.23753627160715,0.5,1.2241827593727603,294.0341031994253,-165.63158363889374,-527.4969131382207,748.3319298492963
461.0,348.96495216426797,349.5615104967323,0.5,1.1931166649286775,294.1462786805227,-165.6447209097671,-527.8843493676125,748.9443020935892
462.0,349.30280318334866,349.8836984381826,0.5,1.1617905096678718,294.2577871277226,-165.65777420367704,-528.2696090812464,749.5532945953835
463.0,349.639009109512,350.20411249388445,0.5,1.1302067687448747,294.3686336879779,-165.67074423217193,-528.6527077867393,750.1589308248178
464.0,349.9735810098815,350.5227649621205,0.5,1.0983679044780263,294.4788234600939,-165.68363169930873,-529.0336608622209,750.7612340635562
465.0,350.3065298592541,350.83966804238435,0.5,1.0662763662604529,294.5883614952485,-165.6964373017465,-529.4124835575142,751.3602274063966
466.0,350.6378665409895,351.1548338362322,0.5,1.033934590485526,294.6972527975107,-165.70916172883958,-529.7891909953071,751.9559337628682
467.0,350.96760184789105,351.46827434811786,0.5,1.0013450004536062,294.80550232434376,-165.72180566272854,-530.1637981723115,752.5483758588141
468.0,351.2957464830768,351.78000148623005,0.5,0.9685100063064821,294.9131149871131,-165.7343697784306,-530.5363199604147,753.1375762379623
469.0,351.62231106084147,352.090027063321,0.5,0.9354320049589294,295.0200956515791,-165.74685474392788,-530.9067711078169,753.7235572634867
470.0,351.9473061075099,352.3983627975253,0.5,0.9021133800307796,295.12644913839114,-165.75926122025552,-531.2751662401606,754.3063411195503
471.0,352.2707420622818,352.7050203131754,0.5,0.8685565017872037,295.2321802235687,-165.77158986158736,-531.64151986165,754.885949812844
472.0,352.5926292780664,353.01001114160994,0.5,0.8347637270870439,295.3372936389847,-165.7838413153212,-532.0058463561577,755.4624051741041
473.0,352.9129780223104,353.31334672197215,0.5,0.8007373993234358,295.4417940728341,-165.7960162221622,-532.3681599883239,756.0357288596242
474.0,353.2317984778156,353.6150384020069,0.5,0.7664798483827275,295.54568617010426,-165.8081152162059,-532.7284749046448,756.6059423527533
475.0,353.54910074354865,353.91509743884797,0.5,0.7319933905986556,295.6489745330364,-165.82013892501885,-533.0868051345494,757.1730669653799
476.0,353.8648948354429,354.21353499980046,0.5,0.6972803287150753,295.7516637215822,-165.83208796971968,-533.4431645914685,757.7371238394064
477.0,354.1791906871908,354.5103621631116,0.5,0.6623429518416603,295.8537582538529,-165.84396296505756,-533.797567073893,758.2981339482093
478.0,354.4919981510292,354.80558991874585,0.5,0.6271835354334053,295.9552626065678,-165.85576451949044,-534.1500262664216,758.8561180980901
479.0,354.80332699851544,355.0992291691408,0.5,0.5918043412507306,296.05618121549134,-165.86749323526143,-534.5005557408008,759.4110969297117
480.0,355.11318692129635,355.39129072996917,0.5,0.5562076173455901,296.1565184758722,-165.87914970847507,-534.8491689569524,759.9630909195246
481.0,355.42158753186794,355.6817853308811,0.5,0.5203955980263203,296.25627874286744,-165.89073452917168,-535.195879263995,760.5121203811804
482.0,355.728538364329,355.97072361625544,0.5,0.4843705038528963,296.3554663319743,-165.90224828140114,-535.5406999012519,761.0582054669342
483.0,356.0340488751248,356.25811614592925,0.5,0.4481345416088954,296.4540855194427,-165.91369154329527,-535.8836439992533,761.6013661690351
484.0,356.33812844378497,356.54397339593237,0.5,0.4116899042948052,296.55214054269425,-165.92506488713943,-536.2247245807273,762.1416223211049
485.0,356.6407863736519,356.82830575921287,0.5,0.37503877112192524,296.6496356007326,-165.93636887944334,-536.5639545615819,762.6789935995055
486.0,356.94203189260344,357.11112354635173,0.5,0.33818330749661213,296.74657485454486,-165.94760408101018,-536.9013467518773,763.2134995246944
487.0,357.24187415376605,357.3924369862783,0.5,0.3011256650245146,296.842962427504,-165.9587710470058,-537.2369138567904,763.7451594625704
488.0,357.5403222362225,357.67225622697583,0.5,0.26386798150667723,296.9388024057657,-165.96987032702546,-537.570668477569,764.2739926258047
489.0,357.83738514571036,357.95059133618014,0.5,0.22641238093962515,297.03409883865487,-165.9809024651615,-537.902623112478,764.8000180751648
490.0,358.1330718153151,358.2274523020758,0.5,0.188760973521378,297.12885573905646,-165.9918680000685,-538.2327901577356,765.3232547208235
491.0,358.4273911061541,358.50284903398153,0.5,0.15091585565483792,297.2230770837931,-166.00276746502834,-538.5611819084424,765.8437213236592
492.0,358.72035180805506,358.7767913630359,0.5,0.11287910996168111,297.3167668140048,-166.01360138801402,-538.887810559499,766.3614364965442
493.0,359.01196264022656,359.04928904287215,0.5,0.07465280529116684,297.40992883552155,-166.02437029175283,-539.2126882065184,766.8764187056219
494.0,359.3022322519217,359.3203517502861,0.5,0.03623899672886187,297.50256701922865,-166.03507469378866,-539.5358268467268,767.388686271573
495.0,359.5911692230952,359.5899890859067,0.5,-0.002360274376932061,297.59468520143525,-166.04571510654307,-539.8572383798576,767.8982573708721
496.0,359.87878206505326,359.8582105748485,0.5,-0.04114298040950313,297.68628718423,-166.05629203737627,-540.1769346090359,768.4051500370308
497.0,360.16507922109696,360.12502566737,0.5,-0.08010710745391388,297.7773767358389,-166.0668059886462,-540.4949272416566,768.9093821618338
498.0,360.4500690671592,360.3904437395181,0.5,-0.11925065528217813,297.86795759097583,-166.07725745776781,-540.8112278902503,769.4109714965604
499.0,360.73375991243375,360.6544740937709,0.5,-0.15857163732573243,297.9580334511898,-166.0876469372709,-541.1258480733463,769.9099356531984
500.0,361.01616000000007,360.91712595967516,0.5,-0.19806808064977094,298.04760798520874,-166.09797491485773,-541.4387992163223,770.4062921056465
501.0,361.29727750743905,361.1784084944739,0.5,-0.2377380259302908,298.1366848292768,-166.10824187345895,-541.7500926522488,770.9000581909048
502.0,361.5771205474447,361.4383307837363,0.5,-0.2775795274166534,298.22526758749297,-166.1184482912897,-542.0597396227257,771.3912511102587
503.0,361.8556971684276,361.696901841972,0.5,-0.3175906529110861,298.313359832138,-166.12859464190458,-542.3677512787094,771.8798879304479
504.0,362.1330153551133,361.95413061324916,0.5,-0.35776948372827866,298.400965104007,-166.13868139425193,-542.6741386813337,772.3659855848277
505.0,362.40908302913425,362.2100259718011,0.5,-0.3981141146663301,298.48808691272706,-166.14870901272678,-542.9789128027205,772.8495608745213
506.0,362.68390804961535,362.4645967226337,0.5,-0.4386226539633808,298.57472873708474,-166.1586779572244,-543.2820845267858,773.3306304695592
507.0,362.9574982137536,362.7178516021168,0.5,-0.4792932232734717,298.66089402533413,-166.16858868319184,-543.5836646500355,773.80921091001
508.0,363.2298612573918,362.96979927858285,0.5,-0.5201239576179248,298.74658619551536,-166.17844164167954,-543.8836638823553,774.2853186071023
509.0,363.5010048555864,363.2204483529126,0.5,-0.5611130053475656,298.8318086357621,-166.18823727939153,-544.1820928477919,774.7589698443339
510.0,363.77093662316906,363.4698073591162,0.5,-0.6022585281057077,298.91656470460475,-166.19797603873604,-544.4789620853271,775.2301807785747
511.0,364.0396641153031,363.7178847649125,0.5,-0.643558700781142,299.00085773127563,-166.20765835787486,-544.7742820496454,775.6989674411572
512.0,364.30719482803346,363.9646889722989,0.5,-0.6850117114690895,299.08469101600434,-166.21728467077116,-545.0680631118925,776.1653457389582
513.0,364.5735361988317,364.2102283181218,0.5,-0.7266157614197851,299.16806783031586,-166.2268554072384,-545.3603155604279,776.6293314554722
514.0,364.83869560713475,364.45451107463384,0.5,-0.7683690650018025,299.2509914173188,-166.23637099298742,-545.6510496015704,777.0909402518728
515.0,365.1026803748787,364.69754545005463,0.5,-0.8102698496480123,299.3334649919961,-166.24583184967295,-545.940275360335,777.5501876680665
516.0,365.3654977670264,364.9393395891221,0.5,-0.8523163558085721,299.4154917414894,-166.25523839494005,-546.2280028811648,778.0070891237375
517.0,365.6271549920904,365.1799015736376,0.5,-0.8945068369056106,299.49707482538,-166.26459104246976,-546.5142421286544,778.4616599193818
518.0,365.8876592026501,365.41923942300934,0.5,-0.9368395592814733,299.57821737596754,-166.2738902020234,-546.799002988266,778.9139152373313
519.0,366.14701749586345,365.6573610947904,0.5,-0.9793128021461223,299.6589224985464,-166.28313627948768,-547.082295267041,779.3638701427726
520.0,366.4052369139736,365.8942744852098,0.5,-1.0219248575276687,299.73919327167647,-166.2923296769181,-547.3641286943023,779.8115395847537
521.0,366.6623244448105,366.1299874297014,0.5,-1.0646740302182485,299.81903274745196,-166.30147079258165,-547.6445129223505,780.2569383971816
522.0,366.91828702228696,366.36450770342503,0.5,-1.1075586377238769,299.89844395176885,-166.3105600210006,-547.9234575271548,780.7000812998116
523.0,367.1731315268902,366.5978430217887,0.5,-1.15057701020287,299.97742988458776,-166.3195977529934,-548.2009720090349,781.1409828992292
524.0,367.42686478616747,366.8300010409561,0.5,-1.1937274904226463,300.0559935201914,-166.32858437571684,-548.477065793339,781.5796576898206
525.0,367.6794935752079,367.06098935836195,0.5,-1.237008433691962,300.13413780744486,-166.3375202727068,-548.7517482311127,782.0161200547366
526.0,367.93102461711817,367.2908155132115,0.5,-1.280418207813311,300.2118656700473,-166.34640582391864,-549.0250285997638,782.4503842668466
527.0,368.18146458349435,367.5194869869842,0.5,-1.3239551930203262,300.28918000678493,-166.35524140576732,-549.2969161037189,782.8824644896855
528.0,368.4308200948883,367.74701120392547,0.5,-1.3676177819256887,300.366083691778,-166.36402739116673,-549.5674198750751,783.3123747783893
529.0,368.6790977212695,367.97339553154046,0.5,-1.4114043794581081,300.442579574726,-166.37276414956844,-549.8365489742441,783.740129080627
530.0,368.92630398248224,368.19864728107973,0.5,-1.4553134028049781,300.5186704811538,-166.38145204699998,-550.1043123905919,784.1657412375179
531.0,369.172445348698,368.4227737080205,0.5,-1.4993432813549483,300.59435921264753,-166.3900914461035,-550.3707190430699,784.5892249845465
532.0,369.41752824086336,368.6457820125449,0.5,-1.5434924566369368,300.669648547094,-166.3986827061722,-550.6357777808429,785.0105939524659
533.0,369.66155903114344,368.86767934001494,0.5,-1.5877593822570275,300.74454123891576,-166.40722618318748,-550.8994973839076,785.4298616681942
534.0,369.9045440433604,369.0884727814375,0.5,-1.6321425238458684,300.81904001930144,-166.4157222298561,-551.1618865637097,785.8470415557017
535.0,370.1464895534279,369.3081693739338,0.5,-1.676640358988114,300.89314759643787,-166.42417119564533,-551.42295396375,786.2621469368913
536.0,370.38740178978134,369.5267761011975,0.5,-1.721251377167538,300.9668666557337,-166.43257342681883,-551.6827081601882,786.6751910324709
537.0,370.62728693380285,369.7442998939522,0.5,-1.7659740797013028,301.0401998600469,-166.44092926647184,-551.9411576624406,787.0861869628177
538.0,370.86615112024293,369.9607476304039,0.5,-1.8108069796781265,301.11314984990474,-166.4492390545654,-552.1983109137694,787.495147748834
539.0,371.1040004376374,370.1761261366877,0.5,-1.8557486018994145,301.1857192437236,-166.4575031279611,-552.4541762918702,787.9020863127954
540.0,371.34084092872024,370.39044218731436,0.5,-1.9007974828117502,301.2579106380263,-166.46572182045443,-552.708762109451,788.3070154791934
541.0,371.5766785908319,370.60370250560766,0.5,-1.9459521704484501,301.32972660765506,-166.47389546280803,-552.9620766148065,788.7099479755672
542.0,371.81151937632393,370.8159137641444,0.5,-1.991211224359006,301.4011697059865,-166.48202438278526,-553.2141279923878,789.110896433331
543.0,372.04536919295964,371.0270825851828,0.5,-2.0365732155536893,301.4722424651387,-166.49010890518198,-553.4649243633647,789.5098733885908
544.0,372.27823390431007,371.2372155410939,0.5,-2.0820367264323147,301.5429473961802,-166.49814935185864,-553.7144737861846,789.906891282957
545.0,372.5101193301463,371.4463191547842,0.5,-2.127600350724271,301.6132869893346,-166.50614604177258,-553.9627842571249,790.301962464347
546.0,372.7410312468284,371.6543999001144,0.5,-2.1732626934279584,301.68326371418243,-166.51409929100888,-554.2098637108401,790.6950991877809
547.0,372.9709753876894,371.86146420232143,0.5,-2.21902237073591,301.7528800198642,-166.52200941281123,-554.4557200209047,791.0863136161731
548.0,373.199957443416,372.0675184384283,0.5,-2.2648780099754147,301.82213833527777,-166.52987671761267,-554.7003610003487,791.475617821112
549.0,373.42798306242577,372.27256893765133,0.5,-2.3108282495488877,301.8910410692726,-166.53770151306557,-554.9437944021917,791.863023783636
550.0,373.65505785123975,372.47662198180797,0.5,-2.3568717388635654,301.95959061084625,-166.54548410407108,-555.1860279199672,792.248543395
551.0,373.8811873748518,372.6796838057207,0.5,-2.403007138262133,302.02778932933677,-166.55322479280923,-555.427069188246,792.6321884574393
552.0,374.1063771570947,372.88176059761105,0.5,-2.4492331189673298,302.0956395746098,-166.56092387876754,-555.6669257831517,793.0139706849205
553.0,374.33063268100125,373.0828584994955,0.5,-2.49554836301156,302.1631436772479,-166.56858165876955,-555.9056052228733,793.3939017038905
554.0,374.5539593891634,373.2829836075786,0.5,-2.541951563169638,302.23030394873723,-166.57619842700322,-556.1431149681716,793.7719930540162
555.0,374.7763626840866,373.48214197263724,0.5,-2.58844142289882,302.2971226816492,-166.58377447504904,-556.3794624228819,794.1482561889189
556.0,374.9978479285409,373.68033960040736,0.5,-2.635016656267058,302.36360214982375,-166.59131009190753,-556.6146549344095,794.5227024769007
557.0,375.218420445909,373.8775824519615,0.5,-2.6816759878949803,302.4297446085479,-166.59880556402646,-556.8486997942243,794.8953432016644
558.0,375.4380855205301,374.07387644408783,0.5,-2.72841815288457,302.49555229473367,-166.60626117532817,-557.0816042383474,795.2661895630298
559.0,375.6568483980413,374.2692274496635,0.5,-2.7752418967555523,302.5610274270943,-166.61367720723524,-557.3133754478338,795.6352526776383
560.0,375.8747142857143,374.4636412980239,0.5,-2.8221459753807676,302.62617220631876,-166.62105393869805,-557.5440205492519,796.002543579655
561.0,376.0916883527901,374.6571237753293,0.5,-2.869129154921542,302.6909888152408,-166.62839164621954,-557.7735466151566,796.3680732214648
562.0,376.3077757308092,374.8496806249304,0.5,-2.9161902117576375,302.75547941901317,-166.63569060388173,-558.0019606645598,796.7318524743587
563.0,376.5229815139399,375.0413175477242,0.5,-2.963327932431432,302.8196461652722,-166.64295108337066,-558.2292696633936,797.0938921292162
564.0,376.7373107593016,375.232040202516,0.5,-3.0105411135711804,302.8834911843068,-166.65017335400148,-558.4554805249721,797.4542028971828
565.0,376.9507684872863,375.42185420636895,0.5,-3.0578285618347683,302.9470165892212,-166.65735768274294,-558.6806001104476,797.8127954103383
566.0,377.16335968187684,375.6107651349561,0.5,-3.1051890938414437,303.0102244760994,-166.66450433424228,-558.9046352292615,798.1696802223606
567.0,377.37508929096094,375.7987785229076,0.5,-3.15262153610668,303.0731169241646,-166.67161357084925,-559.1275926395921,798.5248678091843
568.0,377.58596222664295,375.98589986415493,0.5,-3.2001247249760203,303.1356959959406,-166.6786856526394,-559.3494790487983,798.878368569652
569.0,377.7959833655529,376.17213461227095,0.5,-3.2476975065638403,303.19796373740786,-166.68572083743825,-559.570301113858,799.2301928261593
570.0,378.0051575491514,376.3574881808085,0.5,-3.2953387366858378,303.25992217816,-166.69271938084447,-559.7900654418029,799.5803508252959
571.0,378.21348958403274,376.5419659436336,0.5,-3.3430472807983,303.3215733315574,-166.69968153625243,-560.0087785901501,799.9288527384787
572.0,378.42098424222365,376.72557323526064,0.5,-3.390822013926023,303.38291919488097,-166.70660755487543,-560.2264470673267,800.2757086625819
573.0,378.6276462614807,376.9083153511769,0.5,-3.4386618206076753,303.4439617494822,-166.71349768576775,-560.4430773330952,800.6209286205576
574.0,378.8334803455835,377.09019754817007,0.5,-3.4865655948268532,303.5047029609327,-166.72035217584738,-560.6586757989694,800.9645225620541
575.0,379.0384911646256,377.2712250446535,0.5,-3.5345322399442294,303.5651447791736,-166.727171269917,-560.8732488286304,801.3065003640273
576.0,379.2426833553027,377.45140302098105,0.5,-3.5825606686433455,303.6252891386578,-166.73395521068645,-561.0868027383372,801.6468718313467
577.0,379.4460615211971,377.63073661976756,0.5,-3.6306498028591214,303.6851379584994,-166.7407042387939,-561.2993437973322,801.9856466973944
578.0,379.64863023306117,377.8092309462014,0.5,-3.678798573719495,303.7446931426125,-166.74741859282673,-561.5108782282465,802.322834624662
579.0,379.8503940290958,377.98689106835826,0.5,-3.7270059214750346,303.80395657985673,-166.75409850934273,-561.721412207496,802.6584452053403
580.0,380.0513574152282,378.1637220175043,0.5,-3.7752707954478604,303.8629301441733,-166.76074422289045,-561.9309518656793,802.9924879619008
581.0,380.25152486538536,378.3397287884069,0.5,-3.8235921539570232,303.92161569472694,-166.76735596602967,-562.1395032879677,803.3249723476773
582.0,380.4509008217661,378.51491633963553,0.5,-3.8719689642610757,303.9800150760417,-166.7739339693521,-562.3470725144936,803.6559077474395
583.0,380.6494896951097,378.6892895938604,0.5,-3.920400202498609,304.0381301181352,-166.7804784615003,-562.5536655407349,803.9853034779603
584.0,380.8472958649622,378.8628534381529,0.5,-3.9688848536185417,304.0959626366559,-166.78698966918793,-562.7592883178952,804.3131687885801
585.0,381.04432367994013,379.0356127242765,0.5,-4.017421911327183,304.15351443301324,-166.79346781721944,-562.963946753281,804.6395128617637
586.0,381.2405774579917,379.20757226898274,0.5,-4.066010378018013,304.21078729450977,-166.7999131285087,-563.1676467106751,804.9643448136568
587.0,381.43606148665503,379.3787368542972,0.5,-4.114649264715774,304.26778299447284,-166.80632582409854,-563.3703940107065,805.2876736946293
588.0,381.63078002331486,379.5491112278081,0.5,-4.1633375910135415,304.32450329238054,-166.812706123179,-563.5721944312165,805.6095084898232
589.0,381.8247372954556,379.71870010294964,0.5,-4.212074385011822,304.3809499339903,-166.81905424310636,-563.7730537076229,805.9298581196887
590.0,382.01793750091304,379.88750815928427,0.5,-4.260858683257647,304.43712465146547,-166.82537039942125,-563.9729775332776,806.2487314405176
591.0,382.2103848081224,380.05554004278133,0.5,-4.309689530682236,304.4930291634996,-166.83165480586663,-564.1719715598249,806.5661372449732
592.0,382.4020833563659,380.2228003660928,0.5,-4.358565980546021,304.5486651754384,-166.83790767440613,-564.3700413975523,806.8820842626129
593.0,382.5930372560151,380.3892937088288,0.5,-4.4074870943725815,304.60403437940414,-166.84412921524145,-564.5671926157421,807.1965811604082
594.0,382.78325058877425,380.5550246178282,0.5,-4.456451941892058,304.65913845441474,-166.85031963682982,-564.7634307430156,807.5096365432589
595.0,382.9727274079183,380.7199976074278,0.5,-4.505459600981017,304.7139790665032,-166.85647914590146,-564.9587612676779,807.821258954504
596.0,383.1614717385305,380.88421715972873,0.5,-4.554509157603493,304.7685578688375,-166.86260794747653,-565.1531896380563,808.1314568764242
597.0,383.34948757773736,381.0476877248609,0.5,-4.603599705752888,304.82287650183554,-166.8687062448825,-565.3467212628382,808.440238730746
598.0,383.53677889494105,381.2104137212464,0.5,-4.6527303473892845,304.8769365932828,-166.87477423976995,-565.5393615114028,808.7476128791363
599.0,383.7233496320492,381.37239953585436,0.5,-4.701900192389646,304.9307397584452,-166.88081213213013,-565.7311157141536,809.0535876236928
600.0,383.9092037037037,381.533649524465,0.5,-4.751108358477508,304.9842876001848,-166.8868201203107,-565.9219891628438,809.3581712074347
