T_K,alpha_obs_1e-8_per_K,alpha_pred_1e-8_per_K,sigma_fit_1e-8_per_K,residual_1e-8_per_K,z,Cv_low_J_per_molK,Cv_high_J_per_molK,contrib_low_1e-8_per_K,contrib_high_1e-8_per_K
13.0,0.10555386774141656,-0.07493100406113799,0.03,-0.18048487180255457,-6.016162393418486,0.007950005116577785,1.676253392007244e-16,-0.07493100406114542,7.430038161539407e-15
14.0,0.13309041480754097,-0.10364010633022992,0.03,-0.2367305211377709,-7.89101737125903,0.010995974042157805,3.35641567357167e-15,-0.10364010633037869,1.4877402580980864e-13
15.0,0.14906469638765094,-0.14382904525408546,0.03,-0.29289374164173637,-9.763124721391213,0.015259926915769405,4.490105786454302e-14,-0.1438290452560757,1.9902514441897816e-12
16.0,0.11030769097369961,-0.1985985795977897,0.03,-0.3089062705714893,-10.29687568571631,0.021070847026308674,4.330488089848614e-13,-0.1985985796169847,1.9195004716523218e-11
17.0,0.04474672330195559,-0.27125100632700483,0.03,-0.31599772962896044,-10.533257654298682,0.028779100404706555,3.191434944407873e-12,-0.27125100646846606,1.414612106981402e-10
18.0,-0.045386038282090646,-0.36516461539123335,0.03,-0.3197785771091427,-10.659285903638091,0.038743115800380014,1.8803914694694813e-11,-0.3651646162247219,8.334885670275219e-10
19.0,-0.17180920211933742,-0.48366311970895687,0.03,-0.31185391758961944,-10.395130586320647,0.051315531626879914,9.179531588044882e-11,-0.4836631237778089,4.068852020192372e-09
20.0,-0.3406056923499412,-0.6298924630060192,0.03,-0.28928677065607794,-9.642892355202598,0.0668301259425812,3.820206662181182e-10,-0.6298924799391877,1.6933168589138104e-08
21.0,-0.5572548031493234,-0.8067144376600759,0.03,-0.24945963451075248,-8.315321150358416,0.0855905305969252,1.3869417776360456e-09,-0.8067144991366426,6.147656663846792e-08
22.0,-0.8269343037943666,-1.0166229045365573,0.03,-0.18968860074219066,-6.322953358073022,0.10786134486408701,4.476214191777811e-09,-1.016623102945953,1.984093957555415e-07
23.0,-1.1544019759301651,-1.2616849695088896,0.03,-0.10728299357872441,-3.57609978595748,0.13386189982412677,1.3043219305325333e-08,-1.2616855476530868,5.781441973510169e-07
24.0,-1.5438820451316155,-1.5435067146454498,0.03,0.00037533048616584386,0.012511016205528127,0.16376263312756448,3.476028573022836e-08,-1.5435082554044468,1.5407589968980913e-06
25.0,-1.9989624023433001,-1.863221163307015,0.03,0.1357412390362852,4.524707967876174,0.19768383124236086,8.564479812155965e-08,-1.8632249595356845,3.796228669333405e-06
26.0,-2.522504697236022,-2.221495031243529,0.03,0.301009665992493,10.0336555330831,0.23569637780120303,1.968788747445547e-07,-2.221503757952507,8.726708978057995e-06
27.0,-3.116569133524793,-2.618550333541701,0.03,0.498018799983092,16.600626666103068,0.2778240965233621,4.2554231962433e-07,-2.6185691958192616,1.8862277560391107e-05
28.0,-3.7823555521281924,-3.054196904773242,0.03,0.7281586473549504,24.27195491183168,0.32404727661369237,8.705790345850975e-07,-3.054235493422669,3.8588649427624576e-05
29.0,-4.520162148372184,-3.5278721840950933,0.03,0.9922899642770905,33.07633214256968,0.3743070000972477,1.69538524587789e-06,-3.527947332501268,7.514840617443569e-05
30.0,-5.329362933914205,-4.038685085924674,0.03,1.2906778479895311,43.02259493298437,0.42850994005411214,3.1583568514611154e-06,-4.038825080940022,0.00013999501534797863
31.0,-6.208404819558522,-4.585461322094933,0.03,1.6229434974635886,54.098116582119616,0.48653335570885825,5.652549621688738e-06,-4.585711872874424,0.00025055077949074755
32.0,-7.154824948830198,-5.166788096100103,0.03,1.988036852730094,66.26789509100314,0.5482300677071156,9.755292353277038e-06,-5.167220502052613,0.00043240595250952803
33.0,-8.165288610226703,-5.781056612126099,0.03,2.3842319981006046,79.47439993668682,0.6134332503002738,1.6288167105776547e-05,-5.7817785895058575,0.0007219773797595848
34.0,-9.235647568070469,-6.426501307440254,0.03,2.8091462606302153,93.63820868767384,0.6819609241987222,2.6387262552484948e-05,-6.427670929936937,0.0011696224966844132
35.0,-10.361017643945683,-7.101235115636766,0.03,3.259782528308917,108.65941761029724,0.7536200735837751,4.158305469883606e-05,-7.103078295699869,0.0018431800631034743
36.0,-11.53587213840112,-7.803280397835111,0.03,3.7325917405660096,124.41972468553365,0.8282103431346037,6.388871556803302e-05,-7.806112282304522,0.002831884469410641
37.0,-12.754143016313503,-8.530595442002332,0.03,4.223547574311173,140.78491914370576,0.9055272964158018,9.589513540295559e-05,-8.534846019623515,0.0042505776211838354
38.0,-14.009313478001562,-9.281096632821695,0.03,4.728216845179868,157.60722817266227,0.9853652363547012,0.00014087050271974907,-9.28734075567349,0.006244122851794076
39.0,-15.29447420902185,-10.052676543089634,0.03,5.241797665932215,174.72658886440718,1.0675196026996558,0.00020286194639069827,-10.06166845332465,0.008991910235016162
40.0,-16.602307452314196,-10.84321830010136,0.03,5.759089152212836,191.96963840709452,1.1517889711819873,0.00028679652252053674,-10.855930632956792,0.012712332855432489
41.0,-17.92497397171395,-11.650606644395047,0.03,6.2743673273189025,209.14557757729676,1.2379766854389178,0.00039857873404215726,-11.668273753785739,0.01766710939069346
42.0,-19.25393178381967,-12.472736130649196,0.03,6.781195653170476,226.03985510568253,1.325892156337816,0.000545181801324009,-12.49690146035489,0.02416532970569331
43.0,-20.57982681768017,-13.307516927930411,0.03,7.27230988974976,242.41032965832534,1.4153518648158099,0.0007347300484465684,-13.340084034576803,0.03256710664639245
44.0,-21.892734715054942,-14.152878664642532,0.03,7.739856050412411,257.9952016804137,1.506180104254087,0.0009765700169199413,-14.196165392816974,0.04328672817444173
45.0,-23.183094549565123,-15.00677273745945,0.03,8.176321812105671,272.5440604035224,1.5982094971853746,0.001281328247140254,-15.0635679560052,0.05679521854574921
46.0,-24.44350210782511,-15.867173467557992,0.03,8.576328640267118,285.87762134223726,1.6912813191438294,0.0016609540562954755,-15.94079570201063,0.0736222344526401
47.0,-25.671034412641923,-16.732078445221987,0.03,8.93895596741994,297.965198913998,1.7852456599892024,0.0021287460677245486,-16.826435686166807,0.09435724094482247
48.0,-26.869114083595484,-17.599508358348444,0.03,9.26960572524704,308.98685750823466,1.8799614502891988,0.002699361689819708,-17.71915828993272,0.11964993158427718
49.0,-28.047550735151784,-18.46750655394013,0.03,9.580044181211656,319.33480604038857,1.9752963774889443,0.0033888091833358157,-18.617716430766745,0.1502098768266146
50.0,-29.219839113498725,-19.334138536176482,0.5,9.885700577322243,19.771401154644487,2.0711267137546883,0.004214422378029795,-19.520943939505813,0.18680540332932974
51.0,-30.398143944106238,-20.197491561510585,0.5,10.20065238259565,20.4013047651913,2.167337074635728,0.005194818489603574,-20.42775328568706,0.23026172417647378
52.0,-31.587983876191615,-21.055674451429017,0.5,10.532309424762596,21.064618849525193,2.2638201251011965,0.006349839835913249,-21.337132806862993,0.28145835543397774
53.0,-32.785282943173925,-21.906817707685715,0.5,10.878465235488209,21.756930470976418,2.3604762471136858,0.0077004805504482235,-22.248143575390657,0.3413258677049408
54.0,-33.97744650673043,-22.74907398333056,0.5,11.228372523399868,22.456745046799735,2.457213180718104,0.009268799637213998,-23.15991601559453,0.41084203226396815
55.0,-35.147901529178526,-23.580618935846342,0.5,11.567282593332184,23.134565186664368,2.553945648660972,0.011077821902989895,-24.07164636569924,0.49102742985289843
56.0,-36.28160563772687,-24.399652466112638,0.5,11.881953171614231,23.763906343228463,2.650594972808636,0.013151428441271021,-24.98259306246477,0.5829405963521304
57.0,-37.3687325204642,-25.20440032857031,0.5,12.16433219189389,24.32866438378778,2.7470886890974695,0.015514238429585612,-25.892073111985287,0.68767278341498
58.0,-38.40518380186532,-25.993116083560185,0.5,12.412067718305133,24.824135436610266,2.8433601664108172,0.01819148404217053,-26.799458497498627,0.8063424139384415
59.0,-39.39057708632551,-26.76408335201686,0.5,12.626493734308644,25.252987468617288,2.9393482336229764,0.021208880277995043,-27.70417266417226,0.9400893121553944
60.0,-40.325512945819106,-27.51561832512116,0.5,12.809894620697946,25.619789241395893,3.034996818063628,0.024592491465225227,-28.605687111530308,1.0900687864091492
61.0,-41.20970843881951,-28.2460724767422,0.5,12.963635962077316,25.92727192415463,3.1302545978199734,0.028368596133086534,-29.503518116304676,1.257445639562478
62.0,-42.04154377632751,-28.9538354241308,0.5,13.087708352196703,26.175416704393406,3.225074669592437,0.032563551846399,-30.397223601882907,1.4433881777521023
63.0,-42.81861843428044,-29.63733788196836,0.5,13.18128055231208,26.36256110462416,3.319414233237749,0.037203661482352324,-31.286400165039204,1.649062283070846
64.0,-43.538579731641384,-30.2950546561477,0.5,13.243525075493686,26.487050150987372,3.413234293654356,0.042315042298560084,-32.170680266121686,1.8756256099739899
65.0,-44.19969727735163,-30.92550762624259,0.5,13.274189651109042,26.548379302218084,3.5064993802777273,0.047923499000856504,-33.049729585217875,2.1242219589752853
66.0,-44.80103857773052,-31.527268669183197,0.5,13.273769908547322,26.547539817094645,3.5991772841427627,0.05405440187296247,-33.92324454389488,2.395975874711684
67.0,-45.34235992474759,-32.09896248093476,0.5,13.243397443812832,26.486794887625663,3.6912388122268567,0.060732570881790855,-34.790949989814635,2.6919875088798806
68.0,-45.82389059404059,-32.63926925773561,0.5,13.184621336304984,26.369242672609968,3.7826575586000173,0.06798216652499692,-35.652597039760295,3.0133277820246827
69.0,-46.24613360616911,-33.14692720348142,0.5,13.099206402687694,26.198412805375387,3.8734096917682588,0.0758265880440761,-36.50796107528866,3.3610338718072437
70.0,-46.60972930414598,-33.62073483498339,0.5,12.988994469162597,25.977988938325193,3.9634737574963137,0.08428837948903035,-37.356839884279566,3.736105049296178
71.0,-46.91537870663838,-34.059553061928234,0.5,12.855825644710142,25.711651289420285,4.0528304963274815,0.09338914399105891,-38.199051941009806,4.139498879081568
72.0,-47.163806689398015,-34.462307023325586,0.5,12.701499666072428,25.402999332144855,4.141462674977313,0.10314946647913016,-39.03443481699185,4.5721277936662625
73.0,-47.355746534351695,-34.827987666951394,0.5,12.527758867400296,25.055517734800592,4.229354930758076,0.11358884496554048,-39.86284371463122,5.034856047679824
74.0,-47.49193419122941,-35.15565306272079,0.5,12.336281128508624,24.672562257017248,4.316493628188349,0.12472563042519227,-40.68415011573218,5.528497053011388
75.0,-47.57310637523066,-35.444429445001894,0.5,12.12867693022876,24.25735386045752,4.402866726952745,0.13657697520357462,-41.49824053698145,6.053811091979555
76.0,-47.60000000070899,-35.693511982590834,0.5,11.906488018118154,23.812976036236307,4.488463660398202,0.14915878980932815,-42.30501538474206,6.6115034021512304
77.0,-47.57335202910934,-35.90216527838312,0.5,11.671186750726212,23.342373501452425,4.573275223782008,0.16248570787859098,-43.10438790175998,7.202222623376849
78.0,-47.49389943201553,-36.06972360369916,0.5,11.424175828316372,22.848351656632744,4.657293471521317,0.1765710590397479,-43.896283198712254,7.826559595013097
79.0,-47.362379183002,-36.195590874750245,0.5,11.166788308251752,22.333576616503503,4.740511622731852,0.19142684935821802,-44.680637363883136,8.485046489132884
80.0,-47.17952825599982,-36.27924038089034,0.5,10.900287875109475,21.80057575021895,4.82292397438465,0.20706374900097588,-45.457396644642266,9.178156263751916
81.0,-46.94608362499685,-36.320214276086496,0.5,10.625869348910358,21.251738697820716,4.904525821451117,0.22349108672895868,-46.226516694789666,9.906302418703175
82.0,-46.66278226398362,-36.318122846494724,0.5,10.344659417488899,20.689318834977797,4.9853133834488155,0.2407168508016919,-46.98796188222942,10.669839035734697
83.0,-46.33036114693441,-36.27264356816366,0.5,10.057717578770749,20.115435157541498,5.065283736841993,0.2587476958616846,-47.741704651825884,11.469061083662227
84.0,-45.94955724778184,-36.18351996973952,0.5,9.766037278042319,19.532074556084638,5.144434752791945,0.2775889553556704,-48.4877249386836,12.30420496894408
85.0,-45.521107540370274,-36.0505603156196,0.5,9.47054722475067,18.94109444950134,5.222765039790447,0.29724465904495223,-49.22600962745145,13.17544931183185
86.0,-45.04574899837457,-35.87363612536137,0.5,9.172112873013196,18.344225746026392,5.3002738907483025,0.31771755515723116,-49.95655205361757,14.082915928256195
87.0,-44.5242185951673,-35.652680545281186,0.5,8.87153804988611,17.74307609977222,5.376961234145475,0.33900913673676303,-50.679351543085765,15.02667099780458
88.0,-43.95725330361309,-35.38768658813757,0.5,8.569566715475522,17.139133430951045,5.452827588883459,0.361119671757831,-51.394412986646614,16.00672639850905
89.0,-43.34559009576302,-35.07870525658417,0.5,8.266884839178847,16.533769678357693,5.527874022511475,0.38404823657783804,-52.1017464462477,17.023041189663523
90.0,-42.689965942416706,-34.725843565741705,0.5,7.964122376675003,15.928244753350006,5.602102112527764,0.40779275232021467,-52.80136679024766,18.075523224505957
91.0,-41.99111781251263,-34.32926247977802,0.5,7.661855332734604,15.323710665469209,5.675513910483954,0.43235002379338133,-53.49329335508981,19.164030875311788
92.0,-41.24978267230061,-33.88917477683967,0.5,7.360607895460941,14.721215790921882,5.748111908645727,0.45771578056971296,-54.17754963106975,20.28837485423008
93.0,-40.46669748424253,-33.40584285605341,0.5,7.060854628189123,14.121709256378246,5.819899008986162,0.48388471986744436,-54.854162970088886,21.44832011403548
94.0,-39.642599205578875,-32.87957649963257,0.5,6.763022705946304,13.526045411892609,5.890878494309195,0.5108505508983864,-55.52316431348522,22.64358781385265
95.0,-38.77822478649051,-32.310730602394045,0.5,6.467494184096468,12.934988368192936,5.961054001319894,0.5386060403648354,-56.184587938213035,23.873857335818993
96.0,-37.87431116777472,-31.699702880236217,0.5,6.1746082875385,12.349216575077,6.030429495476079,0.5671430588099234,-56.83847121981258,25.138768339576362
97.0,-36.93159527794545,-31.04693156835089,0.5,5.88466370959456,11.76932741918912,6.099009247471943,0.5964526275465978,-57.484854410761585,26.437922842410696
98.0,-35.95081402965632,-30.35289311915314,0.5,5.5979209105031815,11.195841821006363,6.166797811218435,0.6265249659112359,-58.12378043293429,27.770887313781145
99.0,-34.93270431533442,-29.61809990913494,0.5,5.314604406199479,10.629208812398957,6.233800003199105,0.657349538608411,-58.75529468302452,29.137194773889586
100.0,-33.87800300190036,-28.843097963065407,0.5,5.034905038834953,10.069810077669906,6.300020883091421,0.6889151029334012,-59.37944484989634,30.53634688683093
101.0,-32.78744692443848,-28.028464703200434,0.5,4.758982221238044,9.517964442476089,6.365465735554613,0.7212097556785181,-59.99628074292925,31.96781603972882
102.0,-31.661772878667538,-27.17480673042228,0.5,4.486966148245259,8.973932296490519,6.43014005309473,0.7542209795481425,-60.60585413051675,33.43104740009447
103.0,-30.501717612048825,-26.282757643511264,0.5,4.21895996853756,8.43791993707512,6.4940495199264285,0.7879356889254221,-61.20821858795915,34.925460944447885
104.0,-29.308017813354557,-25.352975902060344,0.5,3.955041911294215,7.91008382258843,6.557199996758647,0.8223402748508176,-61.803429354064306,36.45045345200396
105.0,-28.081410100504645,-24.386142737883738,0.5,3.695267362620905,7.39053472524181,6.6195975064384305,0.8574206490890784,-62.39154319583676,38.00540045795302
106.0,-26.82263100646448,-23.38296011914503,0.5,3.4396708873194473,6.8793417746388945,6.6812482203936385,0.8931622871767109,-62.97261828069644,39.589658161551405
107.0,-25.53241696298056,-22.34414877083299,0.5,3.1882681921475684,6.376536384295137,6.74215844582051,0.9295502703566014,-63.54671405571788,41.20256528488489
108.0,-24.21150428191423,-21.27044625465907,0.5,2.941058027255157,5.882116054510314,6.8023346135674405,0.9665693263200998,-64.11389113343157,42.843444878772495
109.0,-22.86062913391679,-20.162605110923305,0.5,2.6980240229934864,5.396048045986973,6.861783266670643,1.004203868689679,-64.67421118376923,44.51160607284593
110.0,-21.48052752417128,-19.02139106441095,0.5,2.4591364597603325,4.918272919520665,6.920511049501492,1.042438035187099,-65.22773683177469,46.20634576736375
111.0,-20.07193526490828,-17.847581295925178,0.5,2.224353968983101,4.448707937966202,6.978524697488711,1.0812557244430197,-65.77453156073248,47.92695026480731
112.0,-18.635587944384035,-16.641962780645894,0.5,1.9936251637381397,3.9872503274762794,7.035831027381986,1.120640631414116,-66.3146596203998,49.6726968397539
113.0,-17.172220891989664,-15.40533069411822,0.5,1.7668901978714444,3.533780395742889,7.09243692802637,1.1605762813830451,-66.84818594005264,51.44285524593443
114.0,-15.682569139140362,-14.138486886321063,0.5,1.5440822528192992,3.0881645056385985,7.148349351619293,1.201046062525116,-67.37517604608082,53.236689159759756
115.0,-14.167367375572635,-12.842238423946077,0.5,1.3251289516265583,2.6502579032531166,7.203575305424352,1.2420332570332249,-67.89569598388796,55.05345755994188
116.0,-12.62734990065664,-11.517396200723722,0.5,1.1099536999329178,2.2199073998658356,7.258121843917849,1.283521070799637,-68.40981224387058,56.89241604314685
117.0,-11.063250569308558,-10.164773615376925,0.5,0.8984769539316326,1.7969539078632653,7.311996061346463,1.3254926616594782,-68.91759169127201,58.752818075895085
118.0,-9.475802732065834,-8.785185316537468,0.5,0.6906174155283643,1.3812348310567286,7.36520508467506,1.3679311662064724,-69.41910149971362,60.633916183176154
119.0,-7.865739168864852,-7.379446013760914,0.5,0.48629315510393845,0.9725863102078769,7.417756066906052,1.410819725196467,-69.91440908822781,62.5349630744669
120.0,-6.233792016037186,-5.9483693535845275,0.5,0.2854226624526583,0.5708453249053166,7.469656180752434,1.4541415075587671,-70.40358206162475,64.45521270804022
121.0,-4.580692686016328,-4.492766859411735,0.5,0.08792582660459286,0.17585165320918572,7.5209126126478685,1.4978797330391755,-70.88668815403565,66.39392129462392
122.0,-2.907171779221993,-3.0134469338670695,0.5,-0.10627515464507635,-0.2125503092901527,7.571532557078456,1.5420176935020737,-71.36379517548824,68.35034824162116
123.0,-1.2139589875638004,-1.5112139221402723,0.5,-0.297254934576472,-0.594509869152944,7.6215232112213505,1.5865387729218041,-71.83497096137415,70.32375703923388
124.0,0.4982170110198722,0.013132765256406704,0.5,-0.48508424576346554,-0.9701684915269311,7.670891769876892,1.6314264660960724,-72.30028332468288,72.31341608993928
125.0,2.2286286675985836,1.558799471992705,0.5,-0.6698291956058788,-1.3396583912117577,7.719645420680611,1.6766643961162613,-72.7598000108736,74.3185994828663
126.0,3.976549687500006,3.1249990594159076,0.5,-0.8515506280840983,-1.7031012561681966,7.767791339583642,1.722236330631228,-73.21358865527684,76.33858771469275
127.0,5.74125516643895,4.710951615837795,0.5,-1.0303035506011557,-2.0606071012023115,7.815336686588956,1.7681261969425264,-73.66171674290722,78.372668358745
128.0,7.522021738219501,6.315885113443567,0.5,-1.2061366247759342,-2.4122732495518684,7.862288601733178,1.8143180959701755,-74.10425157059105,80.4201366840346
129.0,9.318127734732666,7.939036014692136,0.5,-1.3790917200405293,-2.7581834400810585,7.908654201302774,1.8607963151287636,-74.54126021130276,82.48029622599489
130.0,11.128853359002111,9.579649830092094,0.5,-1.5492035289100166,-3.098407057820033,7.95444057427492,1.9075453401543414,-74.97280948061918,84.55245931071127
131.0,12.953480872060279,11.236981629250627,0.5,-1.716499242809652,-3.432998485619304,7.999654778973186,1.954549865922806,-75.3989659051984,86.63594753444902
132.0,14.791294794467797,12.910296507090388,0.5,-1.8809982873774103,-3.7619965747548205,8.044303839928993,2.0017948063006084,-75.81979569319809,88.73009220028848
133.0,16.64158212332076,14.598870007126145,0.5,-2.042712116194615,-4.08542423238923,8.088394744939874,2.049265303068556,-76.23536470654888,90.83423471367502
134.0,18.503632565621775,16.30198850367612,0.5,-2.201644061945654,-4.403288123891308,8.131934442316114,2.096946733959218,-76.64573843500308,92.94772693867921
135.0,20.376738788923472,18.01894954486277,0.5,-2.357789244060701,-4.715578488121402,8.174929838307664,2.1448247198480535,-77.05098197188273,95.06993151674551
136.0,22.26019669018624,19.74906215823455,0.5,-2.5111345319516922,-5.0222690639033845,8.217387794703507,2.1928851311379245,-77.45115999145291,97.20022214968746
137.0,24.153305683825135,21.491647120805816,0.5,-2.661658563019321,-5.323317126038642,8.25931512659591,2.2411140933759195,-77.84633672784915,99.33798384865497
138.0,26.055369009955758,23.2460371952817,0.5,-2.809331814674057,-5.618663629348114,8.300718600302345,2.2894979921408245,-78.23657595549105,101.48261315077275
139.0,27.965694063883113,25.011577334190196,0.5,-2.954116729692918,-5.908233459385836,8.341604931438258,2.338023477238641,-78.6219409709175,103.63351830510771
140.0,29.883592747913255,26.78762485361143,0.5,-3.095967894301825,-6.19193578860365,8.381980783133793,2.386677466242806,-79.00249457597891,105.79011942959035
141.0,31.80838184660322,28.57354957813935,0.5,-3.234832268463873,-6.469664536927746,8.42185276438813,2.4354471474146737,-79.3782990623263,107.95184864046566
142.0,33.73938342660163,30.36873395867495,0.5,-3.370649467926673,-6.741298935853346,8.46122742855517,2.4843199820389823,-79.7494161971385,110.11815015581347
143.0,35.67592526226912,32.17257316459599,0.5,-3.503352097673129,-7.006704195346258,8.500111271954719,2.5332837062079343,-80.11590721003219,112.2884803746282
144.0,37.61734128830585,33.984475151801924,0.5,-3.63286613650393,-7.26573227300786,8.5385107326032,2.582326332086421,-80.47783278109847,114.46230793290039
145.0,39.562972080651484,35.803860708084294,0.5,-3.759111372567194,-7.518222745134388,8.576432189058485,2.631436148689972,-80.83525303001507,116.63911373809935
146.0,41.512165366962165,37.630163477218,0.5,-3.882001889744166,-7.764003779488332,8.613881959373407,2.6806017222057372,-81.18822750618298,118.81839098340099
147.0,43.464276568008046,39.462829963123646,0.5,-4.001446604884404,-8.002893209768809,8.650866300152954,2.729811895885917,-81.53681517984023,120.99964514296389
148.0,45.418669371375756,41.301319515395605,0.5,-4.117349855980151,-8.234699711960301,8.68739140570995,2.779055789541734,-81.88107443410387,123.18239394949947
149.0,47.37471633890064,43.14510429744358,0.5,-4.2296120414570595,-8.459224082914119,8.723463407314545,2.8283227986650985,-82.22106305789623,125.36616735533981
150.0,49.33179954929422,44.99366923844084,0.5,-4.338130310853384,-8.676260621706769,8.75908837253315,2.8776025932039744,-82.55683823971428,127.55050747815513
151.0,51.289311277475726,46.846511970227766,0.5,-4.442799307247961,-8.885598614495922,8.794272304651875,2.92688511601629,-82.88845656219533,129.7349685324231
152.0,53.24665471215816,48.703142750264895,0.5,-4.543511961893263,-9.087023923786527,8.829021142180723,2.9761605810262917,-83.21597399744385,131.91911674770876
153.0,55.203244713283254,50.56308437168484,0.5,-4.640160341598421,-9.280320683196843,8.8633407584341,3.025419471106073,-83.53944590307776,134.10253027476261
154.0,57.15850861094442,52.42587206144269,0.5,-4.732636549501737,-9.465273099003474,8.897236961183927,3.0746525357040344,-83.85892701895885,136.28479908040154
155.0,59.11188704748257,54.291053367520355,0.5,-4.820833679962216,-9.641667359924432,8.930715492381335,3.1238507882409787,-84.17447146456973,138.4655248320901
156.0,61.06283486448858,56.158188036090934,0.5,-4.904646828397645,-9.80929365679529,8.963782027943562,3.173005503293564,-84.48613273700522,140.64432077309615
157.0,63.01082203649547,58.02684787951092,0.5,-4.983974156984553,-9.967948313969107,8.99644217760235,3.222108213583907,-84.79396370954348,142.8208115890544
158.0,64.95533465319981,59.89661663595701,0.5,-5.058718017242803,-10.117436034485605,9.028701484810568,3.2711507067930636,-85.09801663076591,144.99463326672293
159.0,66.89587595210833,61.76708982149072,0.5,-5.12878613061761,-10.25757226123522,9.060565426703901,3.320125022215388,-85.39834312419603,147.16543294568675
160.0,68.83196740356846,63.63787457528771,0.5,-5.1940928282807475,-10.388185656561495,9.092039414114291,3.369023447269686,-85.69499418842625,149.33286876371395
161.0,70.76314985019738,65.50858949872904,0.5,-5.254560351468344,-10.509120702936688,9.123128791632558,3.4178385138823506,-85.98802019770793,151.49660969643696
162.0,72.68898470276429,67.37886448902113,0.5,-5.310120213743161,-10.620240427486323,9.153838837716897,3.466562994756817,-86.27747090297416,153.6563353919953
163.0,74.60905519456449,69.24834056796246,0.5,-5.360714626602031,-10.721429253204063,9.184174764844894,3.5151898995427793,-86.56339543327245,155.81173600123492
164.0,76.52296769619488,71.11666970645243,0.5,-5.406297989742453,-10.812595979484906,9.214141719706259,3.5637124709180035,-86.84584229758134,157.96251200403378
165.0,78.4303530922744,72.9835146452925,0.5,-5.446838446981905,-10.89367689396381,9.243744783433907,3.6121241805946545,-87.12485938698842,160.10837403228092
166.0,80.33086822087914,74.84854871280734,0.5,-5.482319508071806,-10.964639016143613,9.272988971870829,3.6604187252614793,-87.40049397720553,162.24904269001286
167.0,82.22419737500137,76.71145563977231,0.5,-5.512741735229057,-11.025483470458115,9.301879235870665,3.708590022472399,-87.67279273140194,164.38424837117427
168.0,84.11005386284715,78.57192937211265,0.5,-5.538124490734505,-11.07624898146901,9.330420461629629,3.7566322064914868,-87.94180170333271,166.51373107544538
169.0,85.98818161983992,80.42967388180422,0.5,-5.5585077380357095,-11.117015476071419,9.358617471047836,3.804539624103628,-88.20756634074434,168.63724022254854
170.0,87.85835685941744,82.28440297638114,0.5,-5.5739538830362925,-11.147907766072585,9.38647502211791,3.852306830399551,-88.47013148903746,170.7545344654186
171.0,89.72038974190255,84.13584010742927,0.5,-5.58454963447327,-11.16909926894654,9.413997809339138,3.89992858454341,-88.7295413951704,172.8653815025997
172.0,91.57412603112664,85.98371817841979,0.5,-5.590407852706852,-11.180815705413703,9.441190464155067,3.947399845530468,-88.98583971178367,174.96955789020345
173.0,93.41944869805428,87.82777935220751,0.5,-5.591669345846765,-11.18333869169353,9.468057555413216,3.994715767941914,-89.2390695015328,177.0668488537403
174.0,95.25627942130959,89.6677748585077,0.5,-5.588504562801885,-11.17700912560377,9.49460358984486,4.041871697703465,-89.48927324161053,179.15704810011823
175.0,97.08457992918034,91.50346480162871,0.5,-5.5811151275516275,-11.162230255103255,9.52083301256359,4.088863167853734,-89.7364928284458,181.2399576300745
176.0,98.90435312991718,93.33461796872963,0.5,-5.569735161187551,-11.139470322375102,9.546750207580992,4.135685894328082,-89.98076958256422,183.31538755129384
177.0,100.71564399005533,95.16101163884306,0.5,-5.554632351212263,-11.109264702424525,9.57235949833807,4.182335771763074,-90.22214425359684,185.3831558924399
178.0,102.51854014485055,96.98243139289283,0.5,-5.536108751957712,-11.072217503915423,9.597665148251142,4.2288088693264685,-90.46065702542542,187.44308841831824
179.0,104.31317225665215,98.79867092490896,0.5,-5.5145013317431975,-11.029002663486395,9.622671361270738,4.275101426576973,-90.69634752145014,189.49501844635907
180.0,106.09971416450212,100.60953185463677,0.5,-5.490182309865355,-10.98036461973071,9.647382282452401,4.321209849357991,-90.92925480996958,191.53878666460633
181.0,107.87838287057245,102.41482354170999,0.5,-5.463559328862448,-10.927118657724897,9.671801998538255,4.367130705728936,-91.1594174096622,193.5742409513722
182.0,109.64943835696987,104.21436290155096,0.5,-5.435075455418924,-10.870150910837848,9.695934538548126,4.412860721937546,-91.38687329515774,195.6012361967087
183.0,111.41318308730922,106.0079742231418,0.5,-5.405208864167414,-10.810417728334828,9.719783874379301,4.458396778436244,-91.61165990269022,197.61963412583205
184.0,113.16996079560849,107.79548898880236,0.5,-5.374471806806123,-10.748943613612246,9.743353921413679,4.503735905945339,-91.8338141358204,199.6293031246228
185.0,114.92015379677153,109.57674569608663,0.5,-5.343408100684895,-10.68681620136979,9.7666485391318,4.548875281565493,-92.05337237122326,201.6301180673099
186.0,116.66417760359774,111.35158968191713,0.5,-5.312587921680605,-10.62517584336121,9.789671531732392,4.593812224941841,-92.27037046452728,203.62196014644442
187.0,118.40247119292495,113.11987294904237,0.5,-5.28259824388257,-10.56519648776514,9.812426648756945,4.6385441944815975,-92.48484375620141,205.60471670524382
188.0,120.1354809717221,114.88145399490794,0.5,-5.254026976814155,-10.50805395362831,9.834917585718369,4.683068783626977,-92.69682707748018,207.57828107238814
189.0,121.86363653632174,116.63619764302288,0.5,-5.227438893298854,-10.454877786597708,9.857147984732821,4.7273837171850905,-92.90635475631895,209.54255239934182
190.0,123.58731688045648,118.38397487687368,0.5,-5.2033420035828,-10.4066840071656,9.879121435154463,4.771486847715936,-93.11346062337658,211.49743550025025
191.0,125.30680692054233,120.12466267645887,0.5,-5.182144244083463,-10.364288488166926,9.900841474211948,4.81537615197988,-93.31817801801458,213.44284069447346
192.0,127.02224607687698,121.85814385748425,0.5,-5.164102219392735,-10.32820443878547,9.922311587646329,4.8590497274454645,-93.52053979430956,215.37868365179384
193.0,128.73357300378984,123.58430691326397,0.5,-5.149266090525874,-10.298532181051748,9.94353521034967,4.902505788858412,-93.72057832707229,217.30488524033626
194.0,130.44047302300353,125.30304585936395,0.5,-5.137427163639597,-10.274854327279193,9.964515727003805,4.9457426648725304,-93.91832551786814,219.2213713772321
195.0,132.1423368325509,127.01426008100835,0.5,-5.128076751542553,-10.256153503085105,9.985256472718866,4.988758794742903,-94.1138128010355,221.12807288204385
196.0,133.83824001134406,128.71785418328324,0.5,-5.12038582806083,-10.24077165612166,10.005760733670797,5.031552725081967,-94.30707114969444,223.02492533297766
197.0,135.5269521622708,130.4137378441399,0.5,-5.113214318130893,-10.226428636261787,10.02603174773767,5.074123106678504,-94.49813108174416,224.91186892588405
198.0,137.20698192505446,132.10182567021943,0.5,-5.105156254835036,-10.210312509670072,10.046072705134167,5.116468691379886,-94.68702266584323,226.78884833606264
199.0,138.87665962715084,133.78203705549717,0.5,-5.094622571653681,-10.189245143307362,10.065886749044035,5.1585883290375065,-94.8737755273706,228.65581258286775
200.0,140.53425357267417,135.45429604275154,0.5,-5.07995752992263,-10.15991505984526,10.085476976249831,5.200480964515359,-95.05841885436108,230.51271489711263
201.0,142.1781098594132,137.11853118785183,0.5,-5.059578671561383,-10.119157343122765,10.104846437759932,5.242145634761629,-95.24098140341518,232.359512591267
202.0,143.8068003740621,138.77467542685972,0.5,-5.0321249472024006,-10.064249894404801,10.123998139432201,5.2835814659430556,-95.42149150557728,234.196166932437
203.0,145.4192604402082,140.42266594592968,0.5,-4.996594494278543,-9.993188988557087,10.142935042594274,5.3247876706417125,-95.59997707218199,236.02264301811167
204.0,147.014897362076,142.06244405400005,0.5,-4.9524533080759365,-9.904906616151873,10.161660064659818,5.365763545113904,-95.77646560066263,237.8389096546627
205.0,148.59365413668067,143.69395505825076,0.5,-4.899699078429911,-9.799398156859821,10.180176079740882,5.406508466610627,-95.9509841803227,239.64493923857347
206.0,150.1560185292327,145.3171481423118,0.5,-4.838870386920915,-9.67774077384183,10.19848591925583,5.4470218907591805,-96.12355949806592,241.44070764037772
207.0,151.7029755123632,146.93197624719616,0.5,-4.770999265167032,-9.541998530334064,10.216592372532737,5.487303349005242,-96.29421784408328,243.22619409127944
208.0,153.23590932033562,148.53839595493503,0.5,-4.6975133654005825,-9.395026730801165,10.23449818740812,5.527352446114949,-96.46298511749642,245.00138107243146
209.0,154.7564685204667,150.1363673748876,0.5,-4.620101145579102,-9.240202291158203,10.252206070820407,5.567168857736174,-96.62988683195111,246.7662542068387
210.0,156.26641225659642,151.72585403269076,0.5,-4.540558223905678,-9.081116447811356,10.269718689398688,5.6067523280183735,-96.79494812116641,248.52080215385715
211.0,157.76745740535785,153.30682276182674,0.5,-4.46063464353111,-8.92126928706222,10.287038670045812,5.646102667290286,-96.95819374443052,250.26501650625727
212.0,159.2611447135789,154.87924359776807,0.5,-4.381901115810816,-8.763802231621632,10.30416860051622,5.685219749794664,-97.11964809204707,251.99889168981514
213.0,160.74873761551171,156.44308967466694,0.5,-4.305647940844781,-8.611295881689562,10.32111102998827,5.724103511479225,-97.27933519072937,253.7224248653963
214.0,162.2311613993941,157.9983371245611,0.5,-4.232824274833006,-8.465648549666012,10.337868469630498,5.762753947843107,-97.43727870893765,255.43561583349876
215.0,163.7089839478392,159.54496497904722,0.5,-4.164018968791987,-8.328037937583973,10.354443393162578,5.801171111837842,-97.59350196216621,257.13846694121344
216.0,165.18243357833472,161.0829550733955,0.5,-4.099478504939191,-8.198957009878383,10.370838237410041,5.8393551118220985,-97.74802791817181,258.83098299156734
217.0,166.65144540931266,162.61229195306225,0.5,-4.039153456250405,-8.07830691250081,10.387055402853042,5.877306109569237,-97.90087920214593,260.51317115520817
218.0,168.11572558622947,164.13296278255928,0.5,-3.982762803670202,-7.965525607340404,10.40309725416922,5.9150243183268065,-98.05207810183146,262.18504088439073
219.0,169.5748225874366,165.64495725664926,0.5,-3.9298653307873472,-7.8597306615746945,10.418966120770223,5.9525100009271394,-98.20164657257948,263.84660382922874
220.0,171.02819630382405,167.14826751381545,0.5,-3.879928790008581,-7.759857580017162,10.434664297332201,5.989763467947997,-98.34960624234941,265.4978737561649
221.0,172.47527805825632,168.6428880519736,0.5,-3.8323900062827185,-7.664780012565437,10.450194044320092,6.026785075922471,-98.4959784166505,267.1388664686241
222.0,173.91551756778549,170.12881564638536,0.5,-3.7867019214001383,-7.573403842800277,10.465557588505401,6.063575225597169,-98.64078408342202,268.7695997298074
223.0,175.3484155119761,171.6060492697273,0.5,-3.7423662422487878,-7.4847324844975756,10.480757123477906,6.100134360237738,-98.78404391785625,270.39009318758355
224.0,176.77354248515132,173.0745900142748,0.5,-3.6989524708765336,-7.397904941753067,10.495794810151109,6.136462963980778,-98.92577828716254,272.00036830143733
225.0,178.19054650594055,174.53444101617015,0.5,-3.65610548977039,-7.31221097954078,10.510672777260975,6.172561560231339,-99.06600725526802,273.60044827143815
226.0,179.59915193420113,175.98560738171713,0.5,-3.613544552484014,-7.227089104968028,10.525393121858727,6.208430710104882,-99.20475058746231,275.19035796917944
227.0,180.99915272464804,177.42809611567637,0.5,-3.571056608971681,-7.142113217943362,10.539957909796998,6.2440710109129585,-99.34202775497967,276.77012387065605
228.0,182.3904026109114,178.86191605150964,0.5,-3.5284865594017587,-7.056973118803517,10.554369176209827,6.279483094691555,-99.47785793952309,278.3397739910327
229.0,183.77280425365674,180.28707778354035,0.5,-3.485726470116377,-6.971452940232754,10.56862892598609,6.314667626771269,-99.61226003772651,279.8993378212669
230.0,185.14629876309638,181.7035936009829,0.5,-3.4427051621134575,-6.885410324226915,10.582739134236821,6.349625304388349,-99.74525266555949,281.44884626654243
231.0,186.51085643326024,183.11147742380768,0.5,-3.3993790094525633,-6.798758018905127,10.59670174675607,6.384356855335773,-99.87685416267078,282.98833158647847
232.0,187.86646906602422,184.5107447403959,0.5,-3.3557243256283154,-6.711448651256631,10.61051868047546,6.418863036653373,-100.00708259667282,284.5178273370687
233.0,189.21314393805832,185.9014125469483,0.5,-3.311731391110015,-6.62346278222003,10.624191823912541,6.4531446333561915,-100.13595576736753,286.0373683143158
234.0,190.55089926504044,187.28349928860732,0.5,-3.2673999764331336,-6.534799952866267,10.637723037612814,6.487202457200171,-100.26349121091249,287.5469904995198
235.0,191.87976092011905,188.6570248022535,0.5,-3.2227361178655474,-6.445472235731095,10.651114154585594,6.521037345484288,-100.38970620392907,289.04673100618254
236.0,193.19976013784583,190.02201026094122,0.5,-3.1777498769046373,-6.355499753809275,10.66436698073364,6.554650159888353,-100.51461776755185,290.53662802849306
237.0,194.51093195280367,191.37847811992864,0.5,-3.132453832875031,-6.264907665750062,10.677483295276794,6.588041785345503,-100.63824267142152,292.01672079135017
238.0,195.81331416185233,192.72645206427467,0.5,-3.086862097577696,-6.173724195155392,10.690464851169223,6.621213128948683,-100.76059743761749,293.4870495018921
239.0,197.10694664501014,194.06595695795696,0.5,-3.0409896870531825,-6.081979374106365,10.7033133755109,6.654165118890222,-100.88169834453619,294.94765530249316
240.0,198.39187092339478,195.39701879448032,0.5,-2.9948521289144496,-5.989704257828899,10.716030569952872,6.6868987034337035,-101.00156143071091,296.3985802251912
241.0,199.66812986896076,196.7196646489355,0.5,-2.948465220025268,-5.896930440050536,10.72861811109674,6.719414849917345,-101.12020249857692,297.8398671475124
242.0,200.93576750878654,198.03392263148095,0.5,-2.9018448773055696,-5.803689754611139,10.741077650888,6.75171454378815,-101.23763711817887,299.27155974965984
243.0,202.19482888694844,199.33982184219937,0.5,-2.855007044749043,-5.710014089498086,10.753410817003738,6.7837987876659,-101.35388063082493,300.6937024730243
244.0,203.44535996095092,200.63739232731186,0.5,-2.8079676336390835,-5.615935267278167,10.765619213234451,6.815668600436502,-101.46894815268551,302.10634047999736
245.0,204.68740751882626,201.9266650367005,0.5,-2.7607424821257514,-5.521484964251503,10.777704419859953,6.847325016373623,-101.58285457833635,303.5095196150369
246.0,205.9210191087768,203.20767178271882,0.5,-2.713347326057942,-5.426694652115884,10.789667994019888,6.8787690842882085,-101.69561458425063,304.9032863669695
247.0,207.14624297672322,204.48044520024789,0.5,-2.6657977764753458,-5.3315955529506915,10.801511470078331,6.910001866704855,-101.8072426322355,306.28768783248336
248.0,208.36312800916946,205.74501870797405,0.5,-2.6181093011953944,-5.236218602390789,10.813236359982994,6.941024439064614,-101.91775297281764,307.6627716807917
249.0,209.57172367995594,207.0014264708525,0.5,-2.5702972091034235,-5.140594418206847,10.824844153618807,6.9718378889533135,-102.02715964857593,309.0285861194284
250.0,210.77208000010972,208.24970336372962,0.5,-2.5223766363800877,-5.044753272760175,10.836336319156002,7.002443315354898,-102.13547649742213,310.38517986115176
251.0,211.9642474703438,209.4898849360886,0.5,-2.4743625342552105,-4.948725068510421,10.847714303393122,7.0328418279289915,-102.24271715583397,311.73260209192256
252.0,213.14827703593286,210.72200737789652,0.5,-2.4262696580363383,-4.852539316072677,10.858979532094132,7.063034546312087,-102.34889506203241,313.07090243992894
253.0,214.32422004379038,211.9461074865187,0.5,-2.3781125572716375,-4.756225114543275,10.870133410320848,7.093022599441798,-102.45402345911494,314.40013094563363
254.0,215.49212820161281,213.16222263467202,0.5,-2.329905566940793,-4.659811133881586,10.881177322759724,7.122807124903358,-102.55811539813553,315.72033803280755
255.0,216.6520535389865,214.37039073939528,0.5,-2.2816627995912415,-4.563325599182483,10.89211263404376,7.152389268298028,-102.66118374113891,317.0315744805342
256.0,217.80404837036156,215.5706502319997,0.5,-2.2333981383618364,-4.466796276723673,10.902940689069263,7.181770182632522,-102.7632411641459,318.3338913961456
257.0,218.9481652598093,216.76304002898772,0.5,-2.1851252308215745,-4.370250461643149,10.91366281330749,7.210951027729181,-102.86430016009085,319.62734018907855
258.0,220.08445698748176,217.94759950389613,0.5,-2.13685748358564,-4.27371496717128,10.924280313111458,7.239932969655993,-102.96437304171346,320.91197254560956
259.0,221.2129765176993,219.12436846005514,0.5,-2.088608057644149,-4.177216115288298,10.934794476017869,7.268717180176213,-103.06347194440434,322.18784040445945
260.0,222.33377696859355,220.29338710422752,0.5,-2.0403898643660128,-4.0807797287320255,10.945206571044224,7.297304836216831,-103.16160882900557,323.4549959332331
261.0,223.446911583237,221.45469602110953,0.5,-1.9922155621274966,-3.9844311242549932,10.955517848980977,7.325697119355424,-103.25879548456423,324.71349150567374
262.0,224.55243370219443,222.60833614866584,0.5,-1.9440975535286134,-3.8881951070572267,10.96572954267946,7.353895215324925,-103.35504353104619,325.96337967971203
263.0,225.65039673743382,223.7543487542799,0.5,-1.896047983153907,-3.792095966307814,10.975842867334633,7.3819003135356835,-103.45036442200112,327.204713176281
264.0,226.74085414753603,224.8927754116937,0.5,-1.848078735842346,-3.696157471684692,10.985859020763652,7.409713606614455,-103.54476944718806,328.4375448588818
265.0,227.82385941414725,226.02365797871687,0.5,-1.8002014354303693,-3.6004028708607385,10.995779183679808,7.4373362899597515,-103.63826973515741,329.6619277138743
266.0,228.89946601961975,227.14703857568136,0.5,-1.752427443938395,-3.50485488787679,11.005604519962116,7.464769561313096,-103.73087625579177,330.8779148314731
267.0,229.96772742578705,228.26295956462386,0.5,-1.7047678611631856,-3.409535722326371,11.015336176920396,7.492014620345738,-103.82259982280459,332.0855593874285
268.0,231.02869705382648,229.37146352917472,0.5,-1.6572335246517604,-3.314467049303521,11.02497528555616,7.519072668260402,-103.91345109619888,333.28491462537363
269.0,232.08242826515897,230.47259325513153,0.5,-1.6098350100274608,-3.2196700200549215,11.034522960819203,7.545944907407592,-104.00344058468583,334.4760338398174
270.0,233.128974343342,231.5663917116952,0.5,-1.5625826316468225,-3.125165263293645,11.04398030186012,7.572632540915954,-104.09257864806482,335.65897035976
271.0,234.16838847691133,232.6529020333638,0.5,-1.515486443547535,-3.03097288709507,11.053348392278528,7.5991367723365775,-104.18087549956283,336.8337775329266
272.0,235.20072374313054,233.73216750244416,0.5,-1.4685562406863781,-2.9371124813727563,11.062628300367372,7.6254588053003935,-104.26834120813731,338.00050871058147
273.0,236.22603309260796,234.80423153217967,0.5,-1.4218015604283074,-2.843603120856615,11.071821079353239,7.651599843188636,-104.35498570074107,339.15921723292075
274.0,237.24436933474325,235.86913765047123,0.5,-1.375231684272029,-2.750463368544058,11.080927767632614,7.6775610888158115,-104.4408187645491,340.30995641502034
275.0,238.25578512396697,236.92692948417331,0.5,-1.3288556397936433,-2.6577112795872866,11.089949389004383,7.703343744124849,-104.52585004914997,341.4527795333233
276.0,239.2603329467382,237.97765074394965,0.5,-1.2826822027885385,-2.565364405577077,11.098886952898498,7.728949009894062,-104.61008906870107,342.58773981265074
277.0,240.25806510926708,239.0213452096711,0.5,-1.2367198995959865,-2.473439799191973,11.107741454600886,7.7543780854555395,-104.69354520404839,343.7148904137195
278.0,241.2490337259306,240.0580567163422,0.5,-1.1909770095883618,-2.3819540191767237,11.11651387547457,7.779632168424666,-104.77622770481074,344.834284421153
279.0,242.23329070835004,241.08782914053842,0.5,-1.145461567811639,-2.290923135623278,11.125205183177309,7.804712454440409,-104.85814569143096,345.94597483196935
280.0,243.21088775510202,242.11070638734066,0.5,-1.100181367761375,-2.20036273552275,11.133816331875497,7.8296201369160485,-104.93930815719212,347.05001454453276
281.0,244.18187634203488,243.12673237774942,0.5,-1.0551439642854892,-2.1102879285709784,11.14234826245473,7.854356406799999,-105.01972397020194,348.1464563479513
282.0,245.14630771316288,244.13595103657093,0.5,-1.010356676591952,-2.020713353183904,11.150801902726686,7.878922452346515,-105.09940187534298,349.2353529119139
283.0,246.10423287211353,245.13840628075403,0.5,-0.9658265913595127,-1.9316531827190253,11.159178167632719,7.903319458895848,-105.17835049619131,350.31675677694534
284.0,247.05570257410363,246.13414200816607,0.5,-0.921560565937578,-1.843121131875156,11.167477959444149,7.927548608663622,-105.25657833690454,351.39072034507063
285.0,248.0007673184192,247.12320208680103,0.5,-0.8775652316181736,-1.7551304632363471,11.175702167958992,7.951611080539194,-105.3340937840758,352.45729587087686
286.0,248.9394773413784,248.10563034439505,0.5,-0.8338469969833334,-1.6676939939666668,11.183851670695818,7.975508049892592,-105.41090510856114,353.5165354529562
287.0,249.87188260975526,249.08147055844952,0.5,-0.7904120513057253,-1.5808241026114507,11.191927333084035,7.999240688389899,-105.48702046727279,354.5684910257223
288.0,250.79803281464336,250.05076644664118,0.5,-0.7472663680021739,-1.4945327360043479,11.1999300086513,8.02281016381675,-105.56244790494581,355.613214351587
289.0,251.71797736574055,251.0135616576096,0.5,-0.704415708130932,-1.408831416261864,11.207860539207717,8.04621763990966,-105.63719535587396,356.65075701348354
290.0,252.63176538603471,251.96989976211134,0.5,-0.6618656239233852,-1.3237312478467704,11.215719755026887,8.069464276194951,-105.71127064561631,357.6811704077277
291.0,253.53944570687383,252.91982424453042,0.5,-0.619621462343411,-1.239242924686822,11.22350847502425,8.092551227835152,-105.78468149267809,358.7045057372085
292.0,254.4410668634019,253.86337849473182,0.5,-0.5776883686700739,-1.1553767373401478,11.231227506932175,8.115479645482443,-105.85743551016103,359.7208140048928
293.0,255.3366770903448,254.800605800249,0.5,-0.536071290095822,-1.072142580191644,11.238877647472341,8.13825067513905,-105.92954020738797,360.73014600763696
294.0,256.22632431813025,255.73154933879349,0.5,-0.49477497933675224,-0.9895499586735045,11.246459682525215,8.160865458024297,-106.00100299150039,361.73255233029386
295.0,257.110056169326,256.6562521710807,0.5,-0.4538039982452915,-0.907607996490583,11.253974387296681,8.183325130448189,-106.07183116902883,362.72808334010955
296.0,257.9879199553827,257.5747572339573,0.5,-0.41316272142541755,-0.8263254428508351,11.261422526481953,8.20563082369121,-106.14203194743787,363.7167891813952
297.0,258.8599626736669,258.48710733382154,0.5,-0.37285533984542374,-0.7457106796908475,11.268804854426868,8.227783663890186,-106.21161243664633,364.69871977046785
298.0,259.7262310047707,259.3933451403319,0.5,-0.3328858644387836,-0.6657717288775672,11.276122115286283,8.249784771930026,-106.28057965052017,365.6739247908521
299.0,260.5867713100858,260.2935131803893,0.5,-0.29325812969645954,-0.5865162593929191,11.283375043180145,8.271635263341143,-106.34894050834365,366.642453688733
300.0,261.4416296296297,261.1876538323874,0.5,-0.25397579724227154,-0.5079515944845431,11.290564362346677,8.293336248202314,-106.4167018362629,367.6043556686503
301.0,262.29085168011136,262.0758093207215,0.5,-0.2150423593898847,-0.4300847187797694,11.297690787293382,8.31488883104891,-106.48387036870943,368.5596796894309
302.0,263.1344828532268,262.9580217105488,0.5,-0.17646114267802848,-0.35292228535605696,11.304755022945097,8.336294110786163,-106.55045274979544,369.50847446034425
303.0,263.97256821417204,263.83433290279135,0.5,-0.13823531138068593,-0.27647062276137185,11.311757764790128,8.357553180607503,-106.61645553469113,370.4507884374825
304.0,264.80515250036456,264.704784629372,0.5,-0.10036787099254944,-0.2007357419850989,11.31869969902356,8.378667127917552,-106.68188519097559,371.38666982034755
305.0,265.63228012036257,265.5694184486809,0.5,-0.06286167168165425,-0.1257233433633085,11.325581502688363,8.399637034259861,-106.74674809996671,372.31616654864763
306.0,266.45399515297316,266.4282757412609,0.5,-0.025719411712280833,-0.051438823424561665,11.33240384381426,8.42046397524908,-106.81105055802992,373.2393262992908
307.0,267.27034134653985,267.2813977057037,0.5,0.011056359163821645,0.02211271832764329,11.339167381554049,8.441149020507376,-106.87479877786326,374.15619648356693
308.0,268.0813621184011,268.12882535475876,0.5,0.04746323635763172,0.09492647271526344,11.345872766317923,8.461693233605208,-106.93799888976326,375.066824244522
309.0,268.88710055451145,268.9705995116304,0.5,0.08349895711897133,0.16699791423794266,11.352520639905563,8.48209767200587,-107.00065694287002,375.9712564545004
310.0,269.68759940921757,269.80676080647993,0.5,0.11916139726238466,0.23832279452476932,11.359111635635905,8.50236338701417,-107.0627789063902,376.86953971287016
311.0,270.48290110518104,270.63734967310836,0.5,0.15444856792732176,0.3088971358546435,11.365646378474786,8.522491423728741,-107.12437067080022,377.76172034390856
312.0,271.2730477334412,271.4624063458178,0.5,0.1893586123765659,0.3787172247531318,11.372125485160732,8.542482820997977,-107.18543804903183,378.6478443948496
313.0,272.05808105361103,272.28197085645314,0.5,0.22388980284209448,0.44777960568418895,11.37854956432833,8.562338611379518,-107.24598677763485,379.52795763408795
314.0,272.8380424941982,273.0960830316057,0.5,0.25804053740748967,0.5160810748149793,11.384919216629957,8.582059821103059,-107.30602251792463,380.4021055495303
315.0,273.6129731530472,273.9047824899871,0.5,0.29180933693990024,0.5836186738798005,11.391235034855118,8.60164747003647,-107.36555085710673,381.27033334709387
316.0,274.3829137978943,274.7081086399557,0.5,0.3251948420614332,0.6503896841228664,11.397497604048066,8.621102571655005,-107.42457730938554,382.13268594934124
317.0,275.14790486703,275.5061006771954,0.5,0.3581958101653951,0.7163916203307902,11.403707501623545,8.64042613301355,-107.48310731705524,382.98920799425065
318.0,275.9079864700639,276.29879758254657,0.5,0.39081111248263617,0.7816222249652723,11.40986529748047,8.659619154721854,-107.54114625157126,383.83994383411783
319.0,276.6631983887873,277.08623811997404,0.5,0.42303973118673033,0.8460794623734607,11.41597155411375,8.678682630922467,-107.59869941460414,384.6849375345782
320.0,277.41358007812505,277.8684608346749,0.5,0.45488075654985033,0.9097615130997007,11.422026826724537,8.69761754927149,-107.65577203907881,385.5242328737537
321.0,278.1591706671763,278.64550405131695,0.5,0.48633338414065563,0.9726667682813113,11.428031663328284,8.716424890921823,-107.71236929019298,386.3578733415099
322.0,278.900008960336,279.4174058724122,0.5,0.5173969120762212,1.0347938241524424,11.43398660486134,8.735105630509125,-107.76849626642183,387.185902138834
323.0,279.6361334384941,280.18420417680085,0.5,0.5480707383067465,1.096141476613493,11.439892185285846,8.753660736139913,-107.82415800050667,388.0083621773075
324.0,280.3675822603074,280.9459366182717,0.5,0.5783543579642993,1.1567087159285987,11.445748931692505,8.772091169382309,-107.87935946042363,388.8252960786953
325.0,281.09439326354124,281.70264062428134,0.5,0.6082473607401062,1.2164947214802124,11.451557364402207,8.790397885258736,-107.93410555034149,389.63674617462283
326.0,281.81660396647504,282.4543533947978,0.5,0.6377494283227856,1.2754988566455712,11.45731799706564,8.808581832241018,-107.98840111156049,390.4427545063583
327.0,282.53425156937,283.20111190124294,0.5,0.6668603318729188,1.3337206637458376,11.463031336761466,8.826643952247396,-108.0422509234377,391.2433628246806
328.0,283.2473729559931,283.9429528855419,0.5,0.695579929548825,1.39115985909765,11.468697884092794,8.844585180641603,-108.09565970429635,392.0386125898383
329.0,283.9560046951965,284.67991285927417,0.5,0.7239081640776512,1.4478163281553025,11.47431813328217,8.862406446233894,-108.14863211232104,392.8285449715952
330.0,284.6601830425467,285.4120281029156,0.5,0.7518450603689003,1.5036901207378006,11.479892572264987,8.880108671283823,-108.20117274643826,393.61320084935386
331.0,285.3599439420014,286.1393346651792,0.5,0.7793907231778473,1.5587814463556946,11.485421682781343,8.8976927715049,-108.25328614718207,394.3926208123613
332.0,286.055323027631,286.86186836244036,0.5,0.8065453348094028,1.6130906696188057,11.490905940466572,8.91515965607087,-108.3049767975475,395.1668451599879
333.0,286.7463556253817,287.57966477825335,0.5,0.8333091528716972,1.6666183057433943,11.49634581494006,8.932510227623697,-108.35624912382751,395.93591390208087
334.0,287.4330767548771,288.2927592629454,0.5,0.859682508068331,1.719365016136662,11.501741769892925,8.949745382283043,-108.4071074964396,396.69986675938503
335.0,288.1155211312562,289.00118693329483,0.5,0.8856658020386535,1.771331604077307,11.507094263174034,8.9668660096573,-108.45755623073634,397.4587431640312
336.0,288.7937231670446,289.7049826722846,0.5,0.9112595052399678,1.8225190104799356,11.51240374687476,8.98387299285606,-108.50759958780439,398.21258226008894
337.0,289.4677169740572,290.4041811289315,0.5,0.9364641548742486,1.8729283097484972,11.517670667412345,9.00076720850398,-108.55724177525009,398.9614229041816
338.0,290.1375363653296,291.0988167181829,0.5,0.9612803528532725,1.922560705706545,11.522895465611917,9.017549526755888,-108.60648694797263,399.70530366615554
339.0,290.80321485707555,291.7889236208879,0.5,0.9857087638123684,1.9714175276247368,11.528078576787221,9.034220811313308,-108.65533920892479,400.4442628298127
340.0,291.4647856706697,292.4745357838274,0.5,1.0097501131577098,2.0195002263154196,11.533220430820107,9.05078191944204,-108.7038026098623,401.17833839368967
341.0,292.12228173465223,293.1556869198158,0.5,1.0334051851636246,2.066810370327249,11.53832145223856,9.067233701991038,-108.75188115207919,401.90756807189507
342.0,292.77573568675405,293.832410507856,0.5,1.0566748211020078,2.1133496422040157,11.543382060293634,9.083577003412277,-108.79957878713306,402.6319892949891
343.0,293.4251798759402,294.50473979336044,0.5,1.0795599174202266,2.1591198348404532,11.548402669035163,9.099812661781828,-108.84689941755836,403.3516392109188
344.0,294.0706463644711,295.17270778841913,0.5,1.102061423948036,2.204122847896072,11.55338368738622,9.115941508821752,-108.89384689756857,404.0665546859877
345.0,294.71216692997757,295.8363472721324,0.5,1.124180342154809,2.248360684309618,11.55832551921637,9.13196436992317,-108.94042503374641,404.77677230587875
346.0,295.34977306755087,296.4956907909882,0.5,1.1459177234373437,2.2918354468746873,11.563228563413784,9.147882064170112,-108.98663758572354,405.48232837671173
347.0,295.98349599184326,297.1507706592902,0.5,1.1672746674469314,2.334549334893863,11.568093213956272,9.163695404364288,-109.0324882668502,406.18325892614035
348.0,296.61336663918013,297.80161895963755,0.5,1.1882523204574198,2.3765046409148396,11.572919859981008,9.179405197050723,-109.07798074485213,406.87959970448964
349.0,297.23941566968097,298.4482675434459,0.5,1.208851873764957,2.417703747529914,11.577708885853315,9.195012242544157,-109.1231186424792,407.5713861859251
350.0,297.86167346938777,299.0907480315149,0.5,1.229074562127163,2.458149124254326,11.5824606712344,9.210517334956231,-109.1679055381436,408.2586535696585
351.0,298.4801701524004,299.72909181463683,0.5,1.2489216622364805,2.497843324472961,11.587175591147767,9.225921262223357,-109.21234496654597,408.9414367811828
352.0,299.0949355630165,300.36333005424507,0.5,1.2683944912285499,2.5367889824570997,11.591854016044913,9.241224806135305,-109.25644041929439,409.61977047353946
353.0,299.7059992778772,300.99349368310317,0.5,1.2874944052259891,2.5749888104519782,11.596496311869657,9.256428742364436,-109.30019534551093,410.2936890286141
354.0,300.31339060811337,301.61961340602943,0.5,1.3062227979160574,2.612445595832115,11.601102840121714,9.27153384049556,-109.34361315243066,410.96322655846006
355.0,300.9171386014959,302.24171970065396,0.5,1.3245810991580904,2.649162198316181,11.605673957919189,9.286540864056311,-109.38669720599088,411.6284169066448
356.0,301.5172720445864,302.85984281821516,0.5,1.3425707736287544,2.685141547257509,11.610210018059952,9.301450570548168,-109.42945083140935,412.2892936496245
357.0,302.1138194648871,303.474012784384,0.5,1.3601933194968654,2.720386638993731,11.614711369082327,9.316263711477943,-109.4718773137565,412.94589009814047
358.0,302.7068091329911,304.0842594001195,0.5,1.3774502671284008,2.7549005342568016,11.619178355324555,9.330981032389738,-109.5139798985158,413.59823929863535
359.0,303.2962690647301,304.69061224255626,0.5,1.3943431778261584,2.7886863556523167,11.623611316983462,9.345603272897439,-109.55576179213669,414.2463740346929
360.0,303.8822270233196,305.2931006659139,0.5,1.410873642594315,2.82174728518863,11.628010590172302,9.360131166717538,-109.59722616257987,414.8903268284938
361.0,304.46471052150133,305.8917538024426,0.5,1.4270432809412734,2.854086561882547,11.632376506977407,9.374565441702497,-109.63837613985119,415.53012994229385
362.0,305.04374682368086,306.48660056338235,0.5,1.4428537397014816,2.885707479402963,11.636709395514233,9.388906819874324,-109.67921481652982,416.16581537991215
363.0,305.6193629480609,307.0776696399554,0.5,1.4583066918945218,2.9166133837890436,11.641009579982473,9.40315601745867,-109.71974524828785,416.7974148882432
364.0,306.19158566876916,307.6649895043777,0.5,1.4734038356084667,2.9468076712169333,11.64527738072021,9.417313744919166,-109.75997045440057,417.42495995877823
365.0,306.76044151798,308.2485884108901,0.5,1.4881468929100874,2.976293785820175,11.649513114257319,9.431380706992051,-109.79989341824988,418.0484818291399
366.0,307.3259567880295,308.82849439681627,0.5,1.5025376087867814,3.005075217573563,11.653717093368005,9.445357602721195,-109.83951708781946,418.66801148463577
367.0,307.8881575335232,309.4047352836313,0.5,1.5165777501080686,3.0331555002161372,11.657889627122541,9.459245125493217,-109.8788443761824,419.2835796598137
368.0,308.44706957343635,309.9773386780584,0.5,1.5302691046220265,3.060538209244053,11.662031020938208,9.473043963073065,-109.91787816198129,419.89521684003967
369.0,309.00271849320575,310.54633197317224,0.5,1.5436134799664631,3.0872269599329263,11.666141576629496,9.486754797639573,-109.95662128990143,420.50295326307366
370.0,309.55512964681265,311.1117423495295,0.5,1.556612702716811,3.113225405433622,11.670221592457377,9.50037830582145,-109.9950765711353,421.1068189206648
371.0,310.1043281588568,311.67359677630657,0.5,1.5692686174497739,3.1385372348995477,11.674271363177947,9.51391515873328,-110.0332467838408,421.7068435601474
372.0,310.6503389266209,312.2319220124553,0.5,1.5815830858344178,3.1631661716688355,11.678291180090437,9.527366022011828,-110.07113467359407,422.3030566860494
373.0,311.1931866221248,312.7867446078709,0.5,1.5935579857460478,3.1871159714920956,11.682281331084182,9.540731555852345,-110.10874295383196,422.89548756170285
374.0,311.7328956941695,313.3380909045764,0.5,1.6051952104069354,3.2103904208138707,11.686242100685002,9.554012415045182,-110.14607430628925,423.4841652108657
375.0,312.26949037037036,313.88598703791166,0.5,1.6164966675413188,3.2329933350826376,11.690173770101168,9.567209249012365,-110.18313138143196,424.0691184193436
376.0,312.8029946591796,314.4304589377408,0.5,1.627464278561234,3.254928557122468,11.694076617268045,9.580322701844345,-110.21991679887797,424.6503757366188
377.0,313.3334323518966,314.9715323296672,0.5,1.6380999777706016,3.276199955541203,11.69795091689276,9.593353412336894,-110.2564331478182,425.2279654774854
378.0,313.86082702466757,315.50923273625386,0.5,1.6484057115862512,3.2968114231725023,11.701796940497543,9.606302014027868,-110.29268298742501,425.80191572367886
379.0,314.38520204047256,316.04358547826195,0.5,1.6583834377894,3.3167668755788,11.705614956462881,9.619169135234314,-110.32866884725895,426.3722543255209
380.0,314.9065805511007,316.5746156758886,0.5,1.6680351247878438,3.3360702495756875,11.709405230069825,9.631955399089389,-110.36439322766752,426.9390089035561
381.0,315.424985499113,317.10234825001595,0.5,1.6773627509029252,3.3547255018058504,11.713168023541613,9.6446614235794,-110.39985860017752,427.50220685019343
382.0,315.940439619792,317.62680792346845,0.5,1.686368303676406,3.372736607352812,11.716903596084752,9.6572878215809,-110.43506740788219,428.0618753313506
383.0,316.45296544307956,318.1480192222718,0.5,1.6950537791922065,3.390107558384413,11.720612203929484,9.66983520089769,-110.47002206582265,428.6180412880944
384.0,316.9625852955006,318.66600647692314,0.5,1.7034211814225366,3.4068423628450732,11.724294100369496,9.682304164297934,-110.50472496136216,429.17073143828526
385.0,317.4693213020746,319.1807938236635,0.5,1.7114725215889388,3.4229450431778776,11.727949535801276,9.694695309551216,-110.53917845455712,429.71997227822067
386.0,317.97319538821296,319.69240520575164,0.5,1.7192098175386585,3.438419635077317,11.731578757762641,9.707009229465479,-110.57338487852014,430.26579008427177
387.0,318.47422928160364,320.2008643747481,0.5,1.7266350931444798,3.4532701862889597,11.735182010970751,9.719246511924085,-110.60734653977836,430.8082109145265
388.0,318.9724445140812,320.7061948917974,0.5,1.7337503777162486,3.4675007554324973,11.738759537359828,9.73140773992275,-110.64106571862891,431.3472606104263
389.0,319.4678624234843,321.2084201289169,0.5,1.7405577054325985,3.481115410865197,11.742311576117656,9.743493491606388,-110.67454466948307,431.88296479839994
390.0,319.96050415549826,321.70756327028505,0.5,1.747059114786822,3.494118229573644,11.745838363722362,9.755504340306002,-110.70778562121276,432.41534889149784
391.0,320.45039066548446,322.20364731353465,0.5,1.75325664805019,3.50651329610038,11.749340133977945,9.767440854575398,-110.74079077748557,432.94443809102023
392.0,320.93754272029514,322.6966950710423,0.5,1.7591523507471738,3.5183047014943476,11.752817118049656,9.779303598227822,-110.77356231709814,433.47025738814045
393.0,321.42198090007463,323.18672917122626,0.5,1.7647482711516278,3.5294965423032556,11.756269544498778,9.791093130372612,-110.80610239430392,433.9928315655302
394.0,321.90372560004596,323.67377205984127,0.5,1.7700464597953427,3.5400929195906854,11.75969763931685,9.802810005451711,-110.83841313913595,434.5121851989772
395.0,322.3827970322835,324.1578460012702,0.5,1.7750489689866762,3.5500979379733524,11.763101625959345,9.814454773275946,-110.870496657724,435.0283426589942
396.0,322.85921522747117,324.63897307982234,0.5,1.7797578523511641,3.5595157047023283,11.766481725378991,9.82602797906142,-110.90235503260888,435.54132811243124
397.0,323.3330000366466,325.11717520102724,0.5,1.7841751643806454,3.5683503287612908,11.769838156058418,9.837530163465635,-110.93399032304995,436.0511655240772
398.0,323.80417113293043,325.59247409292766,0.5,1.7883029599972098,3.5766059199944196,11.773171134042393,9.848961862623518,-110.96540456532915,436.5578786582568
399.0,324.2727480132421,326.06489130737225,0.5,1.792143294130189,3.584286588260378,11.776480872969804,9.860323608183391,-110.99659977305222,437.0614910804245
400.0,324.73875000000004,326.53444822130643,0.5,1.7956982213064039,3.5913964426128078,11.779767584104677,9.87161592734268,-111.02757793744125,437.5620261587477
401.0,325.20219624280884,327.0011660380641,0.5,1.7989697952552794,3.597939590510559,11.783031476367231,9.882839342883662,-111.05834102762726,438.0595070656914
402.0,325.66310572013083,327.4650657886513,0.5,1.8019600685205215,3.603920137041043,11.786272756364154,9.893994373208873,-111.08889099093562,438.55395677958694
403.0,326.121497240944,327.9261683330315,0.5,1.8046710920875488,3.6093421841750977,11.78949162841863,9.905081532376476,-111.11922975316905,439.0453980862006
404.0,326.5773894463851,328.3844943614112,0.5,1.8071049150261311,3.6142098300522623,11.792688294599797,9.916101330135538,-111.14935921888521,439.5338535802964
405.0,327.0308008113789,328.8400643955142,0.5,1.8092635841353115,3.618527168270623,11.795862954751891,9.92705427196097,-111.17928127167147,440.0193456671857
406.0,327.4817496462524,329.2928987898614,0.5,1.8111491436089568,3.6222982872179137,11.799015806522748,9.937940859088462,-111.20899777441352,440.5018965642749
407.0,327.9302540983353,329.7430177330419,0.5,1.8127636347065574,3.625527269413115,11.802147045392168,9.948761588549198,-111.23851056956276,440.98152830260466
408.0,328.37633215354583,330.19044124898045,0.5,1.8141090954346157,3.6282181908692315,11.805256864699743,9.959516953204352,-111.26782147939846,441.4582627283789
409.0,328.8200016379625,330.6351891982053,0.5,1.8151875602427738,3.6303751204855477,11.808345455672216,9.970207441779525,-111.29693230628573,441.932121504491
410.0,329.26128021938166,331.07728127910804,0.5,1.8160010597263772,3.6320021194527543,11.811413007450456,9.980833538898892,-111.32584483292975,442.4031261120378
411.0,329.70018540886053,331.5167370291979,0.5,1.8165516203373824,3.6331032406747648,11.814459707116209,9.9913957251192,-111.35456082262786,442.8712978518258
412.0,330.1367345622466,331.9535758263581,0.5,1.8168412641114864,3.6336825282229728,11.817485739718274,10.001894476963658,-111.38308201951637,443.33665784587447
413.0,330.5709448816926,332.3878168900891,0.5,1.8168720083964813,3.6337440167929627,11.82049128829834,10.012330266955502,-111.41141014881394,443.799227038903
414.0,331.00283341715766,332.8194792827543,0.5,1.8166458655966216,3.633291731193243,11.823476533916516,10.022703563651516,-111.43954691706239,444.2590261998167
415.0,331.4324170678942,333.2485819108164,0.5,1.8161648429221975,3.632329685844395,11.826441655676394,10.033014831675255,-111.46749401236272,444.7160759231791
416.0,331.8597125839213,333.6751435260694,0.5,1.8154309421480894,3.630861884296179,11.829386830749934,10.043264531750124,-111.49525310460984,445.1703966306792
417.0,332.28473656748395,334.09918272686593,0.5,1.8144461593819765,3.628892318763953,11.832312234401728,10.053453120732247,-111.52282584572117,445.6220085725871
418.0,332.70750547449876,334.5207179593404,0.5,1.8132124848416091,3.6264249696832183,11.835218040013086,10.063581051643157,-111.55021386986364,446.070931829204
419.0,333.1280356159856,334.93976751861965,0.5,1.8117319026340735,3.623463805268147,11.838104419105864,10.073648773702201,-111.57741879367833,446.517186312298
420.0,333.54634315948607,335.35634955004167,0.5,1.8100063905555936,3.6200127811111873,11.840971541365636,10.083656732358943,-111.60444221649888,446.9607917665405
421.0,333.96244413046793,335.7704820503515,0.5,1.8080379198836285,3.616075839767257,11.843819574664952,10.0936053693251,-111.63128572057063,447.40176777092216
422.0,334.3763544137167,336.18218286890607,0.5,1.8058284551894228,3.6116569103788456,11.846648685085798,10.103495122606494,-111.6579508712624,447.84013374016854
423.0,334.788089754713,336.5914697088606,0.5,1.8033799541476372,3.6067599082952744,11.849459036942237,10.113326426534638,-111.6844392172798,448.2759089261404
424.0,335.1976657609973,336.99836012835976,0.5,1.8006943673624514,3.6013887347249027,11.852250792802293,10.12309971179826,-111.7107522908716,448.70911241923136
425.0,335.60509790352125,337.40287154171506,0.5,1.7977736381937954,3.595547276387591,11.855024113509769,10.132815405474496,-111.73689160803522,449.13976314975025
426.0,336.01040151798554,337.8050212205768,0.5,1.7946197025912478,3.5892394051824956,11.857779158205693,10.14247393105991,-111.76285866871906,449.56787988929585
427.0,336.41359180616485,338.2048262951039,0.5,1.7912344889390694,3.582468977878139,11.86051608434948,10.152075708501368,-111.78865495702176,449.99348125212566
428.0,336.8146838372204,338.60230375512117,0.5,1.7876199179007735,3.575239835801547,11.863235047739728,10.161621154226571,-111.81428194138833,450.41658569650946
429.0,337.21369254899867,338.99747045127464,0.5,1.7837779022759772,3.5675558045519544,11.865936202534812,10.171110681174515,-111.83974107480427,450.83721152607893
430.0,337.6106327493177,339.39034309617887,0.5,1.7797103468611912,3.5594206937223825,11.868619701273166,10.180544698825656,-111.86503379498659,451.25537689116544
431.0,338.0055191172411,339.78093826555585,0.5,1.7754191483147612,3.5508382966295224,11.871285694893155,10.189923613231867,-111.89016152457128,451.67109979012713
432.0,338.3983662043388,340.16927239936683,0.5,1.7709061950280334,3.5418123900560667,11.87393433275281,10.199247827046143,-111.91512567129925,452.08439807066605
433.0,338.78918843593556,340.5553618029427,0.5,1.766173367007109,3.532346734014218,11.876565762649367,10.208517739552263,-111.93992762820044,452.49528943114314
434.0,339.1780001123474,340.93922264809987,0.5,1.7612225357525229,3.5224450715050457,11.879180130838305,10.217733746694025,-111.96456877377331,452.9037914218732
435.0,339.5648154101045,341.32087097425216,0.5,1.7560555641476905,3.512111128295381,11.881777582052216,10.22689624110432,-111.98905047216269,453.3099214464148
436.0,339.9496483831636,341.70032268951996,0.5,1.7506743063563304,3.5013486127126607,11.884358259519434,10.236005612134145,-112.0133740733354,453.71369676285536
437.0,340.3325129641071,342.07759357182476,0.5,1.7450806077176453,3.4901612154352906,11.88692230498246,10.24506224588119,-112.03754091325384,454.11513448507856
438.0,340.7134229653298,342.45269926997923,0.5,1.739276304649421,3.478552609298842,11.889469858716021,10.254066525218285,-112.06155231404618,454.51425158402543
439.0,341.0923920802151,342.8256553047772,0.5,1.7332632245620525,3.466526449124105,11.892001059544844,10.26301882982176,-112.08540958417406,454.9110648889512
440.0,341.46943388429753,343.1964770700617,0.5,1.7270431857641422,3.4540863715282843,11.89451604486144,10.271919536199334,-112.10911401859997,455.30559108866163
441.0,341.8445618364156,343.56517983380155,0.5,1.7206179973859286,3.441235994771857,11.897014950643259,10.280769017718042,-112.13266689894911,455.69784673275063
442.0,342.2177892798508,343.9317787391487,0.5,1.713989459297843,3.427978918595686,11.899497911470009,10.289567644631767,-112.1560694936726,456.0878482328213
443.0,342.58912944345695,344.2962888054966,0.5,1.7071593620396566,3.414318724079313,11.901965060540345,10.298315784108684,-112.17932305820469,456.4756118637013
444.0,342.95859544277664,344.65872492952377,0.5,1.700129486747126,3.400258973494252,11.904416529688715,10.30701380025837,-112.20242883512165,456.8611537646454
445.0,343.3262002811471,345.0191018862373,0.5,1.6929016050902033,3.3858032101804065,11.906852449401631,10.31566205415881,-112.22538805429504,457.2444899405324
446.0,343.691956850795,345.3774343300045,0.5,1.6854774792094656,3.370954958418931,11.909272948833928,10.324260903883133,-112.24820193304504,457.6256362630495
447.0,344.05587793391913,345.7337367955781,0.5,1.6778588616589833,3.3557177233179667,11.91167815582478,10.332810704526137,-112.27087167629132,458.00460847186946
448.0,344.4179762037628,346.0880236991136,0.5,1.6700474953507962,3.3400949907015924,11.914068196913357,10.341311808230582,-112.29339847670066,458.38142217581424
449.0,344.7782642256753,346.44030933918174,0.5,1.6620451135064638,3.3240902270129276,11.916443197354486,10.349764564213356,-112.31578351483459,458.75609285401634
450.0,345.1367544581618,346.7906078977718,0.5,1.6538534396099702,3.3077068792199404,11.918803281133908,10.35816931879135,-112.33802795929307,459.12863585706486
451.0,345.4934592539236,347.1389334412861,0.5,1.6454741873624923,3.2909483747249846,11.921148570983332,10.366526415407105,-112.36013296685658,459.4990664081427
452.0,345.8483908608862,347.4852999215278,0.5,1.6369090606416576,3.2738181212833153,11.923479188395616,10.374836194654316,-112.38209968262896,459.8673996041568
453.0,346.2015614232179,347.8297211766871,0.5,1.628159753469146,3.256319506938292,11.92579525363909,10.383098994303134,-112.40392924017259,460.2336504168597
454.0,346.55298298233845,348.1722109323094,0.5,1.6192279499709201,3.2384558999418402,11.928096885772417,10.391315149325163,-112.42562276164844,460.5978336939578
455.0,346.9026674779152,348.51278280226535,0.5,1.6101153243501212,3.2202306487002423,11.930384202658733,10.399484991918358,-112.44718135794926,460.9599641602146
456.0,347.25062674885123,348.851450289709,0.5,1.6008235408577618,3.2016470817155236,11.93265732097979,10.40760885153164,-112.4686061288329,461.32005641854187
457.0,347.5968725342621,349.18822678802866,0.5,1.5913542537665517,3.1827085075331034,11.934916356249913,10.415687054889322,-112.48989816305398,461.6781249510826
458.0,347.94141647444263,349.52312558179415,0.5,1.5817091073515022,3.1634182147030043,11.937161422829822,10.423719926015414,-112.51105853849398,462.03418412028816
459.0,348.284270111824,349.85615984769345,0.5,1.5718897358694266,3.143779471738853,11.939392633939967,10.431707786257597,-112.53208832228708,462.3882481699805
460.0,348.6254448919208,350.1873426554582,0.5,1.5618977635374685,3.123795527074937,11.941610101674218,10.439650954311007,-112.55298857094905,462.74033122640725
461.0,348.96495216426797,350.5166869687932,0.5,1.551734804525182,3.103469609050364,11.94381393701276,10.44754974624195,-112.57376033049901,463.0904472992922
462.0,349.30280318334866,350.84420564628823,0.5,1.5414024629395815,3.082804925879163,11.94600424983533,10.455404475511287,-112.59440463658392,463.43861028287216
463.0,349.639009109512,351.1699114423262,0.5,1.5309023328141727,3.0618046656283453,11.948181148934037,10.463215452997643,-112.61492251459958,463.78483395692575
464.0,349.9735810098815,351.49381700798574,0.5,1.5202359981042517,3.0404719962085034,11.950344742025852,10.470982987020442,-112.63531497980837,464.12913198779415
465.0,350.3065298592541,351.8159348919325,0.5,1.5094050326783919,3.0188100653567838,11.952495135765462,10.478707383362728,-112.65558303746029,464.4715179293928
466.0,350.6378665409895,352.1362775413108,0.5,1.4984110003213245,2.996822000642649,11.954632435757215,10.486388945293834,-112.67572768290562,464.8120052242164
467.0,350.96760184789105,352.454857302616,0.5,1.4872554547250014,2.974510909450003,11.956756746567656,10.494027973591725,-112.69574990171303,465.15060720432905
468.0,351.2957464830768,352.7716864225743,0.5,1.4759399394974901,2.9518798789949803,11.958868171737274,10.501624766565348,-112.71565066978042,465.48733709235466
469.0,351.62231106084147,353.08677704900305,0.5,1.4644659881615758,2.9289319763231516,11.960966813792522,10.509179620076589,-112.73543095344799,465.8222080024511
470.0,351.9473061075099,353.4001412316709,0.5,1.452835124160986,2.905670248321972,11.963052774257497,10.516692827562165,-112.75509170960856,466.15523294127945
471.0,352.2707420622818,353.71179092315,0.5,1.4410488608682275,2.882097721736455,11.965126153665375,10.524164680055296,-112.77463388581523,466.48642480896524
472.0,352.5926292780664,354.0217379796598,0.5,1.4291087015933936,2.8582174031867873,11.967187051569939,10.531595466207166,-112.79405842039,466.8157964000498
473.0,352.9129780223104,354.32999416190216,0.5,1.4170161395917469,2.8340322791834938,11.96923556655678,10.538985472308168,-112.8133662425294,467.1433604044316
474.0,353.2317984778156,354.6365711358954,0.5,1.404772658079811,2.809545316159622,11.971271796254358,10.546334982309055,-112.83255827240879,467.4691294083042
475.0,353.54910074354865,354.94148047379485,0.5,1.3923797302462142,2.7847594604924284,11.973295837345018,10.553644277841821,-112.85163542128609,467.793115895081
476.0,353.8648948354429,355.24473365471215,0.5,1.3798388192692643,2.7596776385385287,11.975307785575762,10.560913638240438,-112.87059859160334,468.1153322463155
477.0,354.1791906871908,355.54634206552385,0.5,1.367151378333043,2.734302756666086,11.977307735768843,10.568143340561383,-112.88944867708658,468.43579074261044
478.0,354.4919981510292,355.84631700167245,0.5,1.354318850643287,2.708637701286574,11.979295781832505,10.575333659603979,-112.90818656284712,468.75450356451955
479.0,354.80332699851544,356.144669667968,0.5,1.3413426694525459,2.6826853389050918,11.981272016771074,10.58248486793063,-112.92681312547649,469.07148279344443
480.0,355.11318692129635,356.44141117937073,0.5,1.3282242580743686,2.6564485161487372,11.983236532695567,10.589597235886723,-112.94532923314657,469.38674041251727
481.0,355.42158753186794,356.73655256178114,0.5,1.314965029913205,2.62993005982641,11.985189420833432,10.596671031620545,-112.96373574570141,469.70028830748254
482.0,355.728538364329,357.0301047528104,0.5,1.3015663884814306,2.603132776962861,11.987130771538853,10.603706521102831,-112.98203351475425,470.0121382675647
483.0,356.0340488751248,357.3220786025546,0.5,1.2880297274297974,2.5760594548595948,11.989060674302445,10.610703968146309,-113.00022338377896,470.32230198633357
484.0,356.33812844378497,357.61248487435296,0.5,1.2743564305679742,2.5487128611359484,11.990979217761069,10.617663634424888,-113.01830618820256,470.63079106255555
485.0,356.6407863736519,357.9013342455497,0.5,1.260547871897836,2.521095743795672,11.99288648970737,10.624585779492875,-113.03628275549507,470.93761700104477
486.0,356.94203189260344,358.18863730824086,0.5,1.2466054156374338,2.4932108312748675,11.994782577099313,10.631470660803844,-113.05415390525944,471.2427912135003
487.0,357.24187415376605,358.4744045700174,0.5,1.232530416251361,2.465060832502722,11.996667566069508,10.638318533729397,-113.07192044931945,471.54632501933685
488.0,357.5403222362225,358.7586464547066,0.5,1.2183242184841279,2.4366484369682557,11.998541541934491,10.645129651577856,-113.0895831918071,471.8482296465137
489.0,357.83738514571036,359.04137330309675,0.5,1.2039881573864173,2.4079763147728346,12.000404589203818,10.651904265612542,-113.10714292924837,472.1485162323451
490.0,358.1330718153151,359.32259537366696,0.5,1.18952355835189,2.37904711670378,12.002256791589136,10.658642625070181,-113.12460045064883,472.4471958243158
491.0,358.4273911061541,359.60232284330266,0.5,1.1749317371485244,2.349863474297049,12.004098232012963,10.665344977178895,-113.14195653757616,472.7442793808788
492.0,358.72035180805506,359.8805658080089,0.5,1.160213999953853,2.320427999907706,12.005928992617527,10.672011567176199,-113.1592119642437,473.0397777722526
493.0,359.01196264022656,360.15733428361517,0.5,1.145371643388632,2.290743286777264,12.007749154773489,10.67864263832673,-113.17636749759247,473.33370178120765
494.0,359.3022322519217,360.43263820647536,0.5,1.1304059545536873,2.2608119091073746,12.00955879908837,10.685238431939847,-113.19342389737074,473.6260621038461
495.0,359.5911692230952,360.706487434162,0.5,1.1153182110668023,2.2306364221336046,12.01135800541511,10.691799187387112,-113.21038191621459,473.9168693503766
496.0,359.87878206505326,360.9788917461521,0.5,1.100109681098845,2.20021936219769,12.013146852860412,10.698325142119531,-113.2272422997267,474.20613404587885
497.0,360.16507922109696,361.24986084450995,0.5,1.084781623413027,2.169563246826054,12.014925419792824,10.704816531684683,-113.24400578655235,474.49386663106236
498.0,360.4500690671592,361.5194043545619,0.5,1.0693352874027233,2.1386705748054466,12.016693783851085,10.711273589743708,-113.2606731084582,474.7800774630201
499.0,360.73375991243375,361.7875318255666,0.5,1.0537719131328511,2.1075438262657022,12.018452021951978,10.717696548088117,-113.27724499040627,475.0647768159729
500.0,361.01616000000007,362.0542527313769,0.5,1.0380927313768418,2.0761854627536835,12.02020021029834,10.724085636656408,-113.29372215062945,475.3479748820063
501.0,361.29727750743905,362.31957647109823,0.5,1.022298963659162,2.044597927318324,12.021938424386928,10.7304410835506,-113.31010530070562,475.62968177180386
502.0,361.5771205474447,362.5835123697433,0.5,1.0063918222986397,2.0127836445972793,12.023666739015981,10.736763115052614,-113.32639514562891,475.9099075153722
503.0,361.8556971684276,362.8460696788712,0.5,0.990372510443616,1.980745020887232,12.025385228293086,10.743051955640361,-113.34259238388391,476.1886620627551
504.0,362.1330153551133,363.10725757723594,0.5,0.9742422221226402,1.9484844442452804,12.027093965642491,10.74930782800393,-113.35869770751455,476.46595528475046
505.0,362.40908302913425,363.3670851714151,0.5,0.9580021422808493,1.9160042845616987,12.028793023812726,10.75553095306139,-113.37471180219589,476.74179697361103
506.0,362.68390804961535,363.625561496441,0.5,0.9416534468255815,1.883306893651163,12.030482474883788,10.761721549974549,-113.39063534730191,477.0161968437429
507.0,362.9574982137536,363.88269551642566,0.5,0.9251973026721153,1.8503946053442306,12.032162390274538,10.76787983616465,-113.40646901597518,477.28916453240083
508.0,363.2298612573918,364.1384961251737,0.5,0.9086348677818712,1.8172697355637424,12.033832840749822,10.774006027327683,-113.422213475194,477.56070960036766
509.0,363.5010048555864,364.3929721468,0.5,0.8919672912135719,1.7839345824271438,12.0354938964275,10.780100337449838,-113.43786938583868,477.83084153263866
510.0,363.77093662316906,364.64613233633474,0.5,0.8751957131656793,1.7503914263313587,12.037145626785447,10.786162978822631,-113.45343740275746,478.0995697390922
511.0,364.0396641153031,364.89798538032164,0.5,0.8583212650185765,1.716642530037153,12.038788100668555,10.792194162057891,-113.46891817483254,478.3669035551542
512.0,364.30719482803346,365.1485398974195,0.5,0.8413450693860248,1.6826901387720496,12.040421386295414,10.798194096102753,-113.48431234504307,478.63285224246255
513.0,364.5735361988317,365.3978044389875,0.5,0.8242682401558641,1.6485364803117282,12.042045551265147,10.804162988254324,-113.49962055052954,478.8974249895171
514.0,364.83869560713475,365.64578748967324,0.5,0.8070918825385048,1.6141837650770097,12.043660662563948,10.81010104417432,-113.5148434226554,479.16063091232866
515.0,365.1026803748787,365.89249746799277,0.5,0.7898170931141085,1.579634186228217,12.045266786571833,10.816008467903611,-113.52998158707075,479.4224790550635
516.0,365.3654977670264,366.1379427269041,0.5,0.7724449598777342,1.5448899197554684,12.046863989068902,10.821885461876473,-113.54503566377123,479.6829783906753
517.0,365.6271549920904,366.3821315543778,0.5,0.7549765622873651,1.5099531245747302,12.048452335241953,10.827732226934875,-113.56000626716056,479.9421378215384
518.0,365.8876592026501,366.62507217396126,0.5,0.7374129713111309,1.4748259426222619,12.050031889690661,10.833548962342523,-113.57489400610858,480.1999661800698
519.0,366.14701749586345,366.8667727453383,0.5,0.7197552494748687,1.4395104989497374,12.051602716433878,10.839335865798825,-113.58969948401071,480.456472229349
520.0,366.4052369139736,367.10724136488165,0.5,0.7020044509079897,1.4040089018159794,12.053164878915846,10.84509313345267,-113.60442329884656,480.7116646637282
521.0,366.6623244448105,367.3464860662047,0.5,0.6841616213942164,1.3683232427884329,12.054718440012264,10.850820959916177,-113.61906604323703,480.9655521094418
522.0,366.91828702228696,367.5845148207051,0.5,0.6662277984181699,1.3324555968363399,12.056263462036277,10.856519538278224,-113.63362830450079,481.2181431252059
523.0,367.1731315268902,367.82133553810144,0.5,0.6482040112112782,1.2964080224225565,12.057800006744534,10.862189060117842,-113.6481106647114,481.46944620281283
524.0,367.42686478616747,368.0569560669728,0.5,0.6300912808053519,1.2601825616107039,12.059328135342934,10.86782971551762,-113.66251370075145,481.71946976772426
525.0,367.6794935752079,368.29138419528414,0.5,0.6118906200762061,1.2237812401524122,12.0608479084925,10.8734416930768,-113.6768379843679,481.96822217965206
526.0,367.93102461711817,368.52462765091127,0.5,0.5936030337930845,1.187206067586169,12.06235938631519,10.879025179924348,-113.69108408222691,482.21571173313816
527.0,368.18146458349435,368.7566941021649,0.5,0.5752295186705406,1.1504590373410812,12.063862628399407,10.884580361731969,-113.7052525559657,482.46194665813056
528.0,368.4308200948883,368.98759115829927,0.5,0.5567710634109584,1.1135421268219168,12.065357693805726,10.890107422726782,-113.71934396224654,482.70693512054584
529.0,368.6790977212695,369.21732637003,0.5,0.5382286487604568,1.0764572975209137,12.066844641072377,10.895606545704176,-113.73335885280854,482.95068522283856
530.0,368.92630398248224,369.44590723003483,0.5,0.5196032475525963,1.0392064951051927,12.068323528220727,10.90107791204027,-113.74729777451917,483.193205004554
531.0,369.172445348698,369.6733411734563,0.5,0.5008958247583544,1.0017916495167087,12.06979441276064,10.906521701704396,-113.76116126942482,483.4345024428811
532.0,369.41752824086336,369.89963557840025,0.5,0.482107337536862,0.964214675073724,12.071257351695818,10.91193809327148,-113.77494987480125,483.6745854532015
533.0,369.66155903114344,370.1247977664251,0.5,0.4632387352816525,0.926477470563305,12.072712401529198,10.917327263934231,-113.78866412320428,483.9134618896294
534.0,369.9045440433604,370.3488350030323,0.5,0.44429095967194876,0.8885819193438975,12.074159618267956,10.922689389515265,-113.8023045425171,484.1511395455494
535.0,370.1464895534279,370.57175449814775,0.5,0.42526494471984316,0.8505298894396863,12.075599057428835,10.928024644479091,-113.81587165600043,484.38762615414817
536.0,370.38740178978134,370.7935634066016,0.5,0.40616161682027274,0.8123232336405455,12.077030774043077,10.933333201944015,-113.82936598233897,484.6229293889405
537.0,370.62728693380285,371.0142688286022,0.5,0.38698189479934203,0.7739637895986841,12.078454822661534,10.938615233693882,-113.84278803568965,484.85705686429185
538.0,370.86615112024293,371.2338778102062,0.5,0.36772668996323954,0.7354533799264791,12.079871257359699,10.943870910189771,-113.85613832572898,485.0900161359352
539.0,371.1040004376374,371.4523973437858,0.5,0.34839690614838187,0.6967938122967637,12.081280131742405,10.949100400581537,-113.86941735769742,485.32181470148316
540.0,371.34084092872024,371.66983436848875,0.5,0.3289934397685089,0.6579868795370178,12.082681498948858,10.954303872719253,-113.88262563244669,485.5524600009354
541.0,371.5766785908319,371.8861957706943,0.5,0.3095171798624141,0.6190343597248282,12.08407541165739,10.959481493164507,-113.89576364648468,485.781959417179
542.0,371.81151937632393,372.101488384471,0.5,0.2899690081470534,0.5799380162941068,12.085461922090133,10.964633427201724,-113.90883189201953,486.0103202764905
543.0,372.04536919295964,372.31571899202237,0.5,0.2703497990627343,0.5406995981254686,12.086841082017708,10.969759838849228,-113.92183085700368,486.2375498490261
544.0,372.27823390431007,372.5288943241309,0.5,0.2506604198208042,0.5013208396416085,12.088212942763914,10.974860890870234,-113.93476102517815,486.46365534930897
545.0,372.5101193301463,372.74102106060025,0.5,0.23090173045392148,0.46180346090784297,12.089577555210221,10.979936744783808,-113.94762287611495,486.6886439367152
546.0,372.7410312468284,372.9521058306941,0.5,0.21107458386573394,0.4221491677314679,12.090934969800342,10.984987560875714,-113.96041688526005,486.9125227159542
547.0,372.9709753876894,373.16215521356645,0.5,0.1911798258770424,0.3823596517540848,12.09228523654459,10.990013498209061,-113.97314352397451,487.13529873754095
548.0,373.199957443416,373.3711757386892,0.5,0.17121829527319196,0.3424365905463839,12.093628405024452,10.995014714634923,-113.98580325957762,487.3569789982668
549.0,373.42798306242577,373.57917388628033,0.5,0.1511908238545552,0.3023816477091104,12.094964524396804,10.999991366802892,-113.99839655538659,487.57757044166686
550.0,373.65505785123975,373.78615608772327,0.5,0.13109823648354257,0.26219647296708515,12.096293643398276,11.004943610171466,-114.01092387075768,487.79707995848094
551.0,373.8811873748518,373.9921287259838,0.5,0.11094135113199383,0.22188270226398765,12.097615810349488,11.009871599018357,-114.0233856611261,488.0155143871099
552.0,374.1063771570947,374.1970981360225,0.5,0.09072097892776483,0.18144195785552966,12.098931073159282,11.014775486450699,-114.03578237804602,488.23288051406854
553.0,374.33063268100125,374.4010706052087,0.5,0.07043792420745544,0.14087584841491088,12.100239479328827,11.019655424415252,-114.04811446922913,488.4491850744379
554.0,374.5539593891634,374.6040523737183,0.5,0.050092984554864724,0.10018596910972945,12.10154107595584,11.02451156370828,-114.06038237858446,488.6644347523027
555.0,374.7763626840866,374.80604963494363,0.5,0.029686950856979862,0.059373901713959724,12.102835909738527,11.02934405398564,-114.07258654625561,488.8786361811992
556.0,374.9978479285409,375.00706853588827,0.5,0.009220607347386585,0.01844121469477317,12.104124026979578,11.034153043772529,-114.08472740865821,489.0917959445465
557.0,375.218420445909,375.2071151775614,0.5,-0.01130526834760988,-0.02261053669521976,12.105405473590324,11.038938680473265,-114.09680539851934,489.30392057608066
558.0,375.4380855205301,375.4061956153685,0.5,-0.03188990516159332,-0.06377981032318664,12.10668029509442,11.043701110380907,-114.10882094491208,489.51501656028057
559.0,375.6568483980413,375.6043158595026,0.5,-0.05253253853869686,-0.10506507707739372,12.107948536631884,11.048440478686896,-114.12077447329358,489.7250903327962
560.0,375.8747142857143,375.8014818753232,0.5,-0.07323241039108191,-0.14646482078216383,12.109210242962913,11.053156929490466,-114.13266640554117,489.9341482808644
561.0,376.0916883527901,375.99769958373946,0.5,-0.09398876905061497,-0.18797753810122994,12.110465458471586,11.057850605808035,-114.14449715998708,490.1421967437265
562.0,376.3077757308092,376.1929748615854,0.5,-0.11480086922380539,-0.22960173844761078,12.111714227169674,11.062521649582507,-114.15626715145447,490.3492420130399
563.0,376.5229815139399,376.38731354199695,0.5,-0.13566797194293168,-0.27133594388586335,12.112956592700304,11.067170201692546,-114.16797679129193,490.5552903332889
564.0,376.7373107593016,376.58072141477714,0.5,-0.15658934452445208,-0.31317868904890417,12.114192598341706,11.071796401961606,-114.17962648740878,490.7603479021859
565.0,376.9507684872863,376.7732042267677,0.5,-0.1775642605186486,-0.3551285210372972,12.11542228701069,11.076400389167068,-114.19121664430786,490.9644208710755
566.0,377.16335968187684,376.96476768220674,0.5,-0.19859199967011273,-0.39718399934022547,12.116645701266357,11.08098230104909,-114.2027476631205,491.1675153453273
567.0,377.37508929096094,377.1554174430936,0.5,-0.21967184786734717,-0.43934369573469434,12.117862883313535,11.085542274319568,-114.21421994163892,491.3696373847325
568.0,377.58596222664295,377.345159129543,0.5,-0.24080309709994818,-0.48160619419989636,12.119073875006315,11.090080444670882,-114.22563387434953,491.5707930038925
569.0,377.7959833655529,377.5339983201389,0.5,-0.26198504541396705,-0.5239700908279341,12.120278717851612,11.094596946784634,-114.23698985246655,491.7709881726055
570.0,378.0051575491514,377.7219405522852,0.5,-0.28321699686621266,-0.5664339937324253,12.12147745301227,11.09909191434022,-114.24828826396117,491.9702288162464
571.0,378.21348958403274,377.90899132255106,0.5,-0.3044982614816879,-0.6089965229633758,12.122670121310811,11.103565480023418,-114.25952949359703,492.16852081614815
572.0,378.42098424222365,378.0951560870174,0.5,-0.32582815520624075,-0.6516563104124815,12.12385676323255,11.108017775534867,-114.2707139229594,492.36587000997685
573.0,378.6276462614807,378.2804402616142,0.5,-0.3472059998664995,-0.694411999732999,12.125037418928956,11.112448931598399,-114.28184193048708,492.5622821921013
574.0,378.8334803455835,378.4648492224611,0.5,-0.36863112312239676,-0.7372622462447935,12.126212128220915,11.116859077969398,-114.2929138915029,492.757763113964
575.0,379.0384911646256,378.6483883061984,0.5,-0.39010285842718906,-0.7802057168543781,12.127380930601934,11.121248343442975,-114.30393017824419,492.95231848444257
576.0,379.2426833553027,378.831062810322,0.5,-0.4116205449807011,-0.8232410899614022,12.128543865241406,11.125616855862193,-114.31489115989329,493.1459539702153
577.0,379.4460615211971,379.0128779935094,0.5,-0.4331835276877361,-0.8663670553754722,12.129700970987699,11.129964742126095,-114.32579720260688,493.3386751961163
578.0,379.64863023306117,379.1938390759454,0.5,-0.45479115711580914,-0.9095823142316183,12.13085228637124,11.134292128197705,-114.33664866954491,493.5304877454903
579.0,379.8503940290958,379.373951239644,0.5,-0.47644278945177887,-0.9528855789035577,12.13199784960772,11.138599139111967,-114.3474459209009,493.7213971605449
580.0,380.0513574152282,379.5532196287698,0.5,-0.4981377864584371,-0.9962755729168742,12.133137698601022,11.142885898983623,-114.35818931392942,493.9114089426992
581.0,380.25152486538536,379.73164934995185,0.5,-0.5198755154335124,-1.0397510308670248,12.134271870946312,11.147152531014946,-114.36887920297536,494.1005285529272
582.0,380.4509008217661,379.9092454725975,0.5,-0.5416553491686315,-1.083310698337263,12.135400403933017,11.151399157503459,-114.37951593950194,494.2887614120994
583.0,380.6494896951097,380.08601302920613,0.5,-0.5634766659036217,-1.1269533318072433,12.136523334547746,11.155625899849635,-114.39009987211818,494.47611290132426
584.0,380.8472958649622,380.26195701567326,0.5,-0.5853388492889026,-1.1706776985778051,12.137640699477187,11.159832878564366,-114.4006313466063,494.66258836227956
585.0,381.04432367994013,380.43708239159685,0.5,-0.6072412883433038,-1.2144825766866076,12.138752535111072,11.164020213276512,-114.41111070594964,494.84819309754647
586.0,381.2405774579917,380.6113940805807,0.5,-0.6291833774110787,-1.2583667548221573,12.139858877544965,11.168188022740333,-114.4215382903589,495.03293237093953
587.0,381.43606148665503,380.7848969705329,0.5,-0.6511645161221771,-1.3023290322443541,12.140959762583098,11.172336424842827,-114.43191443729886,495.21681140783176
588.0,381.63078002331486,380.9575959139611,0.5,-0.6731841093537917,-1.3463682187075834,12.142055225741114,11.176465536610984,-114.44223948151438,495.39983539547546
589.0,381.8247372954556,381.12949572827085,0.5,-0.6952415671847018,-1.3904831343694035,12.143145302248966,11.180575474219108,-114.45251375505748,495.5820094833283
590.0,382.01793750091304,381.30060119605196,0.5,-0.7173363048610957,-1.4346726097221913,12.144230027053487,11.184666352995857,-114.46273758731178,495.7633387833638
591.0,382.21038480812246,381.47091706537105,0.5,-0.7394677427513822,-1.4789354855027643,12.145309434821169,11.188738287431406,-114.47291130501858,495.94382837038967
592.0,382.40208335636584,381.64044805005494,0.5,-0.7616353063109106,-1.5232706126218212,12.146383559940851,11.192791391184427,-114.48303523230229,496.1234832823572
593.0,382.5930372560151,381.80919882997676,0.5,-0.7838384260383496,-1.5676768520766993,12.147452436526258,11.196825777089083,-114.49310969069414,496.30230852067086
594.0,382.78325058877425,381.9771740513339,0.5,-0.8060765374403653,-1.6121530748807307,12.148516098418716,11.200841557161874,-114.50313499915805,496.480309050492
595.0,382.9727274079182,382.144378326928,0.5,-0.828349080990286,-1.656698161980572,12.149574579189693,11.204838842608481,-114.51311147411445,496.65748980104246
596.0,383.16147173853045,382.3108162364435,0.5,-0.8506555020870216,-1.7013110041740431,12.15062791214338,11.208817743830624,-114.52303942946455,496.83385566590795
597.0,383.34948757773736,382.4764923267126,0.5,-0.8729952510247391,-1.7459905020494781,12.15167613031918,11.212778370432554,-114.53291917661389,497.00941150332653
598.0,383.53677889494105,382.6414111119977,0.5,-0.8953677829433967,-1.7907355658867934,12.152719266494126,11.216720831227931,-114.54275102449512,497.1841621364928
599.0,383.7233496320492,382.8055770742488,0.5,-0.9177725578003676,-1.8355451156007352,12.153757353185624,11.220645234246243,-114.55253527959381,497.3581123538426
600.0,383.9092037037037,382.9689946633775,0.5,-0.9402090403262251,-1.8804180806524502,12.154790422653589,11.224551686739403,-114.5622722459686,497.53126690934613
