T_K,alpha_obs_1e-8_per_K,alpha_pred_1e-8_per_K,sigma_fit_1e-8_per_K,Cp_proxy_J_per_molK,Cp_proxy_kind,B_GPa,gamma_model_dimensionless,residual_1e-8_per_K,z
13.0,0.10555386774141656,-0.22823176048628546,0.03,0.020936397099300078,debye_scaled,98.0,-0.12882657279042806,-0.333785628227702,-11.126187607590069
14.0,0.13309041480754097,-0.28346547915074016,0.03,0.026149054911460672,debye_scaled,98.0,-0.12810777854063563,-0.41655589395828113,-13.885196465276039
15.0,0.14906469638765094,-0.3466712880710558,0.03,0.032162193996417524,debye_scaled,98.0,-0.12738066942538795,-0.4957359844587067,-16.524532815290225
16.0,0.11030769097369961,-0.41830132748708726,0.03,0.03903299158790378,debye_scaled,98.0,-0.12664519727366633,-0.5286090184607869,-17.62030061535956
17.0,0.04474672330195559,-0.4987898420698091,0.03,0.046818624919365885,debye_scaled,98.0,-0.12590131501705246,-0.5435365653717646,-18.117885512392156
18.0,-0.045386038282090646,-0.5885527432805011,0.03,0.055576271222461254,debye_scaled,98.0,-0.12514897673392572,-0.5431667049984104,-18.105556833280346
19.0,-0.17180920211933742,-0.6879871686728869,0.03,0.06536310771995665,debye_scaled,98.0,-0.1243881376941357,-0.5161779665535495,-17.20593221845165
20.0,-0.3406056923499412,-0.7974710382605074,0.03,0.07623631159818726,debye_scaled,98.0,-0.12361875440412626,-0.45686534591056616,-15.22884486368554
21.0,-0.5572548031493234,-0.9173626078084288,0.03,0.08825305991689839,debye_scaled,98.0,-0.12284078465248534,-0.36010780465910536,-12.003593488636845
22.0,-0.8269343037943666,-1.0480000183223377,0.03,0.10147052935406042,debye_scaled,98.0,-0.12205418755589405,-0.22106571452797102,-7.368857150932367
23.0,-1.1544019759301651,-1.189700839902842,0.03,0.11594589556874697,debye_scaled,98.0,-0.12125892360544664,-0.035298863972676627,-1.176628799089221
24.0,-1.5438820451316155,-1.3427616063236962,0.03,0.1317363317744582,debye_scaled,98.0,-0.12045495471331177,0.20112043880791936,6.704014626930646
25.0,-1.9989624023433001,-1.507457334083651,0.03,0.14889900583331672,debye_scaled,98.0,-0.11964224425970393,0.4915050682596493,16.383502275321643
26.0,-2.522504697236022,-1.6840410163468142,0.03,0.167491074808784,debye_scaled,98.0,-0.11882075714013281,0.8384636808892078,27.948789362973592
27.0,-3.116569133524793,-1.8727430784113166,0.03,0.1875696754721924,debye_scaled,98.0,-0.11799045981289613,1.2438260551134763,41.46086850378255
28.0,-3.7823555521281924,-2.0737707776176815,0.03,0.2091919087893128,debye_scaled,98.0,-0.1171513203467812,1.7085847745105112,56.952825817017036
29.0,-4.520162148372184,-2.287307527542059,0.03,0.23241481597643437,debye_scaled,98.0,-0.11630330846893765,2.2328546208301248,74.42848736100416
30.0,-5.329362933914205,-2.513512124549752,0.03,0.25729534337668003,debye_scaled,98.0,-0.11544639561288371,2.815850809364453,93.86169364548176
31.0,-6.208404819558522,-2.7525178548429543,0.03,0.2838902932272138,debye_scaled,98.0,-0.11458055496660571,3.455886964715567,115.19623215718558
32.0,-7.154824948830198,-3.0044314623543684,0.03,0.3122562574119678,debye_scaled,98.0,-0.11370576152071007,4.15039348647583,138.34644954919432
33.0,-8.165288610226703,-3.2693319622864063,0.03,0.342449531545287,debye_scaled,98.0,-0.11282199211658489,4.895956647940297,163.19855493134324
34.0,-9.235647568070469,-3.5472692915772104,0.03,0.3745260072068314,debye_scaled,98.0,-0.1119292254945272,5.688378276493258,189.61260921644194
35.0,-10.361017643945683,-3.838262795660169,0.03,0.4085410408205829,debye_scaled,98.0,-0.1110274423417906,6.522754848285514,217.42516160951712
36.0,-11.53587213840112,-4.142299559977235,0.03,0.44454929849507185,debye_scaled,98.0,-0.11011662534050622,7.393572578423886,246.45241928079622
37.0,-12.754143016313503,-4.45933260412886,0.03,0.4826045770597844,debye_scaled,98.0,-0.10919675921542919,8.294810412184644,276.49368040615485
38.0,-14.009313478001562,-4.789278965611965,0.03,0.5227596024808275,debye_scaled,98.0,-0.10826783078146097,9.220034512389597,307.33448374631996
39.0,-15.29447420902185,-5.1320177081969325,0.03,0.56506580775583,debye_scaled,98.0,-0.10732982899089677,10.162456500824916,338.74855002749723
40.0,-16.602307452314196,-5.487387896628775,0.03,0.6095730932195759,debye_scaled,98.0,-0.10638274498034622,11.11491955568542,370.49731852284737
41.0,-17.92497397171395,-5.855186584155372,0.03,0.6563295728946331,debye_scaled,98.0,-0.1054265721172742,12.069787387558577,402.32624625195257
42.0,-19.25393178381967,-6.23516686219583,0.03,0.7053813110650979,debye_scaled,98.0,-0.1044613060461069,13.018764921623843,433.95883072079477
43.0,-20.57982681768017,-6.627036022222396,0.03,0.7567720536196636,debye_scaled,98.0,-0.10348694473384838,13.952790795457776,465.0930265152592
44.0,-21.892734715054942,-7.030453878727121,0.03,0.8105429588980233,debye_scaled,98.0,-0.10250348851515066,14.862280836327823,495.40936121092744
45.0,-23.183094549565123,-7.44503129917427,0.03,0.8667323327887032,debye_scaled,98.0,-0.10151094013677962,15.738063250390852,524.6021083463618
46.0,-24.44350210782511,-7.870328982367358,0.03,0.9253753726816076,debye_scaled,98.0,-0.10050930480141858,16.573173125457753,552.439104181925
47.0,-25.671034412641923,-8.305856520999669,0.03,0.9865039245960447,debye_scaled,98.0,-0.09949859021075019,17.365177891642254,578.8392630547419
48.0,-26.869114083595484,-8.751071777638655,0.03,1.0501462574094755,debye_scaled,98.0,-0.09847880660775586,18.118042305956827,603.9347435318942
49.0,-28.047550735151784,-9.205380596349281,0.03,1.1163268576306542,debye_scaled,98.0,-0.09744996681817229,18.842170138802505,628.0723379600836
50.0,-29.219839113498725,-9.668136864890798,0.5,1.1850662476192235,debye_scaled,98.0,-0.0964120862910436,19.551702248607928,39.103404497215855
51.0,-30.398143944106238,-10.138642935205285,0.5,1.2563808295779852,debye_scaled,98.0,-0.09536518313830625,20.259501008900955,40.51900201780191
52.0,-31.587983876191615,-10.616150402979612,0.5,1.3302827570559146,debye_scaled,98.0,-0.09430927817334454,20.971833473212,41.943666946424
53.0,-32.785282943173925,-11.099861240601966,0.5,1.4067798351203051,debye_scaled,98.0,-0.09324439494845355,21.68542170257196,43.37084340514392
54.0,-33.97744650673043,-11.588929271980515,0.5,1.4858754498002433,debye_scaled,98.0,-0.09217055979114588,22.388517234749916,44.77703446949983
55.0,-35.147901529178526,-12.082461972555576,0.5,1.5675685268852066,debye_scaled,98.0,-0.09108780183923874,23.06543955662295,46.1308791132459
56.0,-36.28160563772687,-12.5795225734679,0.5,1.6518535196904403,debye_scaled,98.0,-0.08999615307465755,23.702083064258968,47.404166128517936
57.0,-37.3687325204642,-13.079132445274883,0.5,1.738720424982138,debye_scaled,98.0,-0.08889564835589246,24.289600075189316,48.57920015037863
58.0,-38.40518380186532,-13.580273733826138,0.5,1.828154825893707,debye_scaled,98.0,-0.08778632544904393,24.824910068039184,49.64982013607837
59.0,-39.39057708632551,-14.081892218893516,0.5,1.9201379603612148,debye_scaled,98.0,-0.08666822505739398,25.30868486743199,50.61736973486398
60.0,-40.325512945819106,-14.582900364851008,0.5,2.0146468133607507,debye_scaled,98.0,-0.08554139084944018,25.7426125809681,51.4852251619362
61.0,-41.20970843881951,-15.082180532057816,0.5,2.1116542310409554,debye_scaled,98.0,-0.08440586948532959,26.1275279067617,52.2550558135234
62.0,-42.04154377632751,-15.57858831754591,0.5,2.211129054707086,debye_scaled,98.0,-0.08326171064163043,26.462955458781597,52.92591091756319
63.0,-42.81861843428044,-16.07095599407652,0.5,2.313036272524396,debye_scaled,98.0,-0.08210896703438043,26.74766244020392,53.49532488040784
64.0,-43.538579731641384,-16.558096017534083,0.5,2.417337186763687,debye_scaled,98.0,-0.08094769444035094,26.980483714107304,53.96096742821461
65.0,-44.19969727735163,-17.038804573899558,0.5,2.52398959440591,debye_scaled,98.0,-0.07977795171646752,27.160892703452078,54.321785406904155
66.0,-44.80103857773052,-17.511865138610155,0.5,2.6329479789497436,debye_scaled,98.0,-0.07859980081732815,27.28917343912037,54.57834687824074
67.0,-45.34235992474759,-17.976052022911293,0.5,2.7441637113222064,debye_scaled,98.0,-0.07741330681076194,27.366307901836297,54.732615803672594
68.0,-45.82389059404059,-18.43013388376749,0.5,2.8575852578714,debye_scaled,98.0,-0.07621853789137238,27.393756710273106,54.78751342054621
69.0,-46.24613360616911,-18.872877175975844,0.5,2.973158393519043,debye_scaled,98.0,-0.07501556539201044,27.373256430193265,54.74651286038653
70.0,-46.60972930414598,-19.303049527262743,0.5,3.090826418263428,debye_scaled,98.0,-0.073804463793125,27.30667977688324,54.61335955376648
71.0,-46.91537870663838,-19.719423019300134,0.5,3.210530375347096,debye_scaled,98.0,-0.07258531072993903,27.195955687338248,54.391911374676496
72.0,-47.163806689398015,-20.120777359719554,0.5,3.3322092695349883,debye_scaled,98.0,-0.07135818699740272,27.043029329678458,54.086058659356915
73.0,-47.355746534351695,-20.505902932292763,0.5,3.4558002840840856,debye_scaled,98.0,-0.07012317655287607,26.84984360205893,53.69968720411786
74.0,-47.49193419122941,-20.873603714467897,0.5,3.581238995122773,debye_scaled,98.0,-0.06888036651649593,26.618330476761518,53.236660953523035
75.0,-47.57310637523066,-21.22270005337863,0.5,3.7084595822948745,debye_scaled,98.0,-0.0676298471691849,26.350406321852024,52.70081264370405
76.0,-47.60000000070899,-21.55203129326092,0.5,3.8373950346569936,debye_scaled,98.0,-0.06637171194826146,26.04796870744807,52.09593741489614
77.0,-47.57335202910934,-21.86045824891669,0.5,3.9679773509483747,debye_scaled,98.0,-0.06510605744061379,25.71289378019265,51.4257875603853
78.0,-47.49389943201553,-22.146865521436723,0.5,4.100137733476867,debye_scaled,98.0,-0.06383298337340199,25.34703391057881,50.69406782115762
79.0,-47.362379183002,-22.410163653842886,0.5,4.233806774983587,debye_scaled,98.0,-0.06255259260225639,24.95221552915911,49.90443105831822
80.0,-47.17952825599982,-22.649291125622685,0.5,4.368914637960309,debye_scaled,98.0,-0.061264991096942736,24.530237130377134,49.06047426075427
81.0,-46.94608362499685,-22.86321618631422,0.5,4.505391225998208,debye_scaled,98.0,-0.05997028792446757,24.08286743868263,48.16573487736526
82.0,-46.66278226398362,-23.050938529355253,0.5,4.643166346843243,debye_scaled,98.0,-0.058668595229600835,23.61184373462837,47.22368746925674
83.0,-46.33036114693441,-23.21149080834174,0.5,4.782169866922238,debye_scaled,98.0,-0.05736002821279559,23.118870338592664,46.23774067718533
84.0,-45.94955724778184,-23.343939998655582,0.5,4.922331857185,debye_scaled,98.0,-0.056044705105488375,22.605617249126258,45.211234498252516
85.0,-45.521107540370274,-23.447388608121493,0.5,5.063582730181009,debye_scaled,98.0,-0.05472274714276693,22.073718932248777,44.147437864497554
86.0,-45.04574899837457,-23.520975740949055,0.5,5.205853368355258,debye_scaled,98.0,-0.053394278533395644,21.524773257425515,43.04954651485103
87.0,-44.5242185951673,-23.563878019712348,0.5,5.349075243606323,debye_scaled,98.0,-0.05205942642719299,20.960340575454946,41.92068115090989
88.0,-43.95725330361309,-23.575310370525624,0.5,5.493180528201634,debye_scaled,98.0,-0.05071832087975835,20.381942933087466,40.76388586617493
89.0,-43.34559009576302,-23.554526676895236,0.5,5.638102197189976,debye_scaled,98.0,-0.04937109481455011,19.791063418867786,39.58212683773557
90.0,-42.689965942416706,-23.50082030797341,0.5,5.783774122490252,debye_scaled,98.0,-0.04801788398232003,19.189145634443296,38.37829126888659
91.0,-41.99111781251263,-23.413524527117794,0.5,5.930131158869135,debye_scaled,98.0,-0.046658826917913385,18.577593285394833,37.15518657078967
92.0,-41.24978267230061,-23.292012786773558,0.5,6.0771092220478,debye_scaled,98.0,-0.045294064894448184,17.957769885527053,35.91553977105411
93.0,-40.46669748424253,-23.135698915755466,0.5,6.224645359201204,debye_scaled,98.0,-0.04392374187489025,17.330998568487065,34.66199713697413
94.0,-39.642599205578875,-22.944037205018468,0.5,6.372677812131954,debye_scaled,98.0,-0.042548004461046014,16.698562000560404,33.39712400112081
95.0,-38.77822478649051,-22.71652239797314,0.5,6.521146073415333,debye_scaled,98.0,-0.0411670018399977,16.06170238851737,32.12340477703474
96.0,-37.87431116777472,-22.45268959133251,0.5,6.669990935822504,debye_scaled,98.0,-0.03978088572801068,15.421621576442208,30.843243152884416
97.0,-36.93159527794545,-22.152114052378053,0.5,6.819154535336982,debye_scaled,98.0,-0.03838981031194624,14.779481225567395,29.55896245113479
98.0,-35.95081402965632,-21.814410958401922,0.5,6.968580388083185,debye_scaled,98.0,-0.03699393218821712,14.1364030712544,28.2728061425088
99.0,-34.93270431533442,-21.439235063935357,0.5,7.118213421488638,debye_scaled,98.0,-0.03559341029932754,13.49346925139906,26.98693850279812
100.0,-33.87800300190036,-21.026280301201062,0.5,7.268,janaf_interp,98.0,-0.03418840586804317,12.851722700699302,25.703445401398604
101.0,-32.78744692443848,-20.391635809558316,0.5,7.35168,janaf_interp,98.0,-0.03277908232924043,12.395811114880162,24.791622229760325
102.0,-31.661772878667538,-19.734419379787735,0.5,7.43536,janaf_interp,98.0,-0.031365605259488824,11.927353498879803,23.854706997759607
103.0,-30.501717612048825,-19.05464944463422,0.5,7.5190399999999995,janaf_interp,98.0,-0.029948142304423404,11.447068167414606,22.894136334829213
104.0,-29.308017813354557,-18.352350468188952,0.5,7.60272,janaf_interp,98.0,-0.028526863103968726,10.955667345165606,21.911334690331213
105.0,-28.081410100504645,-17.627552966505693,0.5,7.6864,janaf_interp,98.0,-0.027101939215479123,10.45385713399895,20.9077142679979
106.0,-26.82263100646448,-16.880293523626683,0.5,7.77008,janaf_interp,98.0,-0.02567354403486388,9.942337482837795,19.88467496567559
107.0,-25.53241696298056,-16.110614802966357,0.5,7.853759999999999,janaf_interp,98.0,-0.02424185271576952,9.421802160014202,18.843604320028405
108.0,-24.21150428191423,-15.31856555400723,0.5,7.93744,janaf_interp,98.0,-0.022807042086894793,8.892938727906998,17.785877455813996
109.0,-22.86062913391679,-14.504200614269115,0.5,8.02112,janaf_interp,98.0,-0.021369290567517362,8.356428519647677,16.712857039295354
110.0,-21.48052752417128,-13.667580906519333,0.5,8.1048,janaf_interp,98.0,-0.01992877808131443,7.812946617651946,15.625893235303892
111.0,-20.07193526490828,-12.808773431198597,0.5,8.18848,janaf_interp,98.0,-0.018485685968562607,7.263161833709683,14.526323667419366
112.0,-18.635587944384035,-11.92785125404389,0.5,8.27216,janaf_interp,98.0,-0.01704019689680536,6.707736690340145,13.41547338068029
113.0,-17.172220891989664,-11.024893488896966,0.5,8.35584,janaf_interp,98.0,-0.015592494770079115,6.1473274030926985,12.294654806185397
114.0,-15.682569139140362,-10.099985275693907,0.5,8.43952,janaf_interp,98.0,-0.014142764636791894,5.582583863446455,11.16516772689291
115.0,-14.167367375572635,-9.153217753638426,0.5,8.5232,janaf_interp,98.0,-0.012691192596350634,5.014149621934208,10.028299243868416
116.0,-12.62734990065664,-8.184688029568763,0.5,8.60688,janaf_interp,98.0,-0.011237965704635994,4.442661871087878,8.885323742175755
117.0,-11.063250569308558,-7.194499141535067,0.5,8.69056,janaf_interp,98.0,-0.009783271878425278,3.868751427773491,7.737502855546982
118.0,-9.475802732065834,-6.182760017611593,0.5,8.774239999999999,janaf_interp,98.0,-0.00832729979886638,3.2930427144542405,6.586085428908481
119.0,-7.865739168864852,-5.149585429974865,0.5,8.85792,janaf_interp,98.0,-0.006870238814107197,2.7161537388899872,5.4323074777799745
120.0,-6.233792016037186,-4.095095944286407,0.5,8.9416,janaf_interp,98.0,-0.005412278841186758,2.138696071750779,4.277392143501558
121.0,-4.580692686016328,-3.0194178644255136,0.5,9.025279999999999,janaf_interp,98.0,-0.003953610267295556,1.561274821590815,3.12254964318163
122.0,-2.907171779221993,-1.9226831726246525,0.5,9.10896,janaf_interp,98.0,-0.0024944238505138815,0.9844886065973407,1.9689772131946814
123.0,-1.2139589875638004,-0.8050294650669862,0.5,9.192639999999999,janaf_interp,98.0,-0.001034910620137894,0.40892952249681414,0.8178590449936283
124.0,0.4982170110198722,0.33340011698765154,0.5,9.276319999999998,janaf_interp,98.0,0.0004247382232960415,-0.1648168940322207,-0.3296337880644414
125.0,2.2286286675985836,1.4924569604752815,0.5,9.36,janaf_interp,98.0,0.0018843314081776281,-0.7361717071233022,-1.4723434142466043
126.0,3.976549687500006,2.671987058119171,0.5,9.44368,janaf_interp,98.0,0.0033436776920680567,-1.3045626293808352,-2.6091252587616705
127.0,5.74125516643895,3.8718310902540165,0.5,9.52736,janaf_interp,98.0,0.004802585961912939,-1.8694240761849343,-3.7388481523698687
128.0,7.522021738219501,5.091824510790593,0.5,9.61104,janaf_interp,98.0,0.006260865334111193,-2.4301972274289088,-4.8603944548578175
129.0,9.318127734732666,6.331797637222404,0.5,9.69472,janaf_interp,98.0,0.007718325254328587,-2.986330097510262,-5.972660195020524
130.0,11.128853359002111,7.591575744570012,0.5,9.7784,janaf_interp,98.0,0.00917477559694515,-3.5372776144321,-7.0745552288642
131.0,12.953480872060279,8.870979163153036,0.5,9.862079999999999,janaf_interp,98.0,0.01063002676402633,-4.082501708907243,-8.165003417814486
132.0,14.791294794467797,10.169823380074268,0.5,9.94576,janaf_interp,98.0,0.012083889783708739,-4.621471414393531,-9.242942828787061
133.0,16.64158212332076,11.487919144295176,0.5,10.02944,janaf_interp,98.0,0.013536176407892323,-5.153662979025584,-10.307325958051168
134.0,18.503632565621775,12.825072575177119,0.5,10.113119999999999,janaf_interp,98.0,0.014986699209132323,-5.678559990444658,-11.357119980889316
135.0,20.376738788923472,14.181085274357638,0.5,10.1968,janaf_interp,98.0,0.01643527167662561,-6.195653514565834,-12.391307029131667
136.0,22.26019669018624,15.555754440827052,0.5,10.280479999999999,janaf_interp,98.0,0.017881708311188023,-6.70444224935919,-13.40888449871838
137.0,24.153305683825135,16.948872989066064,0.5,10.364159999999998,janaf_interp,98.0,0.01932582471912092,-7.204432694759071,-14.408865389518143
138.0,26.055369009955758,18.36022967010137,0.5,10.44784,janaf_interp,98.0,0.020767437704867508,-7.695139339854388,-15.390278679708777
139.0,27.965694063883113,19.78960919533255,0.5,10.53152,janaf_interp,98.0,0.02220636536236158,-8.176084868550566,-16.352169737101132
140.0,29.883592747913255,21.236792362980236,0.5,10.6152,janaf_interp,98.0,0.023642427164973806,-8.646800384933016,-17.293600769866032
141.0,31.80838184660322,22.70155618700258,0.5,10.698879999999999,janaf_interp,98.0,0.02507544405396341,-9.10682565960064,-18.21365131920128
142.0,33.73938342660163,24.183674028324127,0.5,10.78256,janaf_interp,98.0,0.026505238525345594,-9.555709398277498,-19.111418796554997
143.0,35.67592526226912,25.68291572821908,0.5,10.86624,janaf_interp,98.0,0.027931634715088232,-9.99300953405004,-19.98601906810008
144.0,37.61734128830585,27.199047743688737,0.5,10.949919999999999,janaf_interp,98.0,0.029354458482554233,-10.418293544617114,-20.83658708923423
145.0,39.562972080651484,28.731833284671044,0.5,11.0336,janaf_interp,98.0,0.03077353749210926,-10.831138795980442,-21.662277591960883
146.0,41.512165366962165,30.28103245291882,0.5,11.11728,janaf_interp,98.0,0.0321887012928177,-11.231132914043348,-22.462265828086696
147.0,43.464276568008046,31.846402382382337,0.5,11.200959999999998,janaf_interp,98.0,0.03359978139615333,-11.617874185625709,-23.235748371251418
148.0,45.418669371375756,33.427697380930596,0.5,11.28464,janaf_interp,98.0,0.0350066113516545,-11.990971990445162,-23.981943980890325
149.0,47.37471633890064,35.024669073245676,0.5,11.368319999999999,janaf_interp,98.0,0.03640902682045746,-12.350047265654961,-24.700094531309922
150.0,49.33179954929422,36.637066544724256,0.5,11.451999999999998,janaf_interp,98.0,0.037806865646645066,-12.694733004569965,-25.38946600913993
151.0,51.289311277475726,38.26463648622021,0.5,11.53568,janaf_interp,98.0,0.03919996792635181,-13.024674791255517,-26.049349582511034
152.0,53.24665471215816,39.90712333946316,0.5,11.61936,janaf_interp,98.0,0.040588176074570236,-13.339531372695,-26.67906274539
153.0,55.203244713283254,41.56426944298818,0.5,11.70304,janaf_interp,98.0,0.041971334889607456,-13.63897527029508,-27.27795054059016
154.0,57.15850861094442,43.235815178413276,0.5,11.786719999999999,janaf_interp,98.0,0.04334929161514462,-13.922693432531148,-27.845386865062295
155.0,59.11188704748257,44.921499116902346,0.5,11.8704,janaf_interp,98.0,0.044721895999856154,-14.190387930580219,-28.380775861160437
156.0,61.06283486448858,46.62105816565297,0.5,11.95408,janaf_interp,98.0,0.04608900035454951,-14.441776698835618,-28.883553397671236
157.0,63.01082203649547,48.33422771425052,0.5,12.037759999999999,janaf_interp,98.0,0.0474504596067905,-14.676594322244952,-29.353188644489904
158.0,64.95533465319981,50.06074178073212,0.5,12.12144,janaf_interp,98.0,0.04880613135298296,-14.894592872467694,-29.789185744935388
159.0,66.89587595210833,51.80033315720624,0.5,12.205119999999999,janaf_interp,98.0,0.05015587590787596,-15.09554279490209,-30.19108558980418
160.0,68.83196740356846,53.55273355487683,0.5,12.288799999999998,janaf_interp,98.0,0.05149955635147555,-15.279233848691625,-30.55846769738325
161.0,70.76314985019738,55.31767374832326,0.5,12.37248,janaf_interp,98.0,0.052837038573342036,-15.445476101874121,-30.890952203748242
162.0,72.68898470276429,57.09488371889109,0.5,12.456159999999999,janaf_interp,98.0,0.05416819131425816,-15.594100983873197,-31.188201967746394
163.0,74.60905519456449,58.884092797051686,0.5,12.539839999999998,janaf_interp,98.0,0.0554928862052571,-15.724962397512801,-31.449924795025602
164.0,76.52296769619488,60.68502980359206,0.5,12.62352,janaf_interp,98.0,0.05681099780400317,-15.837937892602818,-31.675875785205637
165.0,78.4303530922744,62.49742318950097,0.5,12.7072,janaf_interp,98.0,0.058122403628522536,-15.932929902773438,-31.865859805546876
166.0,80.33086822087914,64.32100117441989,0.5,12.790879999999998,janaf_interp,98.0,0.05942698418828406,-16.00986704645925,-32.0197340929185
167.0,82.22419737500137,66.15549188353324,0.5,12.874559999999999,janaf_interp,98.0,0.06072462301263519,-16.06870549146813,-32.13741098293626
168.0,84.11005386284715,68.0006234827747,0.5,12.95824,janaf_interp,98.0,0.06201520667660081,-16.10943038007246,-32.21886076014492
169.0,85.98818161983992,69.85612431223254,0.5,13.041919999999998,janaf_interp,98.0,0.06329862482405657,-16.132057307607386,-32.26411461521477
170.0,87.85835685941744,71.72172301764049,0.5,13.125599999999999,janaf_interp,98.0,0.06457477018829223,-16.13663384177695,-32.2732676835539
171.0,89.72038974190255,73.59714867984505,0.5,13.20928,janaf_interp,98.0,0.06584353860998318,-16.123241062057495,-32.24648212411499
172.0,91.57412603112664,75.48213094214624,0.5,13.292959999999997,janaf_interp,98.0,0.06710482905259244,-16.091995088980404,-32.18399017796081
173.0,93.41944869805428,77.37640013541214,0.5,13.376639999999998,janaf_interp,98.0,0.0683585436152278,-16.043048562642134,-32.08609712528427
174.0,95.25627942130959,79.27968740087334,0.5,13.46032,janaf_interp,98.0,0.06960458754298256,-15.976592020436245,-31.95318404087249
175.0,97.08457992918034,81.19172481050818,0.5,13.543999999999999,janaf_interp,98.0,0.07084286923479079,-15.892855118672163,-31.785710237344325
176.0,98.90435312991718,83.1122454849351,0.5,13.627679999999998,janaf_interp,98.0,0.07207330024883121,-15.792107644982078,-31.584215289964156
177.0,100.71564399005533,85.04098370873261,0.5,13.711359999999999,janaf_interp,98.0,0.0732957953055163,-15.67466028132271,-31.34932056264542
178.0,102.51854014485055,86.9776750431134,0.5,13.79504,janaf_interp,98.0,0.07451027228810594,-15.540865101737143,-31.081730203474287
179.0,104.31317225665215,88.92205643588389,0.5,13.878719999999998,janaf_interp,98.0,0.07571665224098748,-15.391115820768269,-30.782231641536537
180.0,106.09971416450212,90.87386632862577,0.5,13.962399999999999,janaf_interp,98.0,0.07691485936566608,-15.22584783587636,-30.45169567175272
181.0,107.87838287057245,92.83284476104058,0.5,14.04608,janaf_interp,98.0,0.07810482101451202,-15.045538109531874,-30.091076219063748
182.0,109.64943835696987,94.79873347240469,0.5,14.129759999999997,janaf_interp,98.0,0.07928646768231305,-14.850704884565184,-29.70140976913037
183.0,111.41318308730922,96.77127600008625,0.5,14.213439999999999,janaf_interp,98.0,0.08045973299568224,-14.641907087222977,-29.283814174445954
184.0,113.16996079560849,98.75021777508034,0.5,14.29712,janaf_interp,98.0,0.08162455370037365,-14.419743020528143,-28.839486041056286
185.0,114.92015379677153,100.73530621452524,0.5,14.380799999999997,janaf_interp,98.0,0.08278086964655941,-14.18484758224629,-28.36969516449258
186.0,116.66417760359774,102.72629081116537,0.5,14.464479999999998,janaf_interp,98.0,0.08392862377212368,-13.937886792432362,-27.875773584864724
187.0,118.40247119292495,104.7229232197333,0.5,14.54816,janaf_interp,98.0,0.08506776208403029,-13.679547973191642,-27.359095946383285
188.0,120.1354809717221,106.72495734022691,0.5,14.631839999999999,janaf_interp,98.0,0.08619823363782213,-13.41052363149519,-26.82104726299038
189.0,121.86363653632174,108.73214939806279,0.5,14.715519999999998,janaf_interp,98.0,0.08731999051531131,-13.131487138258949,-26.262974276517898
190.0,123.58731688045648,110.74425802109165,0.5,14.799199999999999,janaf_interp,98.0,0.08843298780052047,-12.843058859364824,-25.686117718729648
191.0,125.30680692054233,112.76104431346586,0.5,14.882879999999998,janaf_interp,98.0,0.08953718355393624,-12.545762607076465,-25.09152521415293
192.0,127.02224607687698,114.7822719263538,0.5,14.966559999999998,janaf_interp,98.0,0.09063253878513641,-12.239974150523196,-24.47994830104639
193.0,128.73357300378984,116.80770712549993,0.5,15.050239999999999,janaf_interp,98.0,0.09171901742385385,-11.925865878289924,-23.85173175657985
194.0,130.44047302300353,118.83711885563368,0.5,15.133919999999998,janaf_interp,98.0,0.09279658628953935,-11.60335416736987,-23.20670833473974
195.0,132.1423368325509,120.8702788017342,0.5,15.217599999999997,janaf_interp,98.0,0.09386521505948728,-11.2720580308167,-22.5441160616334
196.0,133.83824001134406,122.90696144716222,0.5,15.301279999999998,janaf_interp,98.0,0.09492487623558736,-10.931278564181852,-21.862557128363704
197.0,135.5269521622708,124.94694412867354,0.5,15.38496,janaf_interp,98.0,0.09597554510976637,-10.580008033597263,-21.160016067194526
198.0,137.20698192505446,126.99000708833319,0.5,15.468639999999997,janaf_interp,98.0,0.09701719972818343,-10.216974836721272,-20.433949673442545
199.0,138.87665962715084,129.03593352235183,0.5,15.552319999999998,janaf_interp,98.0,0.09804982085424267,-9.840726104799009,-19.681452209598017
200.0,140.53425357267417,131.08450962687013,0.5,15.636,janaf_interp,98.0,0.09907339193048695,-9.44974394580403,-18.89948789160806
201.0,142.1781098594132,132.86467472023676,0.5,15.6877,janaf_interp,98.0,0.10008789903943524,-9.313435139176438,-18.626870278352875
202.0,143.8068003740621,134.64162940478266,0.5,15.7394,janaf_interp,98.0,0.10109333086342762,-9.165170969279455,-18.33034193855891
203.0,145.4192604402082,136.41524286862392,0.5,15.7911,janaf_interp,98.0,0.10208967864353899,-9.004017571584292,-18.008035143168584
204.0,147.014897362076,138.18538752060905,0.5,15.842799999999999,janaf_interp,98.0,0.1030769361376248,-8.829509841466928,-17.659019682933856
205.0,148.59365413668067,139.9519389878565,0.5,15.894499999999999,janaf_interp,98.0,0.10405509957755851,-8.641715148824163,-17.283430297648327
206.0,150.1560185292327,141.71477611116254,0.5,15.9462,janaf_interp,98.0,0.10502416762572289,-8.441242418070173,-16.882484836140346
207.0,151.7029755123632,143.47378093833657,0.5,15.9979,janaf_interp,98.0,0.10598414133081352,-8.229194574026607,-16.458389148053215
208.0,153.23590932033562,145.2288387155229,0.5,16.049599999999998,janaf_interp,98.0,0.1069350240830142,-8.007070604812727,-16.014141209625453
209.0,154.7564685204667,146.97983787656884,0.5,16.1013,janaf_interp,98.0,0.107876821568602,-7.776630643897893,-15.553261287795786
210.0,156.26641225659642,148.7266700305,0.5,16.153,janaf_interp,98.0,0.10880954172403907,-7.53974222609642,-15.07948445219284
211.0,157.76745740535785,150.46922994716257,0.5,16.2047,janaf_interp,98.0,0.10973319468960673,-7.298227458195256,-14.596454916390512
212.0,159.2611447135789,152.20741554109517,0.5,16.2564,janaf_interp,98.0,0.11064779276263707,-7.053729172483708,-14.107458344967416
213.0,160.74873761551171,153.9411278536916,0.5,16.3081,janaf_interp,98.0,0.11155335035039589,-6.80760976182011,-13.61521952364022
214.0,162.2311613993941,155.6702710337163,0.5,16.3598,janaf_interp,98.0,0.11244988392266883,-6.560890365677818,-13.121780731355637
215.0,163.7089839478392,157.39475231623493,0.5,16.4115,janaf_interp,98.0,0.1133374119641026,-6.314231631604266,-12.628463263208532
216.0,165.18243357833472,159.1144820000223,0.5,16.4632,janaf_interp,98.0,0.11421595492635112,-6.067951578312433,-12.135903156624867
217.0,166.65144540931266,160.82937342350874,0.5,16.5149,janaf_interp,98.0,0.11508553518007486,-5.82207198580391,-11.64414397160782
218.0,168.11572558622947,162.53934293932878,0.5,16.5666,janaf_interp,98.0,0.11594617696684151,-5.576382646900703,-11.152765293801407
219.0,169.5748225874366,164.24430988753124,0.5,16.618299999999998,janaf_interp,98.0,0.11679790635097309,-5.33051269990537,-10.66102539981074
220.0,171.02819630382405,165.9441965675145,0.5,16.669999999999998,janaf_interp,98.0,0.11764075117138484,-5.083999736309543,-10.167999472619085
221.0,172.47527805825632,167.6389282087456,0.5,16.7217,janaf_interp,98.0,0.11847474099345859,-4.836349849510725,-9.67269969902145
222.0,173.91551756778549,169.32843294032548,0.5,16.7734,janaf_interp,98.0,0.11929990706099267,-4.58708462746,-9.17416925492
223.0,175.3484155119761,171.01264175945852,0.5,16.8251,janaf_interp,98.0,0.12011628224826854,-4.335773752517565,-8.67154750503513
224.0,176.77354248515132,172.69148849888677,0.5,16.8768,janaf_interp,98.0,0.12092390101227317,-4.082053986264563,-8.164107972529125
225.0,178.19054650594055,174.3649097933463,0.5,16.9285,janaf_interp,98.0,0.1217227993451145,-3.82563671259425,-7.6512734251885
226.0,179.59915193420113,176.03284504510398,0.5,16.9802,janaf_interp,98.0,0.12251301472666612,-3.566306889097151,-7.132613778194302
227.0,180.99915272464804,177.69523638863168,0.5,17.0319,janaf_interp,98.0,0.12329458607747568,-3.303916336016372,-6.607832672032744
228.0,182.3904026109114,179.35202865447252,0.5,17.0836,janaf_interp,98.0,0.12406755371196998,-3.0383739564388796,-6.076747912877759
229.0,183.77280425365674,181.003169332356,0.5,17.1353,janaf_interp,98.0,0.12483195929198873,-2.769634921300735,-5.53926984260147
230.0,185.14629876309638,182.64860853361483,0.5,17.187,janaf_interp,98.0,0.1255878457806769,-2.4976902294815364,-4.995380458963073
231.0,186.51085643326024,184.28829895295652,0.5,17.2387,janaf_interp,98.0,0.1263352573967646,-2.222557480303699,-4.445114960607398
232.0,187.86646906602422,185.9221958296423,0.5,17.290399999999998,janaf_interp,98.0,0.12707423956926195,-1.944273236381905,-3.88854647276381
233.0,189.21314393805832,187.55025690812369,0.5,17.3421,janaf_interp,98.0,0.12780483889259478,-1.6628870299346408,-3.3257740598692815
234.0,190.55089926504044,189.1724423981865,0.5,17.3938,janaf_interp,98.0,0.12852710308220583,-1.3784568668539503,-2.7569137337079006
235.0,191.87976092011905,190.78871493465078,0.5,17.4455,janaf_interp,98.0,0.1292410809306446,-1.0910459854682615,-2.182091970936523
236.0,193.19976013784583,192.39903953667496,0.5,17.4972,janaf_interp,98.0,0.12994682226416818,-0.8007206011708807,-1.6014412023417615
237.0,194.51093195280367,194.00338356670858,0.5,17.5489,janaf_interp,98.0,0.1306443778998728,-0.5075483860950826,-1.0150967721901651
238.0,195.81331416185233,195.6017166891402,0.5,17.6006,janaf_interp,98.0,0.13133379960337624,-0.2115974727121539,-0.4231949454243078
239.0,197.10694664501014,197.1940108286838,0.5,17.6523,janaf_interp,98.0,0.1320151400470685,0.08706418367363913,0.17412836734727827
240.0,198.39187092339478,198.78024012854533,0.5,17.704,janaf_interp,98.0,0.13268845276894756,0.3883692051505749,0.7767384103011498
241.0,199.66812986896076,200.36038090841208,0.5,17.7557,janaf_interp,98.0,0.13335379213205617,0.6922510394513229,1.3845020789026459
242.0,200.93576750878654,201.93441162230286,0.5,17.8074,janaf_interp,98.0,0.13401121328453314,0.998644113516333,1.997288227032666
243.0,202.19482888694844,203.5023128163202,0.5,17.859099999999998,janaf_interp,98.0,0.1346607721202932,1.3074839293717808,2.6149678587435616
244.0,203.44535996095092,205.06406708633926,0.5,17.910800000000002,janaf_interp,98.0,0.13530252524034656,1.6187071253883465,3.237414250776693
245.0,204.68740751882626,206.61965903567165,0.5,17.9625,janaf_interp,98.0,0.13593652991476976,1.9322515168453684,3.864503033690737
246.0,205.9210191087768,208.16907523273784,0.5,18.0142,janaf_interp,98.0,0.13656284404533692,2.248056123961069,4.496112247922138
247.0,207.14624297672322,209.71230416878237,0.5,18.0659,janaf_interp,98.0,0.1371815261288207,2.566061192059138,5.132122384118276
248.0,208.36312800916946,211.2493362156635,0.5,18.1176,janaf_interp,98.0,0.13779263522097046,2.886208206494047,5.772416412988094
249.0,209.57172367995594,212.78016358374947,0.5,18.1693,janaf_interp,98.0,0.13839623090117398,3.2084399037935563,6.4168798075871125
250.0,210.77208000010972,214.3047802799497,0.5,18.221,janaf_interp,98.0,0.1389923732378092,3.532700279839993,7.065400559679986
251.0,211.9642474703438,215.64893137145862,0.5,18.257947040498443,janaf_interp,98.0,0.13958112275429013,3.6846839011148207,7.369367802229641
252.0,213.14827703593286,216.98541336375308,0.5,18.294894080996883,janaf_interp,98.0,0.14016254039581139,3.8371363278202373,7.674272655640475
253.0,214.32422004379038,218.3142526325911,0.5,18.331841121495327,janaf_interp,98.0,0.14073668749679386,3.9900325888007364,7.980065177601473
254.0,215.49212820161281,219.63547687624867,0.5,18.36878816199377,janaf_interp,98.0,0.14130362574903438,4.14334867463587,8.28669734927174
255.0,216.6520535389865,220.9491150725981,0.5,18.405735202492213,janaf_interp,98.0,0.1418634171705602,4.297061533611588,8.594123067223176
256.0,217.80404837036156,222.25519743670364,0.5,18.442682242990653,janaf_interp,98.0,0.14241612407518947,4.45114906634209,8.90229813268418
257.0,218.9481652598093,223.55375537894957,0.5,18.479629283489096,janaf_interp,98.0,0.1429618090427973,4.605590119140307,9.211180238280614
258.0,220.08445698748176,224.84482146371408,0.5,18.51657632398754,janaf_interp,98.0,0.14350053489028636,4.760364476232315,9.52072895246463
259.0,221.2129765176993,226.1284293686045,0.5,18.553523364485983,janaf_interp,98.0,0.1440323646432617,4.915452850905209,9.830905701810417
260.0,222.33377696859355,227.4046138442631,0.5,18.590470404984423,janaf_interp,98.0,0.14455736150840598,5.070836875669568,10.141673751339136
261.0,223.446911583237,228.67341067475658,0.5,18.627417445482866,janaf_interp,98.0,0.1450755888465538,5.226499091519556,10.452998183039112
262.0,224.55243370219443,229.934856638558,0.5,18.66436448598131,janaf_interp,98.0,0.14558711014646125,5.3824229363635405,10.764845872727081
263.0,225.65039673743382,231.18898947013105,0.5,18.701311526479753,janaf_interp,98.0,0.14609198899926656,5.538592732697231,11.077185465394463
264.0,226.74085414753603,232.4358478221248,0.5,18.738258566978192,janaf_interp,98.0,0.1465902890736381,5.69499367458876,11.38998734917752
265.0,227.82385941414725,233.67547122818522,0.5,18.775205607476636,janaf_interp,98.0,0.14708207409160418,5.85161181403798,11.70322362807596
266.0,228.89946601961975,234.9079000663913,0.5,18.81215264797508,janaf_interp,98.0,0.14756740780505967,6.008434046771551,12.016868093543103
267.0,229.96772742578705,236.1331755233196,0.5,18.84909968847352,janaf_interp,98.0,0.1480463539729435,6.165448097532564,12.330896195065128
268.0,231.02869705382648,237.35133955874403,0.5,18.886046728971962,janaf_interp,98.0,0.14851897633908076,6.322642504917547,12.645285009835094
269.0,232.08242826515897,238.5624348709724,0.5,18.922993769470406,janaf_interp,98.0,0.14898533861068286,6.480006605813423,12.960013211626846
270.0,233.128974343342,239.7665048628251,0.5,18.95994080996885,janaf_interp,98.0,0.14944550443749868,6.637530519483071,13.275061038966141
271.0,234.16838847691133,240.9635936082566,0.5,18.99688785046729,janaf_interp,98.0,0.14989953739160924,6.795205131345242,13.590410262690485
272.0,235.20072374313054,242.15374581962297,0.5,19.033834890965732,janaf_interp,98.0,0.1503475009478586,6.95302207649244,13.90604415298488
273.0,236.22603309260796,243.33700681559498,0.5,19.070781931464175,janaf_interp,98.0,0.15078945846491248,7.110973722987003,14.221947445974006
274.0,237.24436933474325,244.51342248971855,0.5,19.10772897196262,janaf_interp,98.0,0.15122547316693696,7.269053154975299,14.538106309950598
275.0,238.25578512396697,245.68303927962165,0.5,19.14467601246106,janaf_interp,98.0,0.15165560812588813,7.4272541556546905,14.854508311309381
276.0,239.2603329467382,246.84590413686706,0.5,19.1816230529595,janaf_interp,98.0,0.1520799262444046,7.585571190128874,15.171142380257749
277.0,240.25806510926708,248.0020644974494,0.5,19.218570093457945,janaf_interp,98.0,0.1524984902392934,7.743999388182314,15.487998776364629
278.0,241.2490337259306,249.1515682529344,0.5,19.25551713395639,janaf_interp,98.0,0.15291136262560037,7.902534527003827,15.805069054007655
279.0,242.23329070835004,250.29446372223958,0.5,19.292464174454828,janaf_interp,98.0,0.15331860570125594,8.06117301388953,16.12234602777906
280.0,243.21088775510202,251.43079962405065,0.5,19.32941121495327,janaf_interp,98.0,0.15372028153228628,8.219911868948632,16.439823737897264
281.0,244.18187634203488,252.56062504987293,0.5,19.366358255451715,janaf_interp,98.0,0.15411645193858092,8.378748707838017,16.757497415676035
282.0,245.14630771316288,253.6839894377122,0.5,19.403305295950155,janaf_interp,98.0,0.15450717848020656,8.537681724549316,17.07536344909863
283.0,246.10423287211353,254.80094254638266,0.5,19.440252336448598,janaf_interp,98.0,0.1548925224442575,8.696709674269103,17.393419348538206
284.0,247.05570257410363,255.91153443043447,0.5,19.47719937694704,janaf_interp,98.0,0.1552725448322328,8.855831856330834,17.711663712661668
285.0,248.0007673184192,257.0158154156996,0.5,19.514146417445485,janaf_interp,98.0,0.15564730634793017,9.015048097280372,18.030096194560745
286.0,248.9394773413784,258.11383607544747,0.5,19.551093457943924,janaf_interp,98.0,0.15601686738584647,9.174358734069077,18.348717468138155
287.0,249.87188260975526,259.2056472071471,0.5,19.588040498442368,janaf_interp,98.0,0.15638128802007487,9.333764597391816,18.667529194783633
288.0,250.79803281464336,260.2912998098279,0.5,19.62498753894081,janaf_interp,98.0,0.15674062799368835,9.493266995184518,18.986533990369036
289.0,251.71797736574055,261.37084506203473,0.5,19.661934579439254,janaf_interp,98.0,0.15709494670859978,9.652867696294187,19.305735392588375
290.0,252.63176538603471,262.44433430036946,0.5,19.698881619937694,janaf_interp,98.0,0.15744430321588812,9.812568914334749,19.625137828669498
291.0,253.53944570687383,263.5118189986129,0.5,19.735828660436137,janaf_interp,98.0,0.15778875620658067,9.972373291739066,19.944746583478132
292.0,254.4410668634019,264.5733507474197,0.5,19.77277570093458,janaf_interp,98.0,0.1581283640028812,10.132283884017774,20.264567768035548
293.0,255.3366770903448,265.6289812345797,0.5,19.809722741433024,janaf_interp,98.0,0.15846318454983435,10.292304144234935,20.58460828846987
294.0,256.22632431813025,266.6787622258385,0.5,19.846669781931464,janaf_interp,98.0,0.15879327540741553,10.452437907708259,20.904875815416517
295.0,257.110056169326,267.7227455462679,0.5,19.883616822429907,janaf_interp,98.0,0.15911869374303664,10.612689376941907,21.225378753883813
296.0,257.9879199553827,268.7609830621818,0.5,19.92056386292835,janaf_interp,98.0,0.159439496324458,10.773063106799142,21.546126213598285
297.0,258.8599626736669,269.79352666358636,0.5,19.957510903426794,janaf_interp,98.0,0.15975573951309593,10.933563989919424,21.86712797983885
298.0,259.7262310047707,270.8204282471585,0.5,19.994457943925234,janaf_interp,98.0,0.16006747925771664,11.094197242387802,22.188394484775603
299.0,260.5867713100858,271.72731074861997,0.5,20.022972972972973,janaf_interp,98.0,0.16037477108850667,11.140539438534175,22.28107887706835
300.0,261.4416296296297,272.60799125396926,0.5,20.05,janaf_interp,98.0,0.16067767011150977,11.166361624339563,22.332723248679127
301.0,262.29085168011136,273.4485372653874,0.5,20.07452,janaf_interp,98.0,0.1609762310034214,11.15768558527605,22.3153711705521
302.0,263.1344828532268,274.2830363393946,0.5,20.099040000000002,janaf_interp,98.0,0.1612705080067307,11.148553486167724,22.29710697233545
303.0,263.97256821417204,275.111553429688,0.5,20.12356,janaf_interp,98.0,0.16156055492520077,11.138985215515943,22.277970431031886
304.0,264.80515250036456,275.9341531813723,0.5,20.14808,janaf_interp,98.0,0.1618464251196782,11.129000681007781,22.258001362015563
305.0,265.63228012036257,276.7508999197571,0.5,20.1726,janaf_interp,98.0,0.16212817150422248,11.11861979939454,22.23723959878908
306.0,266.45399515297316,277.56185763963833,0.5,20.19712,janaf_interp,98.0,0.16240584654254625,11.107862486665155,22.21572497333031
307.0,267.27034134653985,278.3670899950514,0.5,20.22164,janaf_interp,98.0,0.1626795022447576,11.096748648511555,22.19349729702311
308.0,268.0813621184011,279.166660289487,0.5,20.24616,janaf_interp,98.0,0.1629491901643955,11.085298171085935,22.17059634217187
309.0,268.88710055451145,279.96063146655695,0.5,20.270680000000002,janaf_interp,98.0,0.16321496139574962,11.073530912045541,22.147061824091082
310.0,269.68759940921757,280.7490661011012,0.5,20.2952,janaf_interp,98.0,0.16347686657145646,11.061466691883666,22.122933383767332
311.0,270.48290110518104,281.5320263907251,0.5,20.31972,janaf_interp,98.0,0.16373495586036263,11.049125285544067,22.098250571088133
312.0,271.2730477334412,282.3095741477557,0.5,20.34424,janaf_interp,98.0,0.16398927896564755,11.03652641431452,22.07305282862904
313.0,272.05808105361103,283.0817707916086,0.5,20.36876,janaf_interp,98.0,0.1642398851231975,11.023689737997573,22.047379475995147
314.0,272.8380424941982,283.8486773415527,0.5,20.39328,janaf_interp,98.0,0.16448682310022242,11.010634847354495,22.02126969470899
315.0,273.6129731530472,284.61035440986575,0.5,20.4178,janaf_interp,98.0,0.16473014119410823,10.997381256818555,21.99476251363711
316.0,274.3829137978943,285.366862195368,0.5,20.44232,janaf_interp,98.0,0.1649698872314966,10.983948397473752,21.967896794947503
317.0,275.14790486703,286.1182604773261,0.5,20.46684,janaf_interp,98.0,0.16520610856758483,10.970355610296084,21.940711220592167
318.0,275.9079864700639,286.86460860971624,0.5,20.49136,janaf_interp,98.0,0.16543885208563802,10.956622139652318,21.913244279304635
319.0,276.6631983887873,287.60596551583797,0.5,20.51588,janaf_interp,98.0,0.16566816419670652,10.94276712705066,21.88553425410132
320.0,277.41358007812505,288.3423896832688,0.5,20.5404,janaf_interp,98.0,0.16589409083954176,10.928809605143732,21.857619210287464
321.0,278.1591706671763,289.0739391591493,0.5,20.56492,janaf_interp,98.0,0.16611667748070266,10.914768491973051,21.829536983946102
322.0,278.900008960336,289.8006715457923,0.5,20.58944,janaf_interp,98.0,0.16633596911484674,10.900662585456299,21.801325170912598
323.0,279.6361334384941,290.5226439966031,0.5,20.61396,janaf_interp,98.0,0.1665520102651982,10.886510558108988,21.773021116217976
324.0,280.3675822603074,291.2399132123058,0.5,20.63848,janaf_interp,98.0,0.16676484498418742,10.872330951998386,21.74466190399677
325.0,281.09439326354124,291.9525354374643,0.5,20.663,janaf_interp,98.0,0.1669745168542546,10.858142173923017,21.716284347846035
326.0,281.81660396647504,292.6605664572902,0.5,20.68752,janaf_interp,98.0,0.16718106898881172,10.843962490815171,21.687924981630342
327.0,282.53425156937,293.36406159472966,0.5,20.712040000000002,janaf_interp,98.0,0.16738454403335634,10.829810025359635,21.65962005071927
328.0,283.2473729559931,294.06307570781945,0.5,20.73656,janaf_interp,98.0,0.16758498416673184,10.815702751826361,21.631405503652722
329.0,283.9560046951965,294.75766318730615,0.5,20.76108,janaf_interp,98.0,0.16778243110252736,10.801658492109633,21.603316984219266
330.0,284.6601830425467,295.44787795451805,0.5,20.7856,janaf_interp,98.0,0.1679769260906124,10.787694911971368,21.575389823942736
331.0,285.3599439420014,296.1337734594837,0.5,20.81012,janaf_interp,98.0,0.16816850991880022,10.773829517482287,21.547659034964575
332.0,286.055323027631,296.8154026792882,0.5,20.83464,janaf_interp,98.0,0.16835722291463465,10.76007965165719,21.52015930331438
333.0,286.7463556253817,297.492818116661,0.5,20.85916,janaf_interp,98.0,0.16854310494729483,10.746462491279301,21.492924982558602
334.0,287.4330767548771,298.1660717987856,0.5,20.883680000000002,janaf_interp,98.0,0.16872619542961298,10.732995043908517,21.465990087817033
335.0,288.1155211312562,298.83521527632627,0.5,20.9082,janaf_interp,98.0,0.16890653332019986,10.719694145070097,21.439388290140194
336.0,288.7937231670446,299.5002996226628,0.5,20.93272,janaf_interp,98.0,0.16908415712567326,10.706576455618185,21.41315291123637
337.0,289.4677169740572,300.1613754333271,0.5,20.95724,janaf_interp,98.0,0.16925910490298435,10.693658459269894,21.38731691853979
338.0,290.1375363653296,300.818492825635,0.5,20.98176,janaf_interp,98.0,0.1694314142618377,10.680956460305394,21.361912920610788
339.0,290.80321485707555,301.47170143850514,0.5,21.00628,janaf_interp,98.0,0.1696011223672,10.66848658142962,21.33697316285924
340.0,291.4647856706697,302.12105043246106,0.5,21.0308,janaf_interp,98.0,0.16976826594189354,10.656264761791402,21.312529523582803
341.0,292.12228173465223,302.76658848980696,0.5,21.05532,janaf_interp,98.0,0.16993288126926934,10.644306755154762,21.288613510309524
342.0,292.77573568675405,303.40836381497286,0.5,21.07984,janaf_interp,98.0,0.17009500419595686,10.632628128218826,21.265256256437652
343.0,293.4251798759402,304.0464241350221,0.5,21.10436,janaf_interp,98.0,0.1702546701346851,10.6212442590819,21.2424885181638
344.0,294.0706463644711,304.68081670031677,0.5,21.12888,janaf_interp,98.0,0.1704119140671723,10.610170335845678,21.220340671691357
345.0,294.71216692997757,305.31158828533194,0.5,21.1534,janaf_interp,98.0,0.1705667705470791,10.599421355354364,21.19884271070873
346.0,295.34977306755087,305.93878518961657,0.5,21.17792,janaf_interp,98.0,0.17071927370302273,10.589012122065734,21.178024244131468
347.0,295.98349599184326,306.56245323889357,0.5,21.20244,janaf_interp,98.0,0.17086945724164773,10.578957247050285,21.15791449410057
348.0,296.61336663918013,307.18263778629347,0.5,21.22696,janaf_interp,98.0,0.1710173544507502,10.56927114711333,21.13854229422666
349.0,297.23941566968097,307.7993837137171,0.5,21.25148,janaf_interp,98.0,0.17116299820245173,10.559968044036141,21.119936088072283
350.0,297.86167346938777,308.4127354333218,0.5,21.276,janaf_interp,98.0,0.17130642095642032,10.551061963934064,21.102123927868128
351.0,298.4801701524004,308.91828104928777,0.5,21.29332,janaf_interp,98.0,0.17144765476313464,10.438110896887386,20.87622179377477
352.0,299.0949355630165,309.4203504121314,0.5,21.31064,janaf_interp,98.0,0.17158673126718862,10.325414849114871,20.650829698229742
353.0,299.7059992778772,309.91899042081525,0.5,21.32796,janaf_interp,98.0,0.17172368171063354,10.21299114293805,20.4259822858761
354.0,300.31339060811337,310.41424743647394,0.5,21.34528,janaf_interp,98.0,0.17185853693635464,10.100856828360623,20.201713656721246
355.0,300.9171386014959,310.90616728565084,0.5,21.3626,janaf_interp,98.0,0.1719913273914794,9.989028684154947,19.978057368309894
356.0,301.5172720445864,311.39479526361595,0.5,21.37992,janaf_interp,98.0,0.17212208313081503,9.877523219029543,19.755046438059086
357.0,302.1138194648871,311.8801761377631,0.5,21.39724,janaf_interp,98.0,0.17225083382031192,9.766356672875974,19.532713345751947
358.0,302.7068091329911,312.36235415108,0.5,21.414559999999998,janaf_interp,98.0,0.17237760874055172,9.6555450180889,19.3110900361778
359.0,303.2962690647301,312.8413730256883,0.5,21.43188,janaf_interp,98.0,0.17250243679025598,9.545103960958222,19.090207921916445
360.0,303.8822270233196,313.31727596644873,0.5,21.4492,janaf_interp,98.0,0.17262534648981467,9.435048943129114,18.87009788625823
361.0,304.46471052150133,313.79010566462847,0.5,21.46652,janaf_interp,98.0,0.17274636598483106,9.325395143127142,18.650790286254285
362.0,305.04374682368086,314.2599043016258,0.5,21.48384,janaf_interp,98.0,0.1728655230496813,9.216157477944934,18.43231495588987
363.0,305.6193629480609,314.72671355274855,0.5,21.50116,janaf_interp,98.0,0.1729828450910866,9.10735060468766,18.21470120937532
364.0,306.19158566876916,315.19057459104414,0.5,21.51848,janaf_interp,98.0,0.17309835915169594,8.99898892227498,17.99797784454996
365.0,306.76044151798,315.65152809117524,0.5,21.5358,janaf_interp,98.0,0.17321209191367704,8.891086573195254,17.78217314639051
366.0,307.3259567880295,316.10961423334044,0.5,21.55312,janaf_interp,98.0,0.17332406970231432,8.78365744531094,17.56731489062188
367.0,307.8881575335232,316.5648727072338,0.5,21.57044,janaf_interp,98.0,0.17343431848961122,8.676715173710598,17.353430347421195
368.0,308.44706957343635,317.01734271604346,0.5,21.58776,janaf_interp,98.0,0.17354286389789605,8.570273142607084,17.140546285214167
369.0,309.00271849320575,317.46706298048286,0.5,21.60508,janaf_interp,98.0,0.1736497312034289,8.464344487277094,16.928688974554188
370.0,309.55512964681265,317.9140717428541,0.5,21.6224,janaf_interp,98.0,0.1737549453400082,8.358942096041432,16.717884192082863
371.0,310.1043281588568,318.3584067711398,0.5,21.63972,janaf_interp,98.0,0.17385853090257614,8.254078612283035,16.50815722456607
372.0,310.6503389266209,318.8001053631199,0.5,21.65704,janaf_interp,98.0,0.17396051215081976,8.149766436498986,16.299532872997972
373.0,311.1931866221248,319.23920435051235,0.5,21.67436,janaf_interp,98.0,0.17406091301276838,8.046017728387524,16.092035456775047
374.0,311.7328956941695,319.67574010313365,0.5,21.691679999999998,janaf_interp,98.0,0.17415975708838421,7.94284440896418,15.88568881792836
375.0,312.26949037037036,320.1097485330776,0.5,21.709,janaf_interp,98.0,0.17425706765314586,7.840258162707279,15.680516325414558
376.0,312.8029946591796,320.5412650989099,0.5,21.72632,janaf_interp,98.0,0.17435286766162325,7.738270439730274,15.476540879460549
377.0,313.3334323518966,320.9703248098751,0.5,21.74364,janaf_interp,98.0,0.1744471797510424,7.636892457978489,15.273784915956979
378.0,313.86082702466757,321.3969622301162,0.5,21.76096,janaf_interp,98.0,0.1745400262448395,7.536135205448597,15.072270410897193
379.0,314.38520204047256,321.8212114829017,0.5,21.77828,janaf_interp,98.0,0.1746314291562027,7.436009442429104,14.872018884858209
380.0,314.9065805511007,322.2431062548601,0.5,21.7956,janaf_interp,98.0,0.17472141019160067,7.336525703759394,14.673051407518788
381.0,315.424985499113,322.66267980021945,0.5,21.81292,janaf_interp,98.0,0.17480999075429726,7.237694301106463,14.475388602212925
382.0,315.940439619792,323.0799649450499,0.5,21.83024,janaf_interp,98.0,0.17489719194785078,7.1395253252578765,14.279050650515753
383.0,316.45296544307956,323.49499409150667,0.5,21.84756,janaf_interp,98.0,0.17498303457959738,7.042028648427107,14.084057296854214
384.0,316.9625852955006,323.9077992220731,0.5,21.86488,janaf_interp,98.0,0.17506753916411744,6.945213926572488,13.890427853144976
385.0,317.4693213020746,324.31841190380186,0.5,21.8822,janaf_interp,98.0,0.17515072592668446,6.849090601727281,13.698181203454562
386.0,317.97319538821296,324.72686329255055,0.5,21.89952,janaf_interp,98.0,0.1752326148066952,6.753667904337566,13.507335808675132
387.0,318.47422928160364,325.13318413721333,0.5,21.91684,janaf_interp,98.0,0.17531322546108058,6.658954855609716,13.317909711219432
388.0,318.9724445140812,325.53740478394496,0.5,21.93416,janaf_interp,98.0,0.17539257726769697,6.564960269863785,13.12992053972757
389.0,319.4678624234843,325.93955518037643,0.5,21.95148,janaf_interp,98.0,0.17547068932869653,6.4716927568921205,12.943385513784241
390.0,319.96050415549826,326.33966487982025,0.5,21.968799999999998,janaf_interp,98.0,0.1755475804738763,6.379160724321987,12.758321448643974
391.0,320.45039066548446,326.73776304546584,0.5,21.98612,janaf_interp,98.0,0.17562326926400582,6.287372379981418,12.574744759962837
392.0,320.93754272029514,327.1338784545611,0.5,22.003439999999998,janaf_interp,98.0,0.17569777399413197,6.196335734265951,12.392671468531901
393.0,321.42198090007463,327.52803950258146,0.5,22.02076,janaf_interp,98.0,0.1757711126968612,6.106058602506804,12.212117205013609
394.0,321.90372560004596,327.9202742073829,0.5,22.03808,janaf_interp,98.0,0.17584330314561794,6.016548607336896,12.033097214673791
395.0,322.3827970322835,328.31061021334057,0.5,22.0554,janaf_interp,98.0,0.17591436285787984,5.92781318105707,11.85562636211414
396.0,322.85921522747117,328.6990747954695,0.5,22.07272,janaf_interp,98.0,0.17598430909838783,5.839859567998347,11.679719135996693
397.0,323.3330000366466,329.08569486352746,0.5,22.09004,janaf_interp,98.0,0.17605315888233233,5.752694826880866,11.505389653761732
398.0,323.80417113293043,329.4704969660991,0.5,22.10736,janaf_interp,98.0,0.17612092897851364,5.666325833168682,11.332651666337364
399.0,324.2727480132421,329.8535072946601,0.5,22.124679999999998,janaf_interp,98.0,0.1761876359124775,5.580759281418032,11.161518562836063
400.0,324.73875000000004,330.23475168762127,0.5,22.142,janaf_interp,98.0,0.1762532959696244,5.4960016876212086,10.992003375242417
401.0,325.20219624280884,330.57827106807844,0.5,22.15522,janaf_interp,97.99253333333334,0.1763179251982933,5.3760748252695905,10.752149650539181
402.0,325.66310572013083,330.9200830918242,0.5,22.16844,janaf_interp,97.98506666666668,0.17638153941281867,5.256977371693427,10.513954743386854
403.0,326.121497240944,331.26021321790535,0.5,22.18166,janaf_interp,97.9776,0.176444154196561,5.138715976961345,10.27743195392269
404.0,326.5773894463851,331.59868655459695,0.5,22.19488,janaf_interp,97.97013333333334,0.17650578490491076,5.021297108211868,10.042594216423735
405.0,327.0308008113789,331.9355278635908,0.5,22.208099999999998,janaf_interp,97.96266666666668,0.17656644666826507,4.904727052211833,9.809454104423667
406.0,327.4817496462524,332.2707615641515,0.5,22.22132,janaf_interp,97.95520000000002,0.17662615439497725,4.78901191789906,9.57802383579812
407.0,327.9302540983353,332.60441173724536,0.5,22.23454,janaf_interp,97.94773333333336,0.17668492277427916,4.674157638910063,9.348315277820126
408.0,328.37633215354583,332.9365021296374,0.5,22.24776,janaf_interp,97.94026666666667,0.17674276627917576,4.560169976091591,9.120339952183182
409.0,328.8200016379625,333.267056157958,0.5,22.26098,janaf_interp,97.93280000000003,0.17679969916931226,4.447054519995477,8.894109039990955
410.0,329.26128021938166,333.5960969127391,0.5,22.2742,janaf_interp,97.92533333333334,0.1768557354938135,4.33481669335744,8.66963338671488
411.0,329.70018540886053,333.92364716241764,0.5,22.28742,janaf_interp,97.91786666666668,0.17691088909409536,4.223461753557119,8.446923507114239
412.0,330.1367345622466,334.24972935730744,0.5,22.30064,janaf_interp,97.91040000000002,0.17696517360664837,4.112994795060836,8.225989590121673
413.0,330.5709448816926,334.57436563353923,0.5,22.31386,janaf_interp,97.90293333333334,0.1770186024657933,4.0034207518466465,8.006841503693293
414.0,331.00283341715766,334.8975778169672,0.5,22.32708,janaf_interp,97.89546666666669,0.17707118890640888,3.8947443998095346,7.789488799619069
415.0,331.4324170678942,335.219387427043,0.5,22.3403,janaf_interp,97.88800000000002,0.17712294596663114,3.7869703591487753,7.573940718297551
416.0,331.8597125839213,335.5398156806566,0.5,22.35352,janaf_interp,97.88053333333335,0.17717388649052515,3.680103096735307,7.360206193470614
417.0,332.28473656748395,335.85888349594353,0.5,22.36674,janaf_interp,97.87306666666667,0.17722402313072821,3.5741469284595775,7.148293856919155
418.0,332.70750547449876,336.17661149605834,0.5,22.37996,janaf_interp,97.86560000000001,0.17727336835106539,3.4691060215595755,6.938212043119151
419.0,333.1280356159856,336.4930200129146,0.5,22.39318,janaf_interp,97.85813333333333,0.1773219344291368,3.3649843969289925,6.729968793857985
420.0,333.54634315948607,336.8081290908899,0.5,22.4064,janaf_interp,97.85066666666668,0.17736973345887697,3.261785931403831,6.523571862807662
421.0,333.96244413046793,337.12195849049806,0.5,22.41962,janaf_interp,97.84320000000001,0.17741677735308622,3.1595143600301676,6.319028720060335
422.0,334.3763544137167,337.4345276920258,0.5,22.43284,janaf_interp,97.83573333333334,0.17746307784593424,3.058173278309168,6.116346556618336
423.0,334.788089754713,337.74585589913545,0.5,22.44606,janaf_interp,97.82826666666669,0.1775086464954357,2.957766144422459,5.915532288844918
424.0,335.1976657609973,338.05596204243284,0.5,22.45928,janaf_interp,97.82080000000003,0.17755349468589823,2.8582962814355533,5.7165925628711065
425.0,335.60509790352125,338.3648647830016,0.5,22.4725,janaf_interp,97.81333333333336,0.17759763363034267,2.759766879480359,5.519533758960718
426.0,336.01040151798554,338.6725825159009,0.5,22.48572,janaf_interp,97.80586666666669,0.17764107437289578,2.6621809979153257,5.324361995830651
427.0,336.41359180616485,338.97913337363036,0.5,22.49894,janaf_interp,97.79840000000002,0.17768382779115555,2.5655415674655146,5.131083134931029
428.0,336.8146838372204,339.2845352295596,0.5,22.51216,janaf_interp,97.79093333333336,0.17772590459852905,2.4698513923392076,4.939702784678415
429.0,337.21369254899867,339.5888057013226,0.5,22.525380000000002,janaf_interp,97.78346666666667,0.1777673153465431,2.3751131523239315,4.750226304647863
430.0,337.6106327493177,339.89196215417735,0.5,22.5386,janaf_interp,97.77600000000001,0.17780807042712782,2.2813294048596573,4.562658809719315
431.0,338.0055191172411,340.19402170433256,0.5,22.55182,janaf_interp,97.76853333333335,0.17784818007487335,2.1885025870914987,4.377005174182997
432.0,338.3983662043388,340.49500122223697,0.5,22.56504,janaf_interp,97.76106666666668,0.17788765436925946,2.0966350178981874,4.193270035796375
433.0,338.78918843593556,340.79491733583586,0.5,22.57826,janaf_interp,97.75360000000002,0.17792650323685877,2.0057288999003036,4.011457799800607
434.0,339.1780001123474,341.0937864337932,0.5,22.59148,janaf_interp,97.74613333333335,0.17796473645351327,1.9157863214458046,3.8315726428916093
435.0,339.5648154101045,341.3916246686779,0.5,22.6047,janaf_interp,97.73866666666667,0.1780023636464845,1.8268092585734061,3.6536185171468123
436.0,339.9496483831636,341.68844796011734,0.5,22.61792,janaf_interp,97.73120000000002,0.1780393942965776,1.7387995769537272,3.4775991539074544
437.0,340.3325129641071,341.9842719979156,0.5,22.631140000000002,janaf_interp,97.72373333333334,0.17807583774023927,1.651759033808498,3.303518067616996
438.0,340.7134229653298,342.2791122451377,0.5,22.64436,janaf_interp,97.7162666666667,0.1781117031716298,1.5656892798078703,3.1313785596157406
439.0,341.0923920802151,342.57298394116043,0.5,22.65758,janaf_interp,97.70880000000001,0.1781469996446696,1.4805918609452833,2.9611837218905666
440.0,341.46943388429753,342.86590210468813,0.5,22.6708,janaf_interp,97.70133333333335,0.17818173607505994,1.396468220390602,2.792936440781204
441.0,341.8445618364156,343.157881536736,0.5,22.68402,janaf_interp,97.6938666666667,0.1782159212422788,1.3133197003203865,2.626639400640773
442.0,342.2177892798508,343.4489368235788,0.5,22.69724,janaf_interp,97.68640000000002,0.17824956379155107,1.231147543727958,2.462295087455916
443.0,342.58912944345695,343.7390823396667,0.5,22.71046,janaf_interp,97.67893333333335,0.17828267223579436,1.1499528962097925,2.299905792419585
444.0,342.95859544277664,344.028332250508,0.5,22.72368,janaf_interp,97.67146666666669,0.1783152549575396,1.069736807731414,2.139473615462828
445.0,343.3262002811471,344.3167005155174,0.5,22.736900000000002,janaf_interp,97.66400000000002,0.1783473202108274,0.990500234370293,1.981000468740586
446.0,343.691956850795,344.6042008908334,0.5,22.750120000000003,janaf_interp,97.65653333333334,0.17837887612307995,0.9122440400383715,1.824488080076743
447.0,344.05587793391913,344.89084693210094,0.5,22.76334,janaf_interp,97.64906666666668,0.17840993069694888,0.8349689981817623,1.6699379963635246
448.0,344.4179762037628,345.1766519972236,0.5,22.77656,janaf_interp,97.6416,0.1784404918121391,0.7586757934607543,1.5173515869215086
449.0,344.7782642256753,345.4616292490807,0.5,22.78978,janaf_interp,97.63413333333335,0.17847056722720897,0.6833650234054653,1.3667300468109307
450.0,345.1367544581618,345.74579165821564,0.5,22.803,janaf_interp,97.62666666666667,0.1785001645813469,0.6090372000537915,1.218074400107583
451.0,345.4934592539236,345.98850731818357,0.5,22.81354,janaf_interp,97.61920000000002,0.17852929139612478,0.49504806425993175,0.9900961285198635
452.0,345.8483908608862,346.23041423960575,0.5,22.824080000000002,janaf_interp,97.61173333333336,0.1785579550772283,0.38202337871958814,0.7640467574391763
453.0,346.2015614232179,346.4715251387766,0.5,22.83462,janaf_interp,97.60426666666667,0.17858616291616422,0.2699637155586662,0.5399274311173324
454.0,346.55298298233845,346.7118525436372,0.5,22.84516,janaf_interp,97.59680000000002,0.17861392209194538,0.15886956129874544,0.3177391225974909
455.0,346.9026674779152,346.95140879642827,0.5,22.8557,janaf_interp,97.58933333333334,0.17864123967275275,0.0487413185130286,0.0974826370260572
456.0,347.25062674885123,347.1902060563094,0.5,22.86624,janaf_interp,97.58186666666668,0.17866812261757578,-0.060420692541806716,-0.12084138508361343
457.0,347.5968725342621,347.4282563019467,0.5,22.87678,janaf_interp,97.57440000000003,0.1786945777778305,-0.16861623231539863,-0.33723246463079726
458.0,347.94141647444263,347.6655713340667,0.5,22.88732,janaf_interp,97.56693333333334,0.17872061189895577,-0.2758451403759376,-0.5516902807518752
459.0,348.284270111824,347.90216277797856,0.5,22.89786,janaf_interp,97.5594666666667,0.1787462316219882,-0.38210733384544254,-0.7642146676908851
460.0,348.6254448919208,348.1380420860651,0.5,22.9084,janaf_interp,97.55200000000002,0.17877144348511564,-0.48740280585561985,-0.9748056117112397
461.0,348.96495216426797,348.3732205402411,0.5,22.91894,janaf_interp,97.54453333333335,0.17879625392520937,-0.5917316240268884,-1.1834632480537768
462.0,349.30280318334866,348.60770925438055,0.5,22.92948,janaf_interp,97.53706666666668,0.17882066927933582,-0.695093928968115,-1.39018785793623
463.0,349.639009109512,348.8415191767133,0.5,22.94002,janaf_interp,97.52960000000002,0.1788446957862472,-0.7974899327987537,-1.5949798655975074
464.0,349.9735810098815,349.07466109219047,0.5,22.95056,janaf_interp,97.52213333333334,0.1788683395878519,-0.8989199176910172,-1.7978398353820344
465.0,350.3065298592541,349.3071456248195,0.5,22.961100000000002,janaf_interp,97.51466666666667,0.1788916067306646,-0.9993842344346222,-1.9987684688692444
466.0,350.6378665409895,349.53898323996845,0.5,22.97164,janaf_interp,97.50720000000001,0.17891450316723645,-1.0988833010210157,-2.1977666020420314
467.0,350.96760184789105,349.7701842466419,0.5,22.98218,janaf_interp,97.49973333333332,0.1789370347575653,-1.197417601249117,-2.394835202498234
468.0,351.2957464830768,350.00075879972496,0.5,22.99272,janaf_interp,97.49226666666668,0.17895920727048661,-1.294987683351853,-2.589975366703706
469.0,351.62231106084147,350.2307169022005,0.5,23.00326,janaf_interp,97.4848,0.17898102638504462,-1.3915941586409486,-2.783188317281897
470.0,351.9473061075099,350.46006840733423,0.5,23.0138,janaf_interp,97.47733333333336,0.17900249769184487,-1.4872377001756871,-2.9744754003513743
471.0,352.2707420622818,350.6888230208346,0.5,23.02434,janaf_interp,97.46986666666669,0.17902362669438746,-1.5819190414471715,-3.163838082894343
472.0,352.5926292780664,350.9169903029812,0.5,23.03488,janaf_interp,97.46240000000002,0.1790444188103817,-1.6756389750852014,-3.351277950170403
473.0,352.9129780223104,351.1445796707265,0.5,23.04542,janaf_interp,97.45493333333336,0.17906487937304236,-1.768398351583955,-3.53679670316791
474.0,353.2317984778156,351.37160039976914,0.5,23.05596,janaf_interp,97.44746666666667,0.17908501363236753,-1.8601980780464313,-3.7203961560928627
475.0,353.54910074354865,351.5980616266002,0.5,23.066499999999998,janaf_interp,97.44000000000001,0.17910482675639855,-1.9510391169484604,-3.902078233896921
476.0,353.8648948354429,351.82397235052144,0.5,23.07704,janaf_interp,97.43253333333335,0.17912432383246205,-2.040922484921432,-4.081844969842864
477.0,354.1791906871908,352.04934143563713,0.5,23.08758,janaf_interp,97.42506666666667,0.17914350986839425,-2.1298492515536593,-4.259698503107319
478.0,354.4919981510292,352.2741776128185,0.5,23.098119999999998,janaf_interp,97.41760000000002,0.17916238979374818,-2.217820538210673,-4.435641076421346
479.0,354.80332699851544,352.4984894816425,0.5,23.10866,janaf_interp,97.41013333333335,0.1791809684609832,-2.304837516872967,-4.609675033745934
480.0,355.11318692129635,352.72228551230364,0.5,23.1192,janaf_interp,97.40266666666668,0.179199250646638,-2.3909014089927134,-4.781802817985427
481.0,355.42158753186794,352.9455740475006,0.5,23.129739999999998,janaf_interp,97.39520000000003,0.17921724105248651,-2.476013484367338,-4.952026968734676
482.0,355.728538364329,353.1683633042976,0.5,23.14028,janaf_interp,97.38773333333334,0.17923494430667747,-2.560175060031386,-5.120350120062772
483.0,356.0340488751248,353.390661375958,0.5,23.15082,janaf_interp,97.38026666666669,0.17925236496485714,-2.643387499166777,-5.286774998333554
484.0,356.33812844378497,353.61247623375704,0.5,23.16136,janaf_interp,97.37280000000001,0.1792695075112766,-2.725652210027957,-5.451304420055914
485.0,356.6407863736519,353.833815728766,0.5,23.1719,janaf_interp,97.36533333333335,0.17928637635988237,-2.8069706448858645,-5.613941289771729
486.0,356.94203189260344,354.054687593614,0.5,23.18244,janaf_interp,97.35786666666671,0.1793029758553916,-2.8873442989894222,-5.7746885979788445
487.0,357.24187415376605,354.2750994442256,0.5,23.19298,janaf_interp,97.35040000000002,0.1793193102743517,-2.966774709540461,-5.933549419080922
488.0,357.5403222362225,354.4950587815327,0.5,23.203519999999997,janaf_interp,97.34293333333336,0.17933538382618433,-3.045263454689771,-6.090526909379542
489.0,357.83738514571036,354.7145729931659,0.5,23.21406,janaf_interp,97.33546666666669,0.1793512006542147,-3.1228121525444243,-6.245624305088849
490.0,358.1330718153151,354.93364935511926,0.5,23.2246,janaf_interp,97.32800000000002,0.17936676483668526,-3.1994224601958026,-6.398844920391605
491.0,358.4273911061541,355.1522950333947,0.5,23.235139999999998,janaf_interp,97.32053333333334,0.1793820803877552,-3.2750960727594007,-6.5501921455188015
492.0,358.72035180805506,355.37051708562143,0.5,23.24568,janaf_interp,97.31306666666669,0.17939715125848477,-3.3498347224336054,-6.699669444867211
493.0,359.01196264022656,355.5883224626549,0.5,23.25622,janaf_interp,97.3056,0.17941198133780575,-3.423640177571641,-6.847280355143282
494.0,359.3022322519217,355.8057180101516,0.5,23.266759999999998,janaf_interp,97.29813333333334,0.17942657445347734,-3.4965142417700807,-6.9930284835401615
495.0,359.5911692230952,356.0227104701233,0.5,23.277299999999997,janaf_interp,97.29066666666668,0.17944093437302805,-3.5684587529719187,-7.1369175059438374
496.0,359.87878206505326,356.2393064824691,0.5,23.28784,janaf_interp,97.2832,0.17945506480468373,-3.6394755825841782,-7.2789511651683565
497.0,360.16507922109696,356.45551258648544,0.5,23.298379999999998,janaf_interp,97.27573333333336,0.17946896939828227,-3.709566634611522,-7.419133269223044
498.0,360.4500690671592,356.6713352223563,0.5,23.308919999999997,janaf_interp,97.26826666666668,0.17948265174617414,-3.778733844802908,-7.557467689605816
499.0,360.73375991243375,356.88678073262065,0.5,23.31946,janaf_interp,97.26080000000003,0.1794961153841102,-3.846979179813112,-7.693958359626224
500.0,361.01616000000007,357.10185536362144,0.5,23.33,janaf_interp,97.25333333333336,0.17950936379211627,-3.9143046363786094,-7.828609272757219
501.0,361.29727750743905,357.28135493760317,0.5,23.33824,janaf_interp,97.24586666666669,0.17952240039535441,-4.015922569835903,-8.031845139671805
502.0,361.5771205474447,357.46048540224893,0.5,23.34648,janaf_interp,97.23840000000003,0.17953522856497184,-4.116635145195745,-8.23327029039149
503.0,361.8556971684276,357.63925284209876,0.5,23.354719999999997,janaf_interp,97.23093333333334,0.179547851618937,-4.216444326328841,-8.432888652657683
504.0,362.1330153551133,357.8176632485596,0.5,23.362959999999998,janaf_interp,97.22346666666668,0.1795602728228632,-4.315352106553719,-8.630704213107437
505.0,362.40908302913425,357.9957225213027,0.5,23.371199999999998,janaf_interp,97.21600000000001,0.17957249539082004,-4.413360507831536,-8.826721015663072
506.0,362.68390804961535,358.17343646964196,0.5,23.37944,janaf_interp,97.20853333333335,0.17958452248613282,-4.510471579973426,-9.020943159946851
507.0,362.9574982137536,358.3508108138911,0.5,23.38768,janaf_interp,97.20106666666669,0.1795963572221697,-4.606687399862503,-9.213374799725006
508.0,363.2298612573918,358.52785118670306,0.5,23.395919999999997,janaf_interp,97.19360000000002,0.17960800266311758,-4.702010070688774,-9.404020141377549
509.0,363.5010048555864,358.7045631343884,0.5,23.404159999999997,janaf_interp,97.18613333333334,0.1796194618247457,-4.796441721197952,-9.592883442395904
510.0,363.77093662316906,358.8809521182159,0.5,23.412399999999998,janaf_interp,97.17866666666669,0.17963073767515847,-4.88998450495322,-9.77996900990644
511.0,364.0396641153031,359.057023515693,0.5,23.42064,janaf_interp,97.17120000000001,0.1796418331355366,-4.9826405996100895,-9.965281199220179
512.0,364.30719482803346,359.23278262182924,0.5,23.42888,janaf_interp,97.16373333333334,0.17965275108086712,-5.074412206204216,-10.148824412408432
513.0,364.5735361988317,359.40823465038045,0.5,23.43712,janaf_interp,97.15626666666668,0.17966349434066256,-5.165301548451194,-10.330603096902388
514.0,364.83869560713475,359.5833847350748,0.5,23.445359999999997,janaf_interp,97.14880000000001,0.17967406569966918,-5.25531087205996,-10.51062174411992
515.0,365.1026803748787,359.7582379308217,0.5,23.453599999999998,janaf_interp,97.14133333333335,0.17968446789856463,-5.344442444056978,-10.688884888113956
516.0,365.3654977670264,359.9327992149024,0.5,23.46184,janaf_interp,97.13386666666669,0.1796947036346449,-5.432698552123994,-10.865397104247988
517.0,365.6271549920904,360.10707348814356,0.5,23.47008,janaf_interp,97.12640000000002,0.17970477556250106,-5.520081503946878,-11.040163007893756
518.0,365.8876592026501,360.28106557607384,0.5,23.47832,janaf_interp,97.11893333333336,0.17971468629468573,-5.606593626576281,-11.213187253152562
519.0,366.14701749586345,360.4547802300634,0.5,23.486559999999997,janaf_interp,97.11146666666667,0.1797244384023694,-5.692237265800027,-11.384474531600054
520.0,366.4052369139736,360.62822212844645,0.5,23.494799999999998,janaf_interp,97.10400000000001,0.17973403441598684,-5.777014785527153,-11.554029571054306
521.0,366.6623244448105,360.8013958776281,0.5,23.50304,janaf_interp,97.09653333333335,0.1797434768258737,-5.860928567182362,-11.721857134364724
522.0,366.91828702228696,360.97430601317467,0.5,23.51128,janaf_interp,97.08906666666667,0.1797527680828934,-5.943981009112297,-11.887962018224593
523.0,367.1731315268902,361.14695700088697,0.5,23.51952,janaf_interp,97.08160000000001,0.1797619105990546,-6.026174526003204,-12.052349052006408
524.0,367.42686478616747,361.31935323786007,0.5,23.527759999999997,janaf_interp,97.07413333333335,0.1797709067481192,-6.107511548307409,-12.215023096614818
525.0,367.6794935752079,361.49149905352516,0.5,23.535999999999998,janaf_interp,97.06666666666668,0.17977975886620107,-6.18799452168275,-12.3759890433655
526.0,367.93102461711817,361.6633987106776,0.5,23.54424,janaf_interp,97.05920000000002,0.17978846925235556,-6.267625906440564,-12.535251812881128
527.0,368.18146458349435,361.8350564064891,0.5,23.55248,janaf_interp,97.05173333333335,0.1797970401691603,-6.346408177005242,-12.692816354010484
528.0,368.4308200948883,362.00647627350526,0.5,23.56072,janaf_interp,97.04426666666667,0.17980547384328685,-6.424343821383048,-12.848687642766096
529.0,368.6790977212695,362.17766238062825,0.5,23.568959999999997,janaf_interp,97.03680000000001,0.17981377246606384,-6.501435340641243,-13.002870681282486
530.0,368.92630398248224,362.34861873408533,0.5,23.577199999999998,janaf_interp,97.02933333333334,0.1798219381940312,-6.577685248396897,-13.155370496793793
531.0,369.172445348698,362.51934927838204,0.5,23.58544,janaf_interp,97.0218666666667,0.17982997314948623,-6.653096070315909,-13.306192140631818
532.0,369.41752824086336,362.6898578972431,0.5,23.59368,janaf_interp,97.01440000000001,0.17983787942102109,-6.727670343620255,-13.45534068724051
533.0,369.66155903114344,362.86014841453675,0.5,23.60192,janaf_interp,97.00693333333336,0.17984565906405206,-6.80141061660669,-13.60282123321338
534.0,369.9045440433604,363.0302245951884,0.5,23.61016,janaf_interp,96.99946666666669,0.17985331410134098,-6.874319448171998,-13.748638896343996
535.0,370.1464895534279,363.2000901460784,0.5,23.618399999999998,janaf_interp,96.99200000000002,0.17986084652350812,-6.94639940734949,-13.89279881469898
536.0,370.38740178978134,363.3697487169274,0.5,23.62664,janaf_interp,96.98453333333335,0.17986825828953765,-7.017653072853894,-14.035306145707787
537.0,370.62728693380285,363.5392039011685,0.5,23.63488,janaf_interp,96.97706666666669,0.17987555132727528,-7.088083032634332,-14.176166065268664
538.0,370.86615112024293,363.7084592368064,0.5,23.64312,janaf_interp,96.9696,0.17988272753391787,-7.157691883436535,-14.31538376687307
539.0,371.1040004376374,363.87751820726345,0.5,23.65136,janaf_interp,96.96213333333334,0.17988978877649597,-7.2264822303739455,-14.452964460747891
540.0,371.34084092872024,364.0463842422137,0.5,23.659599999999998,janaf_interp,96.95466666666668,0.17989673689234867,-7.294456686506486,-14.588913373012971
541.0,371.5766785908319,364.21506071840435,0.5,23.667839999999998,janaf_interp,96.9472,0.17990357368959112,-7.361617872427548,-14.723235744855096
542.0,371.81151937632393,364.38355096046377,0.5,23.67608,janaf_interp,96.93973333333336,0.17991030094757496,-7.427968415860169,-14.855936831720339
543.0,372.04536919295964,364.55185824169956,0.5,23.68432,janaf_interp,96.93226666666668,0.17991692041734153,-7.493510951260073,-14.987021902520146
544.0,372.27823390431007,364.719985784883,0.5,23.69256,janaf_interp,96.92480000000002,0.1799234338220681,-7.5582481194270015,-15.116496238854003
545.0,372.5101193301463,364.88793676302237,0.5,23.700799999999997,janaf_interp,96.91733333333336,0.17992984285750724,-7.622182567123939,-15.244365134247879
546.0,372.7410312468284,365.05571430012503,0.5,23.709039999999998,janaf_interp,96.90986666666667,0.1799361491924194,-7.685316946703397,-15.370633893406794
547.0,372.9709753876894,365.22332147194646,0.5,23.71728,janaf_interp,96.90240000000003,0.17994235446899867,-7.747653915742935,-15.49530783148587
548.0,373.199957443416,365.3907613067315,0.5,23.72552,janaf_interp,96.89493333333334,0.17994846030329215,-7.809196136684499,-15.618392273368999
549.0,373.42798306242577,365.55803678593986,0.5,23.73376,janaf_interp,96.88746666666668,0.17995446828561248,-7.869946276485904,-15.739892552971808
550.0,373.65505785123975,365.72515084496484,0.5,23.741999999999997,janaf_interp,96.88000000000002,0.17996037998094455,-7.929907006274867,-15.859814012549734
551.0,373.8811873748518,365.8921063738392,0.5,23.750239999999998,janaf_interp,96.87253333333334,0.1799661969293452,-7.98908100101252,-15.97816200202504
552.0,374.1063771570947,366.05890621793014,0.5,23.75848,janaf_interp,96.86506666666669,0.1799719206463372,-8.047470939164597,-16.094941878329195
553.0,374.33063268100125,366.2255531786253,0.5,23.76672,janaf_interp,96.85760000000002,0.17997755262329707,-8.105079502375956,-16.21015900475191
554.0,374.5539593891634,366.39205001400734,0.5,23.77496,janaf_interp,96.85013333333335,0.1799830943278365,-8.16190937515608,-16.32381875031216
555.0,374.7763626840866,366.5583994395183,0.5,23.7832,janaf_interp,96.84266666666667,0.1799885472041783,-8.217963244568296,-16.43592648913659
556.0,374.9978479285409,366.724604128615,0.5,23.791439999999998,janaf_interp,96.83520000000001,0.17999391267352638,-8.273243799925906,-16.54648759985181
557.0,375.218420445909,366.89066671341305,0.5,23.79968,janaf_interp,96.82773333333333,0.17999919213442953,-8.327753732495937,-16.655507464991874
558.0,375.4380855205301,367.05658978532244,0.5,23.80792,janaf_interp,96.82026666666668,0.18000438696314033,-8.381495735207633,-16.762991470415265
559.0,375.6568483980413,367.2223758956734,0.5,23.81616,janaf_interp,96.81280000000001,0.18000949851396775,-8.434472502367893,-16.868945004735785
560.0,375.8747142857143,367.3880275563313,0.5,23.8244,janaf_interp,96.80533333333337,0.18001452811962457,-8.486686729383024,-16.973373458766048
561.0,376.0916883527901,367.5535472403043,0.5,23.832639999999998,janaf_interp,96.79786666666669,0.18001947709156943,-8.538141112485782,-17.076282224971564
562.0,376.3077757308092,367.71893738234115,0.5,23.84088,janaf_interp,96.79040000000003,0.18002434672034343,-8.58883834846805,-17.1776766969361
563.0,376.5229815139399,367.88420037951903,0.5,23.84912,janaf_interp,96.78293333333336,0.18002913827590142,-8.638781134420885,-17.27756226884177
564.0,376.7373107593016,368.04933859182313,0.5,23.85736,janaf_interp,96.77546666666669,0.1800338530079382,-8.687972167478454,-17.37594433495691
565.0,376.9507684872863,368.2143543427183,0.5,23.8656,janaf_interp,96.76800000000001,0.18003849214620976,-8.736414144567998,-17.472828289135997
566.0,377.16335968187684,368.3792499197103,0.5,23.873839999999998,janaf_interp,96.76053333333336,0.1800430569008491,-8.784109762166556,-17.568219524333113
567.0,377.37508929096094,368.54402757490067,0.5,23.88208,janaf_interp,96.75306666666667,0.18004754846267762,-8.831061716060288,-17.662123432120577
568.0,377.58596222664295,368.7086895255304,0.5,23.89032,janaf_interp,96.74560000000001,0.1800519680035112,-8.877272701112553,-17.754545402225105
569.0,377.7959833655529,368.87323795451874,0.5,23.89856,janaf_interp,96.73813333333337,0.18005631667646166,-8.922745411034148,-17.845490822068296
570.0,378.0051575491514,369.0376750109903,0.5,23.9068,janaf_interp,96.73066666666668,0.18006059561623358,-8.967482538161102,-17.934965076322204
571.0,378.21348958403274,369.20200281079724,0.5,23.915039999999998,janaf_interp,96.72320000000002,0.18006480593941637,-9.01148677323553,-18.02297354647106
572.0,378.42098424222365,369.3662234370319,0.5,23.92328,janaf_interp,96.71573333333335,0.18006894874477178,-9.054760805191732,-18.109521610383464
573.0,378.6276462614807,369.5303389405313,0.5,23.93152,janaf_interp,96.70826666666669,0.18007302511351683,-9.097307320949422,-18.194614641898845
574.0,378.8334803455835,369.69435134037485,0.5,23.93976,janaf_interp,96.70080000000002,0.1800770361096024,-9.139129005208664,-18.27825801041733
575.0,379.0384911646256,369.85826262437473,0.5,23.948,janaf_interp,96.69333333333334,0.18008098277998755,-9.180228540250862,-18.360457080501725
576.0,379.2426833553027,370.02207474955776,0.5,23.95624,janaf_interp,96.68586666666668,0.18008486615490918,-9.220608605744916,-18.441217211489832
577.0,379.4460615211971,370.18578964264066,0.5,23.96448,janaf_interp,96.67840000000001,0.18008868724814783,-9.260271878556512,-18.520543757113025
578.0,379.64863023306117,370.3494092004978,0.5,23.97272,janaf_interp,96.67093333333334,0.1800924470572891,-9.299221032563388,-18.598442065126775
579.0,379.8503940290958,370.51293529062195,0.5,23.98096,janaf_interp,96.6634666666667,0.18009614656398104,-9.337458738473853,-18.674917476947705
580.0,380.0513574152282,370.67636975157797,0.5,23.9892,janaf_interp,96.65600000000002,0.18009978673418742,-9.374987663650261,-18.749975327300522
581.0,380.25152486538536,370.83971439344964,0.5,23.99744,janaf_interp,96.64853333333335,0.18010336851843703,-9.411810471935723,-18.823620943871447
582.0,380.4509008217661,371.0029709982792,0.5,24.005679999999998,janaf_interp,96.64106666666669,0.18010689285206918,-9.447929823486888,-18.895859646973776
583.0,380.6494896951097,371.1661413205013,0.5,24.01392,janaf_interp,96.63360000000002,0.1801103606554752,-9.483348374608392,-18.966696749216784
584.0,380.8472958649622,371.3292270873692,0.5,24.02216,janaf_interp,96.62613333333334,0.1801137728343362,-9.518068777592992,-19.036137555185984
585.0,381.04432367994013,371.49222999937416,0.5,24.0304,janaf_interp,96.61866666666668,0.18011713027985687,-9.552093680565951,-19.104187361131903
586.0,381.2405774579917,371.65515173066086,0.5,24.03864,janaf_interp,96.6112,0.1801204338689962,-9.58542572733085,-19.1708514546617
587.0,381.43606148665503,371.81799392943276,0.5,24.046879999999998,janaf_interp,96.60373333333334,0.18012368446469373,-9.618067557222275,-19.23613511444455
588.0,381.63078002331486,371.980758218355,0.5,24.05512,janaf_interp,96.59626666666666,0.1801268829160929,-9.650021804959886,-19.300043609919772
589.0,381.8247372954556,372.14344619494784,0.5,24.06336,janaf_interp,96.5888,0.18013003005876063,-9.681291100507712,-19.362582201015424
590.0,382.01793750091304,372.3060594319768,0.5,24.0716,janaf_interp,96.58133333333336,0.1801331267149033,-9.711878068936267,-19.423756137872534
591.0,382.21038480812246,372.46859947783526,0.5,24.07984,janaf_interp,96.57386666666667,0.18013617369357962,-9.741785330287184,-19.48357066057437
592.0,382.40208335636584,372.63106785692094,0.5,24.08808,janaf_interp,96.56640000000003,0.18013917179090988,-9.771015499444943,-19.542030998889885
593.0,382.5930372560151,372.7934660700084,0.5,24.09632,janaf_interp,96.55893333333334,0.18014212179028202,-9.799571186006746,-19.599142372013493
594.0,382.78325058877425,372.9557955946136,0.5,24.10456,janaf_interp,96.55146666666668,0.1801450244625545,-9.827454994160659,-19.654909988321318
595.0,382.9727274079182,373.1180578853553,0.5,24.1128,janaf_interp,96.54400000000003,0.18014788056625586,-9.854669522562974,-19.709339045125947
596.0,383.16147173853045,373.28025437430784,0.5,24.12104,janaf_interp,96.53653333333334,0.180150690847781,-9.88121736422261,-19.76243472844522
597.0,383.34948757773736,373.44238647135165,0.5,24.12928,janaf_interp,96.5290666666667,0.18015345604158473,-9.907101106385698,-19.814202212771395
598.0,383.53677889494105,373.60445556451646,0.5,24.13752,janaf_interp,96.52160000000002,0.18015617687037203,-9.93232333042457,-19.86464666084914
599.0,383.7233496320492,373.76646302031986,0.5,24.14576,janaf_interp,96.51413333333335,0.18015885404528512,-9.95688661172931,-19.91377322345862
600.0,383.9092037037037,373.92841018410036,0.5,24.154,janaf_interp,96.50666666666667,0.18016148826608802,-9.980793519603345,-19.96158703920669
