T_K,alpha_obs_1e-8_per_K,alpha_pred_1e-8_per_K,sigma_fit_1e-8_per_K,Cv1_J_per_molK,Cv2_J_per_molK,alpha1_1e-8_per_K,alpha2_1e-8_per_K,residual_1e-8_per_K,z
13.0,0.10555386774141656,-0.33944425925767446,0.03,0.017733714014697356,0.022232796002818665,2.8327371566799364,-3.1721814159376107,-0.444998126999091,-14.833270899969701
14.0,0.13309041480754097,-0.4239576911250711,0.03,0.02214898099969471,0.027768225867876726,3.5380203722939023,-3.9619780634189734,-0.557048105932612,-18.568270197753733
15.0,0.14906469638765094,-0.5214494196522789,0.03,0.027242278015291947,0.03415370346352965,4.351610333998016,-4.873059753650295,-0.6705141160399298,-22.35047053466433
16.0,0.11030769097369961,-0.6328464659660151,0.03,0.03306203577792829,0.04144994648434046,5.28124323793643,-5.914089703902445,-0.7431541569397148,-24.771805231323825
17.0,0.04474672330195559,-0.7590758508122916,0.03,0.03965668500380012,0.04971767262193204,6.334655280214508,-7.093731131026799,-0.8038225741142471,-26.794085803808237
18.0,-0.045386038282090646,-0.9010645929598684,0.03,0.04707465640758844,0.05901759955237283,7.519582656695549,-8.420647249655417,-0.8556785546777778,-28.52261848925926
19.0,-0.17180920211933742,-1.059739702879938,0.03,0.055364380696443664,0.06941044488514544,8.843761562039937,-9.903501264919875,-0.8879305007606008,-29.59768335868669
20.0,-0.3406056923499412,-1.2360281619752687,0.03,0.06457428854665759,0.08095692599145358,10.314928185978777,-11.550956347954045,-0.8954224696253275,-29.84741565417758
21.0,-0.5572548031493234,-1.4308568643501565,0.03,0.07475281052729686,0.09371775951061044,11.940818701115314,-13.37167556546547,-0.873602061200833,-29.120068706694433
22.0,-0.8269343037943666,-1.6451524743823478,0.03,0.08594837688405413,0.10775366010981734,13.729169228397875,-15.374321702780223,-0.8182181705879813,-27.27393901959938
23.0,-1.1544019759301651,-1.8798411170444431,0.03,0.09820941699958792,0.12312533770955092,15.687715750915965,-17.56755686796041,-0.725439141114278,-24.181304703809268
24.0,-1.5438820451316155,-2.135847769957987,0.03,0.11158435818508765,0.13989349186976588,17.82419392086803,-19.960041690826017,-0.5919657248263714,-19.73219082754572
25.0,-1.9989624023433001,-2.4140951716635466,0.03,0.12612162321897627,0.15811880138277196,20.146338666400236,-22.560433838063783,-0.41513276932024634,-13.837758977341545
26.0,-2.522504697236022,-2.715502008554334,0.03,0.14186962573290865,0.17786190640044142,22.661883454577907,-25.377385463132242,-0.19299731131831194,-6.433243710610398
27.0,-3.116569133524793,-3.0409801045292264,0.03,0.15887676217053862,0.199183379734849,25.378559006899987,-28.419539111429213,0.07558902899556649,2.5196342998522168
28.0,-3.7823555521281924,-3.3914303234415106,0.03,0.1771913986472079,0.22214368342865082,28.304091200300036,-31.695521523741544,0.39092522868668184,13.030840956222729
29.0,-4.520162148372184,-3.767736912555595,0.03,0.19686185066877573,0.24680310640445785,31.446197827485097,-35.21393474004069,0.7524252358165893,25.080841193886307
30.0,-5.329362933914205,-4.170760068332107,0.03,0.21793635338087552,0.2732216790534426,34.81258384462963,-38.983343912961736,1.1586028655820988,38.62009551940329
31.0,-6.208404819558522,-4.6013265912978545,0.03,0.24046301986736243,0.3014590610514562,38.41093471007845,-43.012261301376306,1.6070782282606668,53.56927427535556
32.0,-7.154824948830198,-5.060218607009487,0.03,0.2644897850370196,0.3315743994863871,42.248907420955774,-47.30912602796526,2.094606341820711,69.8202113940237
33.0,-8.165288610226703,-5.548160454310398,0.03,0.2900643328500023,0.36362615548870886,46.33411888850747,-51.88227934281787,2.6171281559163044,87.23760519721016
34.0,-9.235647568070469,-6.065803967882665,0.03,0.31723400503778504,0.397671898889252,50.674131357263796,-56.73993532514646,3.169843600187803,105.66145333959345
35.0,-10.361017643945683,-6.613712497620397,0.03,0.3460456900400127,0.43376807187564326,55.27643466410221,-61.89014716172261,3.747305146325286,124.91017154417621
36.0,-11.53587213840112,-7.1923441026689705,0.03,0.37654569157983186,0.47196972406854854,60.14842524481394,-67.34076934748292,4.34352803573215,144.78426785773834
37.0,-12.754143016313503,-7.802034426022095,0.03,0.4087795770767217,0.5123302227861662,65.2973819199656,-73.09941634598769,4.9521085902914095,165.07028634304697
38.0,-14.009313478001562,-8.442979792605643,0.03,0.4427920068989229,0.554900943424081,70.73043862012815,-79.1734184127338,5.56633368539592,185.544456179864
39.0,-15.29447420902185,-9.115221079204245,0.03,0.478626546234206,0.5997309457851142,76.45455433460486,-85.56977541380911,6.179253129817606,205.97510432725352
40.0,-16.602307452314196,-9.81862888050093,0.03,0.5163254620620373,0.6468666428135145,82.4764806802954,-92.29510956079632,6.783678571813265,226.1226190604422
41.0,-17.92497397171395,-10.552890446066714,0.03,0.5559295083054664,0.6963514685077987,88.80272758241938,-99.35561802848609,7.372083525647235,245.7361175215745
42.0,-19.25393178381967,-11.3174987937732,0.03,0.597477702701718,0.7482255518161335,95.43952763240775,-106.75702642618094,7.9364329900464705,264.54776633488234
43.0,-20.57982681768017,-12.111744321842465,0.03,0.6410070992422561,0.8025254030836704,102.39279973807287,-114.50454405991533,8.468082495837706,282.2694165279235
44.0,-21.892734715054942,-12.934709150642089,0.03,0.686552560192158,0.8592836191608022,109.66811270657875,-122.60282185722085,8.958025564412853,298.60085214709517
45.0,-23.183094549565123,-13.785264331927449,0.03,0.7341465317105685,0.918528612640014,117.27064940263864,-131.05591373456608,9.397830217637672,313.26100725458906
46.0,-24.44350210782511,-14.662069972370771,0.03,0.783818826971343,0.9802843699148476,125.20517210477287,-139.86724207714366,9.781432135454338,326.04773784847794
47.0,-25.671034412641923,-15.56357823372659,0.03,0.8355964204436911,1.0445702418944398,133.47598964423642,-149.039567877963,10.107456178915335,336.9152059638445
48.0,-26.869114083595484,-16.488039096801266,0.03,0.8895032566576118,1.1114007703050848,142.0869268577087,-158.57496595450996,10.381074986794216,346.03583289314054
49.0,-28.047550735151784,-17.433508712319973,0.03,0.9455600763710013,1.180785551604533,151.04129681968175,-168.47480553200174,10.61404202283181,353.8014007610604
50.0,-29.219839113498725,-18.397860109975174,0.5,1.003784262596567,1.252729139658025,160.34187624720147,-178.73973635717664,10.821979003523554,21.643958007047107
51.0,-30.398143944106238,-19.378795997523603,0.5,1.0641897084589143,1.3272309875027235,169.9908843917038,-189.3696803892274,11.019347946582633,22.038695893165265
52.0,-31.587983876191615,-20.373863354552427,0.5,1.1267867083540068,1.4042854277785224,179.98996565311123,-200.36382900766364,11.214120521639185,22.42824104327837
53.0,-32.785282943173925,-21.38046950955798,0.5,1.1915818733921801,1.4838816907415164,190.3401760729207,-211.72064558247868,11.404813433615947,22.809626867231895
54.0,-33.97744650673043,-22.395899383248356,0.5,1.2585780716347905,1.5660039582088154,201.04197378776203,-223.43787317101038,11.581547123482075,23.16309424696415
55.0,-35.147901529178526,-23.417333584053384,0.5,1.3277743931954757,1.6506314513133284,212.09521345476426,-235.51254703881764,11.730567945125143,23.461135890250286
56.0,-36.28160563772687,-24.44186705238724,0.5,1.3991661398770863,1.7377385495734328,223.4991445961863,-247.94101164857355,11.839738585339628,23.679477170679256
57.0,-37.3687325204642,-25.46652796673436,0.5,1.4727448386607593,1.827294938501294,235.25241375412634,-260.7189417208607,11.902204553729838,23.804409107459676
58.0,-38.40518380186532,-26.488296645804876,0.5,1.5484982780571956,1.9192657827789668,247.3530702971798,-273.8413669429847,11.916887156060442,23.833774312120884
59.0,-39.39057708632551,-27.504124205449873,0.5,1.6264105660733972,2.0136119219152278,259.7985756798948,-287.3026998853446,11.886452880875632,23.772905761751264
60.0,-40.325512945819106,-28.510950755694058,0.5,1.706462208340293,2.1102900852503184,272.5858159226745,-301.09676667836857,11.81456219012505,23.6291243802501
61.0,-41.20970843881951,-29.505722951000035,0.5,1.7886302047861835,2.20925312319063,285.71111705414154,-315.21684000514153,11.70398548781948,23.40797097563896
62.0,-42.04154377632751,-30.485410734908758,0.5,1.8728881631249936,2.3104502516220067,299.1702632394541,-329.6556739743628,11.556133041418748,23.112266082837497
63.0,-42.81861843428044,-31.447023147805545,0.5,1.9592064273532765,2.41382730655982,312.95851730608234,-344.40554045388785,11.371595286474893,22.743190572949786
64.0,-43.538579731641384,-32.38762309313529,0.5,2.047552219411878,2.5193270062376127,327.07064337247255,-359.45826646560784,11.150956638506095,22.30191327701219
65.0,-44.19969727735163,-33.30434098245,0.5,2.1378897921630813,2.626889218006059,341.50093128421645,-374.80527226666646,10.895356294901633,21.790712589803267
66.0,-44.80103857773052,-34.194387203032164,0.5,2.230180591856996,2.736451227603407,356.243222566008,-390.43760976904014,10.606651374698359,21.213302749396718
67.0,-45.34235992474759,-35.05506337308531,0.5,2.3243834283084652,2.8479480085606617,371.29093760525797,-406.3460009783433,10.287296551662278,20.574593103324556
68.0,-45.82389059404059,-35.88377236868289,0.5,2.4204546510727356,2.9613124897143193,386.6371037939354,-422.5208761626183,9.940118225357699,19.880236450715397
69.0,-46.24613360616911,-36.67802712361398,0.5,2.518348329991619,3.0764758190117045,402.2743843685398,-438.9524114921538,9.56810648255513,19.13621296511026
70.0,-46.60972930414598,-37.43545821803451,0.5,2.6180164385775524,3.1933676220046063,418.1951077033918,-455.6305659214263,9.17427108611147,18.34854217222294
71.0,-46.91537870663838,-38.15382028452439,0.5,2.71940903880772,3.311916253633115,434.3912968291637,-472.5451171136881,8.761558422113982,17.523116844227964
72.0,-47.163806689398015,-38.83099727071865,0.5,2.822474466011756,3.432049042100333,450.85469896635817,-489.68569623707685,8.33280941867937,16.66561883735874
73.0,-47.355746534351695,-39.46500660643471,0.5,2.9271595126510968,3.5536925238281953,467.5768148817418,-507.04182148817654,7.890739927916982,15.781479855833965
74.0,-47.49193419122941,-40.05400233008244,0.5,3.0334096099043015,3.6767726686629154,484.54892789431017,-524.6029302243926,7.437931861146971,14.875863722293943
75.0,-47.57310637523066,-40.59627723450288,0.5,3.1411690060884396,3.801215094665752,501.76213237585375,-542.3584096103566,6.976829140727781,13.953658281455562
76.0,-47.60000000070899,-41.09026409619152,0.5,3.2503809410599014,3.926945271978287,519.2073616092887,-560.2976257054802,6.5097359045174725,13.019471809034945
77.0,-47.57335202910934,-41.534536054376154,0.5,3.360987815848569,4.0538887153928185,536.8754148855753,-578.4099509399515,6.038815974733184,12.077631949466369
78.0,-47.49389943201553,-41.9278062078302,0.5,3.4729313568846547,4.181971165386359,554.756983736885,-596.6847899447152,5.566093224185327,11.132186448370653
79.0,-47.362379183002,-42.268926497634716,0.5,3.586152774278297,4.311118757491843,572.8426772197688,-615.1116037174036,5.093452685367284,10.186905370734568
80.0,-47.17952825599982,-42.556885943670096,0.5,3.7005929137064024,4.441258179982859,591.1230461771657,-633.6799321208358,4.622642312329725,9.24528462465945
81.0,-46.94608362499685,-42.790808301362404,0.5,3.8161924015498334,4.572316819938549,609.5886064222369,-652.3794147235993,4.155275323634446,8.310550647268892
82.0,-46.66278226398362,-42.969949203414785,0.5,3.932891783005867,4.704222897834435,628.22986080009,-671.1998100035048,3.6928330605688355,7.385666121137671
83.0,-46.33036114693441,-43.09369284898007,0.5,4.050631652976118,4.836905590873185,647.0373200954735,-690.1310129444537,3.236668297954336,6.473336595908672
84.0,-45.94955724778184,-43.16154829999599,0.5,4.169352779598889,4.970295145327192,666.0015227655125,-709.1630710655085,2.7880089477858467,5.5760178955716935
85.0,-45.521107540370274,-43.17314544147704,0.5,4.28899622035696,5.104322978213784,685.113053486462,-728.286198927939,2.3479620988932295,4.695924197786459
86.0,-45.04574899837457,-43.12823065930217,0.5,4.4095034307477565,5.238921768663683,704.362560512398,-747.4907911717002,1.9175183390724002,3.8350366781448004
87.0,-44.5242185951673,-43.026662285761596,0.5,4.530816365552377,5.374025539375834,723.7407718516656,-766.7674341374272,1.4975563094057018,2.9951126188114037
88.0,-43.95725330361309,-42.868405859629696,0.5,4.652877572783934,5.5095697285764365,743.2385102739429,-786.1069161335726,1.088847443983391,2.177694887966782
89.0,-43.34559009576302,-42.653529244128784,0.5,4.7756302804338,5.645491252918905,762.8467071668587,-805.5002364109874,0.6920608516342385,1.384121703268477
90.0,-42.689965942416706,-42.38219764271199,0.5,4.899018476167431,5.781728561774381,782.5564152663957,-824.9386129091076,0.3077682997047148,0.6155365994094296
91.0,-41.99111781251263,-42.05466854913582,0.5,5.022986980149835,5.918221683370012,802.3588202898405,-844.4134888389764,-0.06355073662318916,-0.12710147324637833
92.0,-41.24978267230061,-41.671286665066745,0.5,5.1474815112041625,6.0549122632358126,822.245251503785,-863.9165381688517,-0.4215039927661349,-0.8430079855322699
93.0,-40.46669748424253,-41.232478815236,0.5,5.272448746526572,6.191743595420255,842.2071912628206,-883.4396700780566,-0.7657813309934713,-1.5315626619869427
94.0,-39.642599205578875,-40.73874888705576,0.5,5.397836375196255,6.328660646930716,862.2362835570926,-902.9750324441484,-1.0961496814768894,-2.192299362953779
95.0,-38.77822478649051,-40.190672818711825,0.5,5.5235931457318515,6.465610075848314,882.324341608836,-922.5150144275478,-1.4124480322213102,-2.8248960644426204
96.0,-37.87431116777472,-39.58889365695945,0.5,5.649668907954283,6.6025402435570335,902.4633545594359,-942.0522482163954,-1.7145824891847299,-3.4291649783694598
97.0,-36.93159527794545,-38.93411670320515,0.5,5.776014649422906,6.739401221516203,922.6454932896432,-961.5796099928484,-2.0025214252596983,-4.005042850519397
98.0,-35.95081402965632,-38.22710476405045,0.5,5.902582526715032,6.876144792991993,942.8631154160838,-981.0902201801342,-2.276290734394131,-4.552581468788262
99.0,-34.93270431533442,-37.46867352008,0.5,6.029325891821183,7.012724450149513,963.1087695075668,-1000.5774430276467,-2.535969204745582,-5.071938409491164
100.0,-33.87800300190036,-36.65968702469168,0.5,6.156199313927287,7.149095386891759,983.3751985645164,-1020.0348855892081,-2.781684022791313,-5.563368045582626
101.0,-32.78744692443848,-35.80105334264656,0.5,6.283158596853561,7.285214487815289,1003.6553428046136,-1039.4563961472602,-3.0136064182080844,-6.027212836416169
102.0,-31.661772878667538,-34.893720336347,0.5,6.41016079241592,7.421040313636344,1023.9423417971124,-1058.8360621334593,-3.2319474576794613,-6.463894915358923
103.0,-30.501717612048825,-33.938671606035975,0.5,6.5371642099710625,7.556533083423187,1044.2295359875466,-1078.1682075935826,-3.4369539939871494,-6.873907987974299
104.0,-29.308017813354557,-32.93692258880685,0.5,6.664128422400173,7.691654653954366,1064.5104676535514,-1097.447390242358,-3.6289047754522974,-7.257809550904595
105.0,-28.081410100504645,-31.889516819736617,0.5,6.791014268779832,7.826368496504414,1084.7788813315067,-1116.6683981512433,-3.8081067192319717,-7.6162134384639435
106.0,-26.82263100646448,-30.79752235741408,0.5,6.917783853980647,7.960639671342181,1105.0287237524249,-1135.826246109839,-3.974891350949603,-7.949782701899206
107.0,-25.53241696298056,-29.662028374827972,0.5,7.044400545426458,8.09443480020924,1125.2541433242739,-1154.9161716991018,-4.1296114118474145,-8.259222823694829
108.0,-24.21150428191423,-28.48414191582518,0.5,7.170828967237829,8.22772203703031,1145.4494891964725,-1173.9336311122977,-4.272637633910953,-8.545275267821905
109.0,-22.86062913391679,-27.264984816263894,0.5,7.2970349919751065,8.360471037090571,1165.6093099409516,-1192.8742947572155,-4.4043556823471,-8.8087113646942
110.0,-21.48052752417128,-26.0056907883656,0.5,7.422985730186686,8.49265292489961,1185.7283518826177,-1211.7340426709832,-4.525163264194322,-9.050326528388643
111.0,-20.07193526490828,-24.707402666017256,0.5,7.548649517959074,8.624240260946339,1205.801557110635,-1230.5089597766523,-4.635467401108976,-9.270934802217951
112.0,-18.635587944384035,-23.37126980823088,0.5,7.67399590265571,8.7552070075346,1225.8240612003806,-1249.1953310086114,-4.735681863846847,-9.471363727693694
113.0,-17.172220891989664,-21.99844565745983,0.5,7.798995627022241,8.885528493875293,1245.7911906744637,-1267.7896363319235,-4.826224765470165,-9.65244953094033
114.0,-15.682569139140362,-20.590085449029903,0.5,7.923620611826497,9.015181380597147,1265.6984602296793,-1286.2885456787094,-4.90751630988954,-9.81503261977908
115.0,-14.167367375572635,-19.14734406764117,0.5,8.04784393719216,9.144143623825766,1285.5415697552992,-1304.6889138229403,-4.9799766920685355,-9.959953384137071
116.0,-12.62734990065664,-17.671374046544017,0.5,8.171639822776118,9.27239443896811,1305.3164011666513,-1322.9877752131954,-5.044024145887376,-10.088048291774752
117.0,-11.063250569308558,-16.163323704773756,0.5,8.29498360693059,9.39991426432798,1325.0190150765354,-1341.1823387813092,-5.1000731354651965,-10.200146270930393
118.0,-9.475802732065834,-14.624335417731439,0.5,8.417851724982247,9.526684724667508,1344.6456473255842,-1359.2699827433157,-5.1485326856656055,-10.297065371331211
119.0,-7.865739168864852,-13.055544016101017,0.5,8.540221686752615,9.652688594818695,1364.1927053914317,-1377.2482494075327,-5.189804847236164,-10.379609694472329
120.0,-6.233792016037186,-11.458075308163416,0.5,8.662072053435358,9.777909763439816,1383.6567646951517,-1395.114840003315,-5.2242832921262305,-10.448566584252461
121.0,-4.580692686016328,-9.833044720429799,0.5,8.783382413938492,9.90233319700202,1403.034564822224,-1412.8676095426538,-5.2523520344134695,-10.504704068826939
122.0,-2.907171779221993,-8.181556051478376,0.5,8.90413336079221,10.025944904083037,1422.3230056741133,-1430.5045617255919,-5.274384272256382,-10.548768544512765
123.0,-1.2139589875638004,-6.50470033394431,0.5,9.024306465715343,10.14873190003672,1441.51914356532,-1448.0238438992644,-5.29074134638051,-10.58148269276102
124.0,0.4982170110198722,-4.80355479962451,0.5,9.143884254926792,10.270682172099766,1460.6201872796926,-1465.4237420793172,-5.301771810644381,-10.603543621288763
125.0,2.2286286675985836,-3.0791819426840927,0.5,9.262850184281772,10.39178464498986,1479.6234940987556,-1482.7026760414396,-5.307810610282676,-10.615621220565352
126.0,3.976549687500006,-1.3326286760349502,0.5,9.381188614306199,10.512029147042822,1498.5265658137691,-1499.859194489804,-5.309178363534956,-10.618356727069912
127.0,5.74125516643895,0.43507442388509643,0.5,9.49888478519675,10.631406376930869,1517.3270447323025,-1516.8919703084173,-5.306180742553854,-10.612361485107709
128.0,7.522021738219501,2.2229137887267543,0.5,9.61592479184823,10.749907870997426,1536.0227096891713,-1533.7997959004445,-5.299107949492748,-10.598215898985496
129.0,9.318127734732666,4.029893450762685,0.5,9.732295558964891,10.867525971240202,1554.6114720707858,-1550.581578620023,-5.28823428396998,-10.57646856793996
130.0,11.128853359002111,5.8550355609147315,0.5,9.847984816306928,10.984253793967744,1573.0913718610884,-1567.2363363001737,-5.2738177980873795,-10.547635596174759
131.0,12.953480872060279,7.697380836504507,0.5,9.962981074118687,11.100085199152026,1591.4605737165227,-1583.763192880018,-5.256100035555772,-10.512200071111543
132.0,14.791294794467797,9.55598894305757,0.5,10.07727359878095,11.215014760494062,1609.7173630767898,-1600.1613741337321,-5.235305851410227,-10.470611702820454
133.0,16.64158212332076,11.42993881413391,0.5,10.19085238872485,11.329037736216804,1627.8601423174034,-1616.4302035032695,-5.21164330918685,-10.4232866183737
134.0,18.503632565621775,13.318328913122794,0.5,10.303708150641592,11.442150040595942,1645.8874269494904,-1632.5690980363677,-5.18530365249898,-10.37060730499796
135.0,20.376738788923472,15.22027744078414,0.5,10.415832276018136,11.55434821623589,1663.7978418716632,-1648.577564430879,-5.1564613481393335,-10.312922696278667
136.0,22.26019669018624,17.1349224921085,0.5,10.527216818025456,11.665629407095713,1681.5901176782097,-1664.4551951861013,-5.125274198077741,-10.250548396155482
137.0,24.153305683825135,19.06142216604885,0.5,10.637854468783255,11.775991332266804,1699.2630870274193,-1680.2016648613703,-5.091883517776288,-10.183767035552576
138.0,26.055369009955758,20.998954631289617,0.5,10.747738537021275,11.885432260502707,1716.8156810732582,-1695.8167264419687,-5.05641437866614,-10.11282875733228
139.0,27.965694063883113,22.946718151364284,0.5,10.856862926155364,11.993950985498184,1734.246925963299,-1711.3002078119348,-5.018975912518832,-10.037951825037664
140.0,29.883592747913255,24.903931072043385,0.5,10.965222112792917,12.101546801913415,1751.555939405233,-1726.6520083331898,-4.979661675869868,-9.959323351739735
141.0,31.80838184660322,26.869831773910168,0.5,11.07281112568115,12.208219482137968,1768.7419273041257,-1741.8720955302156,-4.938550072693054,-9.877100145386107
142.0,33.73938342660163,28.843678592814015,0.5,11.179625525107957,12.313969253786604,1785.804180471962,-1756.9605018791478,-4.895704833787612,-9.791409667575223
143.0,35.67592526226912,30.82474971085698,0.5,11.285661382764568,12.418796777918573,1802.742071410959,-1771.9173217001019,-4.851175551412138,-9.702351102824275
144.0,37.61734128830585,32.81234302029016,0.5,11.390915262076057,12.522703127970608,1819.5550511716142,-1786.7427081513242,-4.804998268015692,-9.609996536031383
145.0,39.562972080651484,34.80577596272142,0.5,11.495384199004853,12.625689769392471,1836.2426462863089,-1801.4368703235873,-4.7571961179300635,-9.514392235860127
146.0,41.512165366962165,36.804385345799524,0.5,11.599065683330604,12.727758539973664,1852.804455779,-1816.0000704332003,-4.7077800211626455,-9.415560042325291
147.0,43.464276568008046,38.80752713943052,0.5,11.701957640407883,12.828911630848559,1869.240148251246,-1830.4326211118155,-4.6567494285775295,-9.313498857155059
148.0,45.418669371375756,40.81457625353495,0.5,11.80405841340276,12.929151568167034,1885.5494590447229,-1844.734882791188,-4.604093117840805,-9.20818623568161
149.0,47.37471633890064,42.82492629915916,0.5,11.90536674600702,13.028481195416491,1901.7321874800373,-1858.907261180878,-4.549790039741482,-9.099580079482964
150.0,49.33179954929422,44.83798933467232,0.5,12.005881765628622,13.126903656381606,1917.788194171616,-1872.9502048369436,-4.493810214621899,-8.987620429243798
151.0,51.289311277475726,46.853195598709554,0.5,12.105602967055523,13.224422378726908,1933.717398418207,-1886.8642028194975,-4.436115678766173,-8.872231357532346
152.0,53.24665471215816,48.869993231349646,0.5,12.204530196589126,13.32104105818759,1949.5197756683976,-1900.6497824370479,-4.3766614808085125,-8.753322961617025
153.0,55.203244713283254,50.88784798500813,0.5,12.302663636643047,13.416763643353361,1965.1953550604624,-1914.3075070754544,-4.31539672827513,-8.63079345655026
154.0,57.15850861094442,52.90624292632033,0.5,12.400003790801803,13.511594321030321,1980.7442170356774,-1927.8379741093572,-4.25226568462409,-8.50453136924818
155.0,59.11188704748257,54.9246781303513,0.5,12.496551469333925,13.60553750216539,1996.1664910242205,-1941.241812893869,-4.187208917131268,-8.374417834262536
156.0,61.06283486448858,56.94267036823545,0.5,12.592307775152891,13.698597808318143,2011.4623532026105,-1954.519682834375,-4.1201644962531345,-8.240328992506269
157.0,63.01082203649547,58.959752789327446,0.5,12.68727409021896,13.790780058664698,2026.6320243215691,-1967.672271532242,-4.051069247168026,-8.102138494336051
158.0,64.95533465319981,60.975474598980725,0.5,12.781452062375143,13.882089257518317,2041.6757676032353,-1980.7002930042545,-3.97986005421909,-7.95972010843818
159.0,66.89587595210833,62.989400732736264,0.5,12.874843592608732,13.972530582351574,2056.5938867063533,-1993.6044859736169,-3.9064752193720684,-7.812950438744137
160.0,68.83196740356846,65.00111152793941,0.5,12.967450822731475,14.062109372305265,2071.386723758337,-2006.3856122303978,-3.8308558756290454,-7.661711751258091
161.0,70.76314985019738,67.01020239348347,0.5,13.059276123469106,14.150831117168718,2086.054657452724,-2019.0444550592404,-3.7529474567139105,-7.505894913427821
162.0,72.68898470276429,69.01628347852693,0.5,13.150322082952746,14.238701446817222,2100.598101210818,-2031.5818177322913,-3.672701224237366,-7.345402448474732
163.0,74.60905519456449,71.01897934077033,0.5,13.240591495602722,14.325726121091876,2115.0175014060246,-2043.9985220652543,-3.5900758537941564,-7.180151707588313
164.0,76.52296769619488,73.01792861500552,0.5,13.330087351396475,14.411911020107524,2129.3133356495296,-2056.295407034524,-3.5050390811893704,-7.010078162378741
165.0,78.4303530922744,75.01278368245997,0.5,13.418812825511411,14.497262134974898,2143.4861111358787,-2068.4733274534183,-3.4175694098144387,-6.835138819628877
166.0,80.33086822087914,77.00321034156131,0.5,13.506771268334145,14.581785558922986,2157.536363047078,-2080.5331527055164,-3.327657879317829,-6.655315758635658
167.0,82.22419737500137,78.98888748045906,0.5,13.593966195826313,14.665487478808291,2171.464653013656,-2092.4757655331973,-3.235309894542314,-6.470619789084628
168.0,84.11005386284715,80.96950675192863,0.5,13.680401280238824,14.74837416699749,2185.2715676313815,-2104.3020608794527,-3.140547110918527,-6.281094221837054
169.0,85.98818161983992,82.94477225089508,0.5,13.766080341164997,14.830451973611114,2198.957717032114,-2116.012944781219,-3.0434093689448356,-6.086818737889671
170.0,87.85835685941744,84.91440019506445,0.5,13.851007336923466,14.911727319114663,2212.5237335073334,-2127.609333312269,-2.943956664352994,-5.887913328705988
171.0,89.72038974190255,86.87811860893494,0.5,13.935186356262466,14.992206687245808,2225.9702701830033,-2139.0921515740683,-2.8422711329676047,-5.684542265935209
172.0,91.57412603112664,88.8356670114754,0.5,14.01862161037583,15.071896618264889,2239.297999744226,-2150.462332732751,-2.738459019651254,-5.476918039302508
173.0,93.41944869805428,90.78679610778579,0.5,14.101317425222623,15.150803702517429,2252.5076132084046,-2161.720817100619,-2.632652590268486,-5.265305180536972
174.0,95.25627942130959,92.73126748495126,0.5,14.18327823414131,15.228934574297,2265.599818745445,-2172.868551260494,-2.525011936358317,-5.050023872716634
175.0,97.08457992918034,94.66885331224246,0.5,14.26450857074955,15.306295905997391,2278.5753405435903,-2183.906487231348,-2.4157266169378753,-4.8314532338757505
176.0,98.90435312991718,96.59933604599001,0.5,14.345013062121984,15.382894402543283,2291.4349177196577,-2194.8355816736675,-2.305017083927171,-4.610034167854342
177.0,100.71564399005533,98.52250813912065,0.5,14.424796422236653,15.458736796088942,2304.179303272187,-2205.6567951330667,-2.1931358509346732,-4.3862717018693465
178.0,102.51854014485055,100.43817175560582,0.5,14.503863445682548,15.533829840974875,2316.809263076301,-2216.3710913206946,-2.080368389244725,-4.16073677848945
179.0,104.31317225665215,102.34613848992602,0.5,14.582219001619723,15.608180308932052,2329.325574918907,-2226.979436428981,-1.967033766726129,-3.934067533452258
180.0,106.09971416450212,104.24622909160051,0.5,14.6598680279844,15.681794984524949,2341.72902757304,-2237.4827984814397,-1.8534850729016177,-3.7069701458032354
181.0,107.87838287057245,106.13827319495017,0.5,14.73681552593104,15.75468066082317,2354.0204199100513,-2247.882146715101,-1.7401096756222745,-3.480219351244549
182.0,109.64943835696987,108.02210905401863,0.5,14.81306655450367,15.82684413529361,2366.2005600484194,-2258.178450994401,-1.6273293029512488,-3.2546586059024976
183.0,111.41318308730922,109.89758328287222,0.5,14.888626225529334,15.89829220590356,2378.270264538044,-2268.3726812551718,-1.5155998044370047,-3.0311996088740094
184.0,113.16996079560849,111.76455060118727,0.5,14.963499698726016,15.969031667426913,2390.230357578799,-2278.465806977612,-1.405410194421224,-2.810820388842448
185.0,114.92015379677153,113.62287358518542,0.5,15.037692177018116,16.039069307945212,2402.081670272238,-2288.4587966870527,-1.2972802115861126,-2.5945604231722252
186.0,116.66417760359774,115.47242242395112,0.5,15.111208902052415,16.108411905535462,2413.825039905327,-2298.352617481376,-1.191755179646622,-2.383510359293244
187.0,118.40247119292495,117.31307468109986,0.5,15.184055149907701,16.17706622513724,2425.4613092651107,-2308.1482345840104,-1.089396511825088,-2.178793023650176
188.0,120.1354809717221,119.14471506180455,0.5,15.256236226991579,16.245039015591807,2436.9913259832792,-2317.8466109214746,-0.9907659099175533,-1.9815318198351066
189.0,121.86363653632174,120.96723518515873,0.5,15.327757466117772,16.312337006845897,2448.4159419095677,-2327.448706724409,-0.8964013511630182,-1.7928027023260364
190.0,123.58731688045648,122.7805333618379,0.5,15.398624222757906,16.378966907313718,2459.7360125130253,-2336.955479151188,-0.8067835186185757,-1.6135670372371513
191.0,125.30680692054233,124.58451437703349,0.5,15.468841871461267,16.444935401390026,2470.952396310117,-2346.3678819330835,-0.7222925435088376,-1.4445850870176753
192.0,127.02224607687698,126.37908927866201,0.5,15.538415802437143,16.51024914710829,2482.0659543187953,-2355.6868650401334,-0.6431567982149848,-1.2863135964299697
193.0,128.73357300378984,128.16417517066296,0.5,15.607351418293268,16.574914773937913,2493.077549537508,-2364.913374366845,-0.569397833126884,-1.138795666253768
194.0,130.44047302300353,129.93969501154496,0.5,15.675654130925318,16.63893888071381,2503.9880464483344,-2374.0483514367897,-0.500778011458578,-1.001556022917156
195.0,132.1423368325509,131.7055774178903,0.5,15.743329358551724,16.702328033693913,2514.7983105433354,-2383.092733125445,-0.4367594146606037,-0.8735188293212074
196.0,133.83824001134406,133.46175647299023,0.5,15.810382522888624,16.765088764737595,2525.509207873284,-2392.047451400294,-0.37648353835383097,-0.7529670767076619
197.0,135.5269521622708,135.2081715403036,0.5,15.876819046459524,16.82722756960114,2536.1216046179234,-2400.9134330776196,-0.31878062196719065,-0.6375612439343813
198.0,137.20698192505446,136.94476708186482,0.5,15.942644350035074,16.88875090634414,2546.6363666769967,-2409.6915995951317,-0.26221484318962396,-0.5244296863792479
199.0,138.87665962715084,138.67149248149357,0.5,16.007863850197985,16.949665193842396,2557.0543592812787,-2418.3828667997855,-0.20516714565728558,-0.41033429131457116
200.0,140.53425357267417,140.38830187266808,0.5,16.072482957027955,17.009976810402442,2567.3764466227694,-2426.9881447501016,-0.14595170000608898,-0.29190340001217796
201.0,142.1781098594132,142.0951539711303,0.5,16.13650707190304,17.069692092473307,2577.6034915034916,-2435.508337532361,-0.08295588828293267,-0.16591177656586534
202.0,143.8068003740621,143.79201191198086,0.5,16.199941585411914,17.128817333450925,2587.736355001999,-2443.9443430900183,-0.014788462081253456,-0.02957692416250691
203.0,145.4192604402082,145.47884309132724,0.5,16.262791875373697,17.187358782571092,2597.7758961570726,-2452.2970530657453,0.059582651119025165,0.11916530223805033
204.0,147.014897362076,147.15561901225564,0.5,16.325063304960533,17.24532264388711,2607.7229716678207,-2460.567352655565,0.14072165017965288,0.28144330035930576
205.0,148.59365413668067,148.82231513520787,0.5,16.38676122091954,17.30271507532786,2617.578435609663,-2468.756120474455,0.2286609985272096,0.4573219970544192
206.0,150.1560185292327,150.47891073253012,0.5,16.44789095188977,17.35954218783298,2627.3431391654835,-2476.8642284329535,0.32289220329740564,0.6457844065948113
207.0,151.7029755123632,152.12538874719468,0.5,16.508457806810778,17.41581004456132,2637.01793037142,-2484.8925416242255,0.4224132348314745,0.844826469662949
208.0,153.23590932033562,153.761735655568,0.5,16.568467073418788,17.471524660169184,2646.603653876645,-2492.841918221077,0.5258263352323865,1.051652670464773
209.0,154.7564685204667,155.38794133419796,0.5,16.62792401682776,17.5266920001554,2656.10115071671,-2500.713209382512,0.6314728137312412,1.2629456274624824
210.0,156.26641225659642,157.00399893041657,0.5,16.686833878190907,17.581317980269713,2665.5112580997406,-2508.507259169324,0.7375866738201327,1.4751733476402653
211.0,157.76745740535785,158.60990473681886,0.5,16.745201873440326,17.635408465981488,2674.8348092051046,-2516.224904468286,0.842447331461021,1.684894662922042
212.0,159.2611447135789,160.20565806942915,0.5,16.803033192101186,17.68896927200604,2684.072632993999,-2523.8669749245696,0.9445133558502816,1.8890267117005632
213.0,160.74873761551171,161.79126114948124,0.5,16.860332996177412,17.742006161885655,2693.225554031447,-2531.4342928819656,1.0425235339695251,2.0850470679390503
214.0,162.2311613993941,163.36671898880502,0.5,16.917106419106208,17.794524847622423,2702.294392319299,-2538.9276733304937,1.1355575894109033,2.2711151788218067
215.0,163.7089839478392,164.9320392786033,0.5,16.97335856477813,17.846530989360684,2711.2799631397015,-2546.347923861098,1.2230553307640928,2.4461106615281856
216.0,165.18243357833472,166.48723228170311,0.5,17.029094506620712,17.898030195116288,2720.1830769087164,-2553.6958446270132,1.304798703368399,2.609597406736798
217.0,166.65144540931266,168.0323107279702,0.5,17.08431928674207,17.94902802055082,2729.0045390395253,-2560.972228311555,1.3808653186575444,2.7617306373150887
218.0,168.11572558622947,169.56728971311054,0.5,17.139037915132867,17.999529968787435,2737.7451498149508,-2568.17786010184,1.4515641268810686,2.9031282537621372
219.0,169.5748225874366,171.09218660047216,0.5,17.193255368923634,18.049541490267618,2746.405704268823,-2575.313517668351,1.5173640130355583,3.0347280260711167
220.0,171.02819630382405,172.60702092596605,0.5,17.246976591695194,18.099067982645565,2754.9869920758306,-2582.3799711498646,1.5788246221420184,3.1576492442840367
221.0,172.47527805825632,174.11181430596417,0.5,17.30020649284002,18.148114790718694,2763.489797449503,-2589.377983143539,1.6365362477078487,3.2730724954156973
222.0,173.91551756778549,175.60659034808958,0.5,17.352949946972373,18.196687206392532,2771.9148990479916,-2596.308308699902,1.6910727803040861,3.3821455606081723
223.0,175.3484155119761,177.09137456484422,0.5,17.405211793384986,18.244790468677763,2780.2630698872763,-2603.171695322432,1.7429590528681345,3.485918105736269
224.0,176.77354248515132,178.56619428997286,0.5,17.45699683555016,18.292429763717898,2788.535077261476,-2609.9688829715033,1.792651804821515,3.58530360964303
225.0,178.19054650594055,180.03107859751,0.5,17.508309840663713,18.339610224846048,2796.731682669999,-2616.700604072489,1.8405320915694636,3.6810641831389272
226.0,179.59915193420113,181.48605822347668,0.5,17.5591555392296,18.386336932668716,2804.8536417511914,-2623.3675835277145,1.8869062892755304,3.773812578551061
227.0,180.99915272464804,182.93116549003923,0.5,17.609538624683257,18.432614915175634,2812.90170422217,-2629.9705387321305,1.9320127653911792,3.8640255307823583
228.0,182.3904026109114,184.36643423219405,0.5,17.659463753052467,18.478449147873945,2820.876613824652,-2636.5101795924575,1.9760316212826603,3.9520632425653206
229.0,183.77280425365674,185.79189972683255,0.5,17.7089355426534,18.523844553945064,2828.779108276399,-2642.9872085495663,2.0190954731757946,4.038190946351589
230.0,185.14629876309638,187.2075986241413,0.5,17.75795857382074,18.56880600442333,2836.60991922811,-2649.4023206039687,2.0612998610449225,4.122599722089845
231.0,186.51085643326024,188.61356888124487,0.5,17.806537388670137,18.613338318395133,2844.3697722254747,-2655.7562033442296,2.1027124479846515,4.205424895969303
232.0,187.86646906602422,190.00984969812947,0.5,17.85467649089136,18.657446263216453,2852.059386676134,-2662.0495369780047,2.1433806321052526,4.286761264210505
233.0,189.21314393805832,191.39648145560002,0.5,17.90238034557115,18.701134554749338,2859.67947582138,-2668.2829943657803,2.1833375175417125,4.366675035083425
234.0,190.55089926504044,192.7735056554104,0.5,17.94965337904378,18.74440785761424,2867.2307467122896,-2674.4572410568794,2.222606390369942,4.445212780739884
235.0,191.87976092011905,194.14096486235763,0.5,17.996499978768455,18.787270785458578,2874.713900190135,-2680.5729353277775,2.261203942238584,4.522407884477168
236.0,193.19976013784583,195.49890264836785,0.5,18.042924493232245,18.829727901239966,2882.1296308708834,-2686.6307282225152,2.2991425105219867,4.598285021043973
237.0,194.51093195280367,196.84736353849019,0.5,18.088931231877165,18.871783717523076,2889.4786271335447,-2692.631263595055,2.33643158568652,4.67286317137304
238.0,195.81331416185233,198.1863929587039,0.5,18.134524465050074,18.91344269678936,2896.761571112174,-2698.57517815347,2.3730787968515537,4.746157593703107
239.0,197.10694664501014,199.51603718557493,0.5,18.179708423974915,18.954709251758803,2903.979138691431,-2704.4631015058567,2.409090540564773,4.818181081129546
240.0,198.39187092339478,200.83634329761017,0.5,18.2244873007453,18.995587745722567,2911.1319995054,-2710.2956562077898,2.444472374215402,4.888944748430804
241.0,199.66812986896076,202.14735912832685,0.5,18.268865248337136,19.036082492886056,2918.220816939605,-2716.0734578112783,2.479229259366099,4.958458518732198
242.0,200.93576750878654,203.44913322096465,0.5,18.312846380640128,19.07619775872158,2925.2462481360417,-2721.797114915077,2.5133657121781305,5.026731424356261
243.0,202.19482888694844,204.74171478477476,0.5,18.356434772506642,19.115937760329423,2932.208944000984,-2727.467229216209,2.546885897826325,5.09377179565265
244.0,203.44535996095092,206.02515365284333,0.5,18.39963445981794,19.1553066668076,2939.1095492155628,-2733.0843955627192,2.5797936918923976,5.159587383784795
245.0,204.68740751882626,207.29950024147027,0.5,18.442449439566246,19.194308599628428,2945.9487022488756,-2738.6492020074056,2.6120927226440123,5.2241854452880245
246.0,205.9210191087768,208.56480551090618,0.5,18.484883669951785,19.232947633022356,2952.7270353734884,-2744.1622298625825,2.643786402129398,5.287572804258796
247.0,207.14624297672322,209.8211209276125,0.5,18.526941070494487,19.271227794367515,2959.445174683277,-2749.6240537556646,2.674877950889286,5.349755901778572
248.0,208.36312800916946,211.06849842775122,0.5,18.56862552215895,19.309153064585534,2966.103740113389,-2755.0352416856376,2.7053704185817757,5.4107408371635515
249.0,209.57172367995594,212.30699038212194,0.5,18.609940867492416,19.346727378541726,2972.703345462284,-2760.396355080162,2.7352667021660197,5.4705334043320395
250.0,210.77208000010972,213.53664956230233,0.5,18.6508909107747,19.383954625450272,2979.244598415683,-2765.7079488533805,2.764569562192612,5.529139124385224
251.0,211.9642474703438,214.75752910805627,0.5,18.691479418179643,19.4208386492834,2985.728100572359,-2770.9705714643023,2.79328163771247,5.58656327542494
252.0,213.14827703593286,215.9696824959663,0.5,18.731710117947276,19.457383249183962,2992.1544474716356,-2776.1847649756696,2.821405460033455,5.64281092006691
253.0,214.32422004379038,217.17316350915985,0.5,18.771586700565862,19.49359217988143,2998.524228622469,-2781.351065113309,2.8489434653694947,5.697886930738989
254.0,215.49212820161281,218.36802620827675,0.5,18.81111281896393,19.529469152110362,3004.8380275341206,-2786.470001325844,2.875898006663937,5.751796013327874
255.0,216.6520535389865,219.55432490341957,0.5,18.85029208871069,19.56501783303137,3011.0964217481724,-2791.542096844753,2.9022713644330524,5.804542728866105
256.0,217.80404837036156,220.73211412723688,0.5,18.88912808822524,19.600241846653983,3017.2999828719444,-2796.5678687447075,2.9280657568753305,5.856131513750661
257.0,218.9481652598093,221.9014486089842,0.5,18.9276243589933,19.6351447742611,3023.449276613115,-2801.5478280041307,2.953283349174909,5.906566698349818
258.0,220.08445698748176,223.0623832496332,0.5,18.96578440579152,19.669730154834554,3029.5448628155527,-2806.4824795659197,2.9779262621514304,5.955852524302861
259.0,221.2129765176993,224.2149730978819,0.5,19.00361169691845,19.704001485481832,3035.5872954962088,-2811.3723223983266,3.0019965801826407,6.003993160365281
260.0,222.33377696859355,225.35927332712654,0.5,19.041109664431954,19.73796222186327,3041.5771228830404,-2816.2178495559137,3.0254963585329993,6.0509927170659985
261.0,223.446911583237,226.49533921331755,0.5,19.078281704392424,19.771615778619548,3047.5148874538654,-2821.019548240548,3.0484276300805213,6.096855260161043
262.0,224.55243370219443,227.62322611375686,0.5,19.11513117711192,19.804965529799215,3053.401125976155,-2825.777899862398,3.0707924115624152,6.1415848231248305
263.0,225.65039673743382,228.742989446601,0.5,19.151661407407683,19.838014809286157,3059.2363695475315,-2830.4933801009306,3.0925927091671963,6.185185418334393
264.0,226.74085414753603,229.85468467132984,0.5,19.187875684861087,19.8707669112264,3065.02114363713,-2835.1664589658003,3.1138305237937844,6.227661047587569
265.0,227.82385941414725,230.9583672698614,0.5,19.223777264080287,19.903225090454523,3070.755968127557,-2839.7976008576957,3.1345078557141703,6.269015711428341
266.0,228.89946601961975,232.05409272859464,0.5,19.259369364967455,19.935392562918683,3076.441357357575,-2844.38726462898,3.154626708974891,6.309253417949782
267.0,229.96772742578705,233.14191652102508,0.5,19.294655172989035,19.967272506105044,3082.0778201652734,-2848.9359036442484,3.1741890952380305,6.348378190476061
268.0,231.02869705382648,234.22189409117723,0.5,19.32963783944974,19.99886805946062,3087.6658599318366,-2853.443965840659,3.193197037350743,6.386394074701486
269.0,232.08242826515897,235.29408083771708,0.5,19.364320481769447,20.030182324814632,3093.205974625772,-2857.911893788055,3.2116525725580907,6.423305145116181
270.0,233.128974343342,236.35853209867923,0.5,19.398706183762545,20.061218366798304,3098.6986568475354,-2862.3401247488564,3.229557755337217,6.459115510674434
271.0,234.16838847691133,237.41530313689603,0.5,19.43279799592012,20.091979213262896,3104.1443938746056,-2866.7290907377096,3.246914659984692,6.493829319969384
272.0,235.20072374313054,238.4644491260537,0.5,19.46659893569398,20.122467855695415,3109.5436677068533,-2871.0792185807995,3.2637253829231536,6.527450765846307
273.0,236.22603309260796,239.5060251372803,0.5,19.50011198778265,20.152687249632788,3114.896955112224,-2875.390929974944,3.2799920446723116,6.559984089344623
274.0,237.24436933474325,240.54008612641263,0.5,19.533340104419068,20.182640315073215,3120.204727672696,-2879.6646415462837,3.295716791669388,6.591433583338776
275.0,238.25578512396697,241.5666869217365,0.5,19.566286205659576,20.212329936885624,3125.467451830444,-2883.9007649087075,3.310901797769555,6.62180359553911
276.0,239.2603329467382,242.58588221236954,0.5,19.5989531796744,20.241758965216285,3130.6855889342337,-2888.099706721864,3.3255492656313392,6.6510985312626785
277.0,240.25806510926708,243.5977265370471,0.5,19.631343883038618,20.270930215893173,3135.8595952859077,-2892.2618687488607,3.3396614277800305,6.679322855560061
278.0,241.2490337259306,244.60227427354596,0.5,19.663461141024353,20.29984647082723,3140.989922187056,-2896.38764791351,3.3532405476153957,6.706481095230791
279.0,242.23329070835004,245.59957962850632,0.5,19.695307747893462,20.328510478411346,3146.077015985768,-2900.477436357262,3.3662889201562654,6.732577840312531
280.0,243.21088775510202,246.5896966277668,0.5,19.726886467190436,20.35692495391603,3151.121318123423,-2904.5316214956565,3.3788088726647953,6.757617745329591
281.0,244.18187634203488,247.5726791071488,0.5,19.758200032035713,20.3850925798824,3156.1232651815412,-2908.5505860743924,3.390802765113901,6.781605530227802
282.0,245.14630771316288,248.54858070368417,0.5,19.789251145419033,20.413016006512045,3161.0832889286435,-2912.534708224959,3.402272990521287,6.804545981042574
283.0,246.10423287211353,249.51745484725782,0.5,19.820042480492663,20.440697852053912,3166.0018163670898,-2916.484361519832,3.4132219751442636,6.826443950288527
284.0,247.05570257410363,250.4793547527048,0.5,19.85057668086459,20.468140703187935,3170.879269779916,-2920.399915027211,3.4236521786011687,6.847304357202337
285.0,248.0007673184192,251.4343334122495,0.5,19.88085636089095,20.49534711540539,3175.7160667775415,-2924.281733365292,3.4335660938302874,6.867132187660575
286.0,248.9394773413784,252.3824435883497,0.5,19.910884105968282,20.52231961338629,3180.5126203444584,-2928.1301767561085,3.4429662469713085,6.885932493942617
287.0,249.87188260975526,253.32373780693538,0.5,19.94066247282521,20.54906069137326,3185.269338885817,-2931.9456010788817,3.451855197180122,6.903710394360244
288.0,250.79803281464336,254.25826835096547,0.5,19.970193989812977,20.57557281354202,3189.986626273842,-2935.7283579228765,3.4602355363221093,6.920471072644219
289.0,251.71797736574055,255.18608725436303,0.5,19.99948115719555,20.60185841436864,3194.6648818941685,-2939.478794639805,3.4681098886224846,6.936219777244969
290.0,252.63176538603471,256.10724629625525,0.5,20.028526447438473,20.627919898993316,3199.3045006919847,-2943.1972543957295,3.475480910220505,6.95096182044101
291.0,253.53944570687383,257.0217969955627,0.5,20.05733230549697,20.653759643580827,3203.905873218051,-2946.8840762224886,3.48235128868882,6.96470257737764
292.0,254.4410668634019,257.92979060586134,0.5,20.085901149102394,20.679379995677245,3208.46938567446,-2950.539595068599,3.48872374245948,6.97744748491896
293.0,255.3366770903448,258.83127811057534,0.5,20.114235369047922,20.70478327456346,3212.9954199602685,-2954.164141849693,3.4946010202305464,6.989202040461093
294.0,256.22632431813025,259.72631021846945,0.5,20.14233732947274,20.729971771604962,3217.484353716894,-2957.7580434984247,3.499985900339205,6.99997180067841
295.0,257.110056169326,260.6149373593405,0.5,20.170209368144604,20.754947750598355,3221.936560373254,-2961.3216230139137,3.504881190014468,7.009762380028936
296.0,257.9879199553827,261.497209680079,0.5,20.197853796741324,20.779713448114084,3226.3524091907216,-2964.8551995106423,3.509289724696289,7.018579449392578
297.0,258.8599626736669,262.3731770409176,0.5,20.225272901130378,20.80427107383581,3230.732265307798,-2968.3590882668805,3.513214367250659,7.026428734501318
298.0,259.7262310047707,263.2428890119462,0.5,20.252468941646956,20.82862281089608,3235.076489784523,-2971.833600772577,3.5166580071755122,7.0333160143510245
299.0,260.5867713100858,264.10639486987947,0.5,20.279444153370516,20.852770816208615,3239.3854396466504,-2975.279044776771,3.5196235597936756,7.039247119587351
300.0,261.4416296296297,264.96374359504193,0.5,20.306200746399334,20.87671722079681,3243.6594679295063,-2978.6957243344646,3.5221139654122697,7.0442279308245395
301.0,262.29085168011136,265.81498386856964,0.5,20.332740906123515,20.900464130119005,3247.8989237215983,-2982.083939853029,3.524132188458315,7.04826437691663
302.0,263.1344828532268,266.6601640698393,0.5,20.359066793495966,20.924013624389854,3252.104152207899,-2985.4439881380595,3.5256812166124694,7.051362433224939
303.0,263.97256821417204,267.4993322740879,0.5,20.385180545301598,20.947367758898398,3256.2754947128483,-2988.7761624387604,3.5267640599158745,7.053528119831749
304.0,264.80515250036456,268.3325362502272,0.5,20.411084274424525,20.970528564322546,3260.413288743037,-2992.08075249281,3.5273837498626026,7.054767499725205
305.0,265.63228012036257,269.15982345889165,0.5,20.436780070113514,20.9934980470399,3264.5178680296053,-2995.3580445707134,3.527543338529076,7.055086677058152
306.0,266.45399515297316,269.98124105059935,0.5,20.462269998245013,21.016278189435155,3268.589562570262,-2998.6083215196627,3.527245897626195,7.05449179525239
307.0,267.27034134653985,270.79683586413233,0.5,20.487556101584605,21.038870950204128,3272.6286986710434,-3001.831862806911,3.526494517592462,7.052989035184924
308.0,268.0813621184011,271.6066544251011,0.5,20.512640400046134,21.061278264653964,3276.6355989877134,-3005.028944562612,3.5252923067000217,7.050584613400043
309.0,268.88710055451145,272.4107429446062,0.5,20.537524890948724,21.083502045000216,3280.610582566811,-3008.1998396222048,3.523642390094806,7.047284780189612
310.0,269.68759940921757,273.2091473181548,0.5,20.562211549271836,21.105544180660022,3284.553964886397,-3011.344817568242,3.5215479089372597,7.043095817874519
311.0,270.48290110518104,274.0019131246013,0.5,20.586702327908036,21.127406538542488,3288.4660578964276,-3014.4641447718263,3.5190120194202894,7.038024038840579
312.0,271.2730477334412,274.7890856253684,0.5,20.61099915791373,21.14909096333488,3292.34717005881,-3017.5580844334418,3.516037891927189,7.032075783854378
313.0,272.05808105361103,275.5707097636787,0.5,20.63510394875754,21.17059927778608,3296.1976063870757,-3020.626896623397,3.5126287100676694,7.025257420135339
314.0,272.8380424941982,276.3468301640488,0.5,20.659018588566845,21.191933282986117,3300.017668485759,-3023.67083832171,3.508787669850609,7.017575339701218
315.0,273.6129731530472,277.1174911317761,0.5,20.68274494437156,21.213094758642715,3303.8076545893427,-3026.6901634575665,3.504517978728893,7.009035957457786
316.0,274.3829137978943,277.8827366526503,0.5,20.706284862346205,21.234085463354305,3307.5678596009216,-3029.6851229482713,3.4998228547560224,6.999645709512045
317.0,275.14790486703,278.64261039272316,0.5,20.729640168049393,21.254907134879776,3311.298575130461,-3032.6559647377376,3.494705525693134,6.989411051386268
318.0,275.9079864700639,279.3971556982433,0.5,20.752812666661313,21.275561490404787,3315.000089532729,-3035.6029338344856,3.489169228179411,6.978338456358822
319.0,276.6631983887873,280.1464155956623,0.5,20.775804143219055,21.296050226805185,3318.6726879448875,-3038.526272349225,3.483217206874974,6.966434413749948
320.0,277.41358007812505,280.8904327917029,0.5,20.798616362849,21.316375020906708,3322.316652323614,-3041.426219531911,3.476852713577805,6.95370542715561
321.0,278.1591706671763,281.6292496736594,0.5,20.82125107099802,21.336537529741715,3325.9322614820335,-3044.3030118083743,3.470079006483102,6.940158012966204
322.0,278.900008960336,282.3629083096277,0.5,20.84370999366139,21.356539390802727,3329.519791126123,-3047.1568828164955,3.462899349291736,6.925798698583472
323.0,279.6361334384941,283.0914504489539,0.5,20.86599483760916,21.37638222229273,3333.0795138908725,-3049.9880634419183,3.4553170104597783,6.910634020919557
324.0,280.3675822603074,283.814917522701,0.5,20.888107290609952,21.396067623372424,3336.611699376031,-3052.7967818533302,3.447335262393606,6.894670524787212
325.0,281.09439326354124,284.5333506442356,0.5,20.910049021652544,21.41559717440423,3340.1166141815097,-3055.583263537274,3.438957380694353,6.877914761388706
326.0,281.81660396647504,285.2467906098598,0.5,20.931821681165125,21.434972437193302,3343.5945219423943,-3058.3477313325347,3.430186643384734,6.860373286769468
327.0,282.53425156937,285.9552778995477,0.5,20.953426901232426,21.45419495522544,3347.045683363638,-3061.09040546409,3.421026330177718,6.842052660355436
328.0,283.2473729559931,286.65885267774246,0.5,20.974866295810557,21.473266253902064,3350.4703562543737,-3063.8115035766314,3.4114797217493513,6.822959443498703
329.0,283.9560046951965,287.35755479423517,0.5,20.996141460939636,21.49218784077206,3353.868795561881,-3066.511240767646,3.4015500990386407,6.803100198077281
330.0,284.6601830425467,288.05142378506383,0.5,21.017253974953984,21.51096120576084,3357.2412534051628,-3069.189829620099,3.3912407425171587,6.782481485034317
331.0,285.3599439420014,288.7404988735515,0.5,21.03820539869036,21.52958782139614,3360.5879791082034,-3071.847480234652,3.380554931550083,6.761109863100166
332.0,286.055323027631,289.42481897134064,0.5,21.058997275693795,21.548069143031313,3363.909219232858,-3074.4844002615173,3.3694959437096337,6.738991887419267
333.0,286.7463556253817,290.1044226795076,0.5,21.079631132421273,21.566406609065414,3367.2052176113757,-3077.100794931868,3.3580670541259092,6.7161341082518184
334.0,287.4330767548771,290.77934828972917,0.5,21.1001084784432,21.584601641160692,3370.4762153785905,-3079.6968670888614,3.3462715348520744,6.692543069704149
335.0,288.1155211312562,291.4496337855147,0.5,21.120430806642656,21.60265564445697,3373.7224510037463,-3082.272817218232,3.334112654258523,6.668225308517046
336.0,288.7937231670446,292.1153168434636,0.5,21.140599593412563,21.620570007783588,3376.9441603219934,-3084.82884347853,3.3215936764189897,6.6431873528379795
337.0,289.4677169740572,292.77643483457933,0.5,21.16061629885049,21.638346103868273,3380.141576565502,-3087.365141730923,3.3087178605221155,6.617435721044231
338.0,290.1375363653296,293.4330248256377,0.5,21.18048236695149,21.65598528954346,3383.3149303942714,-3089.881905568634,3.295488460308086,6.590976920616172
339.0,290.80321485707555,294.0851235805709,0.5,21.200199225798617,21.673488905949856,3386.4644499265573,-3092.3793263459866,3.281908723495362,6.563817446990724
340.0,291.4647856706697,294.73276756194645,0.5,21.219768287751513,21.69085827873726,3389.5903607690016,-3094.857593207055,3.2679818912767336,6.535963782553467
341.0,292.12228173465223,295.37599293238446,0.5,21.239190949632675,21.708094718263084,3392.69288604638,-3097.3168931139953,3.2537111977322444,6.507422395464489
342.0,292.77573568675405,296.014835556145,0.5,21.258468592911797,21.725199519787687,3395.7722464310536,-3099.7574108749086,3.2390998693909356,6.478199738781871
343.0,293.4251798759402,296.6493310006158,0.5,21.277602583887756,21.742173963667632,3398.8286601720365,-3102.1793291714207,3.224151124675574,6.448302249351148
344.0,294.0706463644711,297.279514537909,0.5,21.29659427386878,21.759019315546237,3401.8623431237743,-3104.582828585865,3.2088681734378834,6.417736346875767
345.0,294.71216692997757,297.9054211465008,0.5,21.31544499935058,21.775736826541507,3404.8735087746027,-3106.968087628102,3.1932542165232576,6.386508433046515
346.0,295.34977306755087,298.5270855128202,0.5,21.33415608219201,21.79232773343163,3407.862368274801,-3109.335282761981,3.1773124452693136,6.354624890538627
347.0,295.98349599184326,299.1445420329383,0.5,21.352728829789317,21.808793258838257,3410.8291304644326,-3111.6845884314944,3.16104604109504,6.32209208219008
348.0,296.61336663918013,299.7578248142584,0.5,21.37116453524783,21.825134611406835,3413.774001900763,-3114.0161770865043,3.144458175078297,6.288916350156594
349.0,297.23941566968097,300.36696767721503,0.5,21.389464477551957,21.84135298598505,3416.6971868854216,-3116.3302192082065,3.1275520075340775,6.255104015068155
350.0,297.86167346938777,300.97200415701485,0.5,21.407629921733125,21.85744956379863,3419.5988874912255,-3118.6268833342106,3.110330687627076,6.220661375254152
351.0,298.4801701524004,301.57296750537137,0.5,21.42566211903563,21.873425512624852,3422.4793035886682,-3120.906336083297,3.092797352970998,6.185594705941996
352.0,299.0949355630165,302.16989069232176,0.5,21.4435623070809,21.889281986963727,3425.338632872166,-3123.168742179844,3.074955129305248,6.149910258610496
353.0,299.7059992778772,302.76280640795005,0.5,21.461331710029274,21.905020128207028,3428.1770708858926,-3125.4142644779427,3.0568071300728543,6.113614260145709
354.0,300.31339060811337,303.3517470642307,0.5,21.478971538740357,21.92064106480491,3430.9948110493997,-3127.6430639851687,3.038356456117399,6.076712912234798
355.0,300.9171386014959,303.9367447968458,0.5,21.496482990931153,21.936145912430195,3433.792044682872,-3129.8552998860264,3.0196061953499216,6.039212390699843
356.0,301.5172720445864,304.51783146699574,0.5,21.51386725133255,21.951535774140883,3436.5689610321274,-3132.0511295651318,3.0005594224093466,6.001118844818693
357.0,302.1138194648871,305.0950386632727,0.5,21.53112549184387,21.966811740540045,3439.325747293303,-3134.23070863003,2.981219198385585,5.96243839677117
358.0,302.7068091329911,305.6683977034955,0.5,21.54825887168535,21.98197488993367,3442.0625886372113,-3136.394190933716,2.961588570504399,5.923177141008798
359.0,303.2962690647301,306.2379396365614,0.5,21.565268537549155,21.99702628848677,3444.7796682334642,-3138.541728596903,2.941670571831318,5.883341143662636
360.0,303.8822270233196,306.80369524434434,0.5,21.58215562374828,22.01196699037674,3447.477167274256,-3140.673472029912,2.921468221024689,5.842936442049378
361.0,304.46471052150133,307.36569504358124,0.5,21.598921252363994,22.02679803794525,3450.155264997917,-3142.789569954336,2.9009845220799133,5.801969044159827
362.0,305.04374682368086,307.9239692877229,0.5,21.615566533390997,22.041520461847767,3452.814138712103,-3144.89016942438,2.8802224640420504,5.760444928084101
363.0,305.6193629480609,308.47854796886224,0.5,21.63209256488137,22.05613528120119,3455.4539638167844,-3146.9754158479222,2.859185020801383,5.718370041602766
364.0,306.19158566876916,309.02946081963717,0.5,21.64850043308649,22.07064350372941,3458.07491382692,-3149.0454530072825,2.837875150867983,5.675750301735966
365.0,306.76044151798,309.5767373150995,0.5,21.664791212597144,22.085046125907063,3460.6771603948337,-3151.1004230797344,2.816295797119505,5.63259159423901
366.0,307.3259567880295,310.1204066746475,0.5,21.68096596648213,22.099344133101155,3463.260873332359,-3153.1404666577114,2.794449886618016,5.588899773236032
367.0,307.8881575335232,310.66049786393626,0.5,21.697025746425243,22.113538499711048,3465.826220632719,-3155.165722768783,2.7723403304130194,5.544680660826039
368.0,308.44706957343635,311.1970395967904,0.5,21.71297159286026,22.127630189306167,3468.3733684920876,-3157.176328895297,2.7499700233540456,5.499940046708091
369.0,309.00271849320575,311.7300603370955,0.5,21.72880453510451,22.14162015476229,3470.902481330925,-3159.1724209938297,2.727341843889739,5.454683687779478
370.0,309.55512964681265,312.2595883007469,0.5,21.74452559149091,22.155509338395696,3473.4137218150736,-3161.154133514327,2.7044586539342372,5.4089173078684745
371.0,310.1043281588568,312.78565145752196,0.5,21.760135769498,22.16929867209564,3475.9072508765225,-3163.121599419,2.6813232986651965,5.362646597330393
372.0,310.6503389266209,313.30827753302896,0.5,21.775636065878846,22.182989077454987,3478.383227734004,-3165.074950200975,2.657938606408086,5.315877212816172
373.0,311.1931866221248,313.82749401059226,0.5,21.791027466788034,22.19658146589919,3480.8418099132737,-3167.0143159026816,2.634307388467418,5.268614776934836
374.0,311.7328956941695,314.3433281331881,0.5,21.80631094790723,22.210076738813306,3483.2831532671753,-3168.939825133987,2.610432439018622,5.220864878037244
375.0,312.26949037037036,314.85580690532333,0.5,21.821487474569224,22.22347578766766,3485.707411995445,-3170.8516050901217,2.5863165349529984,5.172633069905997
376.0,312.8029946591796,315.3649570949521,0.5,21.83655800188017,22.236779494141302,3488.114738664246,-3172.749781569294,2.561962435772515,5.12392487154503
377.0,313.3334323518966,315.87080523536656,0.5,21.85152347484084,22.249988730244507,3490.5052842255336,-3174.634478990167,2.5373728834699927,5.074745766939985
378.0,313.86082702466757,316.37337762711456,0.5,21.866384828465925,22.263104358438863,3492.879198036112,-3176.505820408998,2.5125506024469897,5.025101204893979
379.0,314.38520204047256,316.8727003398733,0.5,21.881142987901963,22.2761272317562,3495.236627876473,-3178.3639275366,2.4874982994007198,4.9749965988014395
380.0,314.9065805511007,317.368799214337,0.5,21.89579886854405,22.289058193916,3497.5777199694376,-3180.2089207551003,2.4622186632362566,4.924437326472513
381.0,315.424985499113,317.8616998640875,0.5,21.910353376150653,22.30189807944085,3499.9026189984984,-3182.0409191344106,2.436714364974464,4.873428729948928
382.0,315.940439619792,318.35142767750756,0.5,21.924807406957434,22.314647713770437,3502.211468125998,-3183.8600404484905,2.410988057715529,4.821976115431058
383.0,316.45296544307956,318.83800781959707,0.5,21.93916184778955,22.327307913374558,3504.5044090110714,-3185.666401191474,2.385042376517541,4.770084753035082
384.0,316.9625852955006,319.32146523387587,0.5,21.95341757617225,22.339879485863612,3506.7815818273098,-3187.460116593434,2.35887993837523,4.71775987675046
385.0,317.4693213020746,319.8018246442218,0.5,21.967575460440607,22.352363230098533,3509.0431252802887,-3189.241300636067,2.3325033421472074,4.665006684294415
386.0,317.97319538821296,320.279110556711,0.5,21.981636359847368,22.36475993629869,3511.2891766247994,-3191.0100660680887,2.3059151684980286,4.611830336996057
387.0,318.47422928160364,320.75334726149447,0.5,21.995601124670074,22.377070386148592,3513.5198716819536,-3192.766524420459,2.279117979890824,4.558235959781648
388.0,318.9724445140812,321.22455883457707,0.5,22.00947059631609,22.38929535290308,3515.7353448559666,-3194.51078602139,2.2521143204959033,4.504228640991807
389.0,319.4678624234843,321.6927691396708,0.5,22.023245607426897,22.40143560149104,3517.935729150815,-3196.242960011144,2.2249067161865224,4.449813432373045
390.0,319.96050415549826,322.1580018300372,0.5,22.03692698198107,22.413491888617806,3520.1211561866826,-3197.963154356645,2.197497674538966,4.394995349077932
391.0,320.45039066548446,322.62028035023434,0.5,22.05051553539558,22.425464962866318,3522.2917562161465,-3199.6714758659123,2.1698896847499194,4.339779369499839
392.0,320.93754272029514,323.0796279379627,0.5,22.064012074626103,22.43735556479649,3524.4476581401996,-3201.368030202237,2.142085217667515,4.28417043533503
393.0,321.42198090007463,323.5360676258437,0.5,22.07741739826625,22.449164427043836,3526.588989524099,-3203.052921898255,2.1140867257690514,4.228173451538103
394.0,321.90372560004596,323.98962224317717,0.5,22.090732296645037,22.460892274416295,3528.715876612937,-3204.7262543697598,2.0858966431312242,4.1717932862624485
395.0,322.3827970322835,324.4403144177531,0.5,22.103957551923774,22.472539823989955,3530.8284443471184,-3206.3881299293653,2.0575173854695525,4.115034770939105
396.0,322.85921522747117,324.88816657755433,0.5,22.117093938191104,22.484107785203577,3532.926816377542,-3208.0386497999875,2.028951350083196,4.057902700166392
397.0,323.3330000366466,325.33320095259006,0.5,22.130142221557534,22.49559685995154,3535.011115080698,-3209.677914128108,2.000200915943511,4.000401831887022
398.0,323.80417113293043,325.77543957652097,0.5,22.143103160247986,22.507007742676073,3537.0814615734557,-3211.3060219969348,1.9712684435905445,3.942536887181089
399.0,324.2727480132421,326.21490428853167,0.5,22.15597750469416,22.518341120457546,3539.137975727814,-3212.9230714392825,1.9421562752895662,3.8843125505791325
400.0,324.73875000000004,326.6516167348893,0.5,22.16876599762465,22.52959767310443,3541.1807761852992,-3214.52915945041,1.912866734889231,3.825733469778462
401.0,325.20219624280884,327.0855983708157,0.5,22.18146937415496,22.540778073240958,3543.2099803713427,-3216.1243820005266,1.8834021280068682,3.7668042560137365
402.0,325.66310572013083,327.5168704620564,0.5,22.194088361875746,22.5518829863949,3545.225704509373,-3217.708834047317,1.8537647419255678,3.7075294838511357
403.0,326.121497240944,327.94545408663447,0.5,22.20662368094007,22.562913071082974,3547.2280636347605,-3219.282609548126,1.8239568456904875,3.647913691380975
404.0,326.5773894463851,328.3713701365031,0.5,22.219076044149723,22.573868978895916,3549.2171716086023,-3220.845801472099,1.7939806901180426,3.5879613802360852
405.0,327.0308008113789,328.7946393192381,0.5,22.23144615704045,22.584751354582004,3551.1931411313335,-3222.3985018120957,1.7638385078591803,3.5276770157183606
406.0,327.4817496462524,329.21528215964776,0.5,22.243734717965907,22.595560836129792,3553.156083756146,-3223.940801596498,1.7335325133953128,3.4670650267906256
407.0,327.9302540983353,329.6333190014631,0.5,22.25594241818078,22.60629805484929,3555.106109902255,-3225.4727909007916,1.703064903127808,3.406129806255616
408.0,328.37633215354583,330.0487700089412,0.5,22.268069941922793,22.616963635452585,3557.0433288680083,-3226.9945588590667,1.6724378553953518,3.3448757107907037
409.0,328.8200016379625,330.46165516848566,0.5,22.280117966493638,22.627558196133048,3558.967848843809,-3228.506193675323,1.6416535305231619,3.2833070610463237
410.0,329.26128021938166,330.8719942902653,0.5,22.29208716233899,22.63808234864359,3560.8797769248986,-3230.0077826346333,1.6107140708836774,3.2214281417673547
411.0,329.70018540886053,331.27980700981846,0.5,22.30397819312748,22.64853669837381,3562.77921912397,-3231.4994121141513,1.579621600957926,3.159243201915852
412.0,330.1367345622466,331.6851127896115,0.5,22.31579171582863,22.658921844426363,3564.6662803836193,-3232.9811675940077,1.5483782273648747,3.0967564547297495
413.0,330.5709448816926,332.08793092065247,0.5,22.327528380789957,22.669238379691926,3566.541064588659,-3234.4531336680066,1.516986038959854,3.033972077919708
414.0,331.00283341715766,332.4882805240216,0.5,22.339188831812873,22.679486890923485,3568.403674578246,-3235.9153940542246,1.4854471068639497,2.9708942137278993
415.0,331.4324170678942,332.88618055242887,0.5,22.350773706227944,22.68966795880966,3570.254212157901,-3237.368031605472,1.4537634845346468,2.9075269690692935
416.0,331.8597125839213,333.28164979176387,0.5,22.362283634968954,22.69978215804674,3572.0927781113373,-3238.8111283195735,1.4219372078425698,2.8438744156851397
417.0,332.28473656748395,333.6747068626189,0.5,22.37371924264615,22.709830057410034,3573.9194722121642,-3240.2447653495456,1.3899702951349677,2.7799405902699355
418.0,332.70750547449876,334.06537022180197,0.5,22.385081147618667,22.71981221982436,3575.7343932354565,-3241.669023013654,1.3578647473031804,2.715729494606361
419.0,333.1280356159856,334.4536581638497,0.5,22.396369962065826,22.729729202433212,3577.5376389691373,-3243.083980805288,1.3256225478641237,2.6512450957282474
420.0,333.54634315948607,334.8395888224949,0.5,22.407586292057687,22.73958155666753,3579.3293062252574,-3244.4897174027624,1.293245663008781,2.586491326017562
421.0,333.96244413046793,335.2231801721878,0.5,22.418730737624777,22.749369828313064,3581.1094908511254,-3245.886310678937,1.2607360417198994,2.521472083439799
422.0,334.3763544137167,335.60445002950974,0.5,22.429803892826786,22.759094557577352,3582.8782877402828,-3247.273837710773,1.2280956157930802,2.4561912315861605
423.0,334.788089754713,335.98341605470864,0.5,22.440806345820647,22.768756279155237,3584.6357908433843,-3248.6523747886754,1.195326299995683,2.390652599991366
424.0,335.1976657609973,336.3600957530661,0.5,22.451738678927438,22.778355522294124,3586.382093178876,-3250.02199742581,1.162429992068815,2.32485998413763
425.0,335.60509790352125,336.7345064763658,0.5,22.462601468698768,22.787892810858057,3588.117286843606,-3251.3827803672402,1.1294085728446044,2.2588171456892088
426.0,336.01040151798554,337.1066654243213,0.5,22.473395285982104,22.797368663390834,3589.841463023259,-3252.7347975989383,1.09626390633573,2.19252781267146
427.0,336.41359180616485,337.47658964597974,0.5,22.484120695985535,22.806783593178654,3591.5547120026986,-3254.078122356719,1.062997839814917,2.125995679629834
428.0,336.8146838372204,337.84429604110886,0.5,22.494778258341444,22.816138108311705,3593.257123176139,-3255.41282713503,1.0296122038884576,2.0592244077769153
429.0,337.21369254899867,338.2098013616167,0.5,22.50536852716962,22.82543271174487,3594.948785057228,-3256.7389836956113,0.9961088126180162,1.9922176252360324
430.0,337.6106327493177,338.5731222128626,0.5,22.51589205113938,22.834667901358088,3596.6297852889707,-3258.0566630761077,0.9624894635448955,1.924978927089791
431.0,338.0055191172411,338.9342750551056,0.5,22.526349373531236,22.843844170015203,3598.3002106535746,-3259.365935598469,0.9287559378645259,1.8575118757290519
432.0,338.3983662043388,339.2932762047862,0.5,22.536741032297464,22.85296200562285,3599.9601470821326,-3260.666870877347,0.8949100004473871,1.7898200008947742
433.0,338.78918843593556,339.6501418358995,0.5,22.54706756012199,22.862021891187844,3601.609679664184,-3261.9595378282847,0.8609533999639031,1.7219067999278062
434.0,339.1780001123474,340.0048879813284,0.5,22.557329484479897,22.87102430487445,3603.2488926572205,-3263.244004675892,0.8268878689810464,1.6537757379620928
435.0,339.5648154101045,340.3575305341297,0.5,22.567527327695498,22.879969720060405,3604.8778694959633,-3264.5203389618337,0.79271512402523,1.58543024805046
436.0,339.9496483831636,340.7080852488892,0.5,22.577661607000493,22.888858605392524,3606.4966928016534,-3265.7886075527645,0.7584368657255409,1.5168737314510818
437.0,340.3325129641071,341.05656774296244,0.5,22.58773283459069,22.897691424841486,3608.1054443911107,-3267.048876648148,0.7240547788553292,1.4481095577106584
438.0,340.7134229653298,341.40299349780105,0.5,22.597741517682604,22.906468637755943,3609.7042052857773,-3268.301211787976,0.6895705324712489,1.3791410649424978
439.0,341.0923920802151,341.7473778602028,0.5,22.607688158568948,22.91519069891584,3611.293055720579,-3269.545677860376,0.654985779987669,1.309971559975338
440.0,341.46943388429753,342.08973604356987,0.5,22.617573254673594,22.923858058585154,3612.8720751527053,-3270.7823391091356,0.620302159272347,1.240604318544694
441.0,341.8445618364156,342.4300831291857,0.5,22.627397298605988,22.932471162563882,3614.4413422703037,-3272.011259141118,0.5855212927700524,1.1710425855401048
442.0,342.2177892798508,342.76843406741415,0.5,22.637160778214593,22.9410304522394,3616.000935001012,-3273.2325009335977,0.5506447875632992,1.1012895751265983
443.0,342.58912944345695,343.1048036789588,0.5,22.646864176639994,22.949536364637183,3617.550930520446,-3274.446126841487,0.5156742355018575,1.031348471003715
444.0,342.95859544277664,343.4392066560771,0.5,22.65650797236711,22.957989332470678,3619.0914052605362,-3275.6521986044595,0.4806112133004587,0.9612224266009174
445.0,343.3262002811471,343.7716575637411,0.5,22.666092639276872,22.966389784191048,3620.6224349177855,-3276.8507773540446,0.445457282593937,0.890914565187874
446.0,343.691956850795,344.10217084090533,0.5,22.675618646697274,22.974738144035456,3622.144094461422,-3278.0419236205166,0.410213990110321,0.820427980220642
447.0,344.05587793391913,344.43076080164747,0.5,22.685086459453846,22.983034832075553,3623.6564581414614,-3279.225697339814,0.37488286772830454,0.7497657354566091
448.0,344.4179762037628,344.7574416363185,0.5,22.69449653791915,22.991280264264844,3625.159599496614,-3280.4021578602956,0.33946543255568223,0.6789308651113645
449.0,344.7782642256753,345.0822274127601,0.5,22.70384933806236,22.99947485248565,3626.6535913622047,-3281.5713639494447,0.3039631870848646,0.6079263741697292
450.0,345.1367544581618,345.4051320774363,0.5,22.713145311497602,23.00761900459532,3628.138505877895,-3282.7333738004586,0.2683776192744472,0.5367552385488944
451.0,345.4934592539236,345.72616945654227,0.5,22.722384905531893,23.015713124472096,3629.614414495338,-3283.8882450387964,0.2327102026186253,0.4654204052372506
452.0,345.8483908608862,346.04535325717654,0.5,22.73156856321267,23.023757612060145,3631.0813879857765,-3285.0360347286,0.19696239629038442,0.39392479258076885
453.0,346.2015614232179,346.36269706844257,0.5,22.74069672337447,23.031752863414063,3632.5394964474913,-3286.1767993790486,0.161135645224637,0.322271290449274
454.0,346.55298298233845,346.67821436257555,0.5,22.74976982068542,23.039699270743046,3633.988809313233,-3287.3105949506576,0.12523138023710315,0.2504627604742063
455.0,346.9026674779152,346.9919184959948,0.5,22.758788285692475,23.047597222454186,3635.4293953574506,-3288.4374768614557,0.08925101807957972,0.17850203615915944
456.0,347.25062674885123,347.3038227104566,0.5,22.767752544867033,23.05544710319538,3636.861322703568,-3289.5574999931114,0.05319596160532345,0.1063919232106469
457.0,347.5968725342621,347.61394013409733,0.5,22.77666302064918,23.063249293897645,3638.2846588310636,-3290.670718696966,0.017067599835246593,0.03413519967049319
458.0,347.94141647444263,347.9222837824966,0.5,22.785520131491833,23.07100417181702,3639.6994705825114,-3291.777186800015,-0.01913269194602956,-0.03826538389205912
459.0,348.284270111824,348.22886655975,0.5,22.794324291904186,23.07871211057573,3641.1058241705286,-3292.876957610779,-0.0554035520740041,-0.1108071041480082
460.0,348.6254448919208,348.53370125952847,0.5,22.80307591249479,23.08637348020297,3642.5037851846523,-3293.970083925124,-0.09174363239227641,-0.18348726478455282
461.0,348.96495216426797,348.8368005660976,0.5,22.811775400013932,23.093988647175202,3643.893418598111,-3295.056618032014,-0.12815159817034158,-0.25630319634068316
462.0,349.30280318334866,349.13817705535155,0.5,22.820423157395528,23.101557974455833,3645.2747887745163,-3296.136611719165,-0.1646261279971184,-0.3292522559942368
463.0,349.639009109512,349.4378431958456,0.5,22.829019583798573,23.109081821534353,3646.647959474483,-3297.2101162786375,-0.20116591366643047,-0.40233182733286094
464.0,349.9735810098815,349.73581134977695,0.5,22.837565074648108,23.11656054446536,3648.012993862175,-3298.2771825123978,-0.23776966010454262,-0.47553932020908524
465.0,350.3065298592541,350.0320937740241,0.5,22.846060021675534,23.123994495906377,3649.3699545117415,-3299.337860737717,-0.2744360852300192,-0.5488721704600384
466.0,350.6378665409895,350.3267026211171,0.5,22.85450481295885,23.131384025156112,3650.71890341375,-3300.3922007926326,-0.31116391987240893,-0.6223278397448179
467.0,350.96760184789105,350.6196499401999,0.5,22.862899832961656,23.138729478191383,3652.059901981411,-3301.440252041211,-0.34795190769114165,-0.6959038153822833
468.0,351.2957464830768,350.9109476780414,0.5,22.871245462572553,23.146031197704147,3653.393011056875,-3302.4820633788336,-0.38479880503542874,-0.7695976100708575
469.0,351.62231106084147,351.2006076799758,0.5,22.87954207914336,23.153289523137683,3654.7182909173357,-3303.51768323736,-0.4217033808656589,-0.8434067617313178
470.0,351.9473061075099,351.48864169086113,0.5,22.88779005652743,23.160504790722772,3656.0358012811516,-3304.5471595902904,-0.45866441664878915,-0.9173288332975783
471.0,352.2707420622818,351.77506135599896,0.5,22.895989765116944,23.167677333513005,3657.345601313802,-3305.5705399578032,-0.49568070628283223,-0.9913614125656645
472.0,352.5926292780664,352.0598782221323,0.5,22.904141571880416,23.174807481419787,3658.6477496338794,-3306.587871411747,-0.5327510559341412,-1.0655021118682824
473.0,352.9129780223104,352.34310373830795,0.5,22.912245840399024,23.18189556124695,3659.94230431889,-3307.599200580582,-0.5698742840024696,-1.1397485680049393
474.0,353.2317984778156,352.62474925680925,0.5,22.92030293090309,23.18894189672508,3661.229322911086,-3308.604573654277,-0.6070492210063256,-1.2140984420126513
475.0,353.54910074354865,352.90482603410425,0.5,22.928313200307866,23.19594680854491,3662.5088624231767,-3309.6040363890725,-0.6442747094444394,-1.2885494188888789
476.0,353.8648948354429,353.18334523169517,0.5,22.936277002248943,23.20291061439102,3663.7809793439887,-3310.5976341122932,-0.6815496037477368,-1.3630992074954735
477.0,354.1791906871908,353.4603179170223,0.5,22.944194687117083,23.209833628974504,3665.0457296440254,-3311.5854117270032,-0.7188727701685046,-1.4377455403370092
478.0,354.4919981510292,353.73575506437453,0.5,22.952066602093005,23.21671616406553,3666.30316878103,-3312.567413716655,-0.7562430866546068,-1.5124861733092136
479.0,354.80332699851544,354.0096675557137,0.5,22.959893091181264,23.223558528525484,3667.5533517053896,-3313.5436841496758,-0.7936594428017537,-1.5873188856035074
480.0,355.11318692129635,354.28206618160243,0.5,22.967674495244328,23.230361028338624,3668.796332865586,-3314.514266683984,-0.8311207396939211,-1.6622414793878422
481.0,355.42158753186794,354.5529616419941,0.5,22.975411152035466,23.237123966643367,3670.0321662134447,-3315.4792045714503,-0.8686258898738312,-1.7372517797476623
482.0,355.728538364329,354.8223645471548,0.5,22.98310339623221,23.243847643763267,3671.2609052094776,-3316.4385406623232,-0.9061738171742237,-1.8123476343484475
483.0,356.0340488751248,355.0902854184167,0.5,22.990751559468382,23.25053235723764,3672.4826028280086,-3317.392317409592,-0.9437634567080727,-1.8875269134161454
484.0,356.33812844378497,355.35673468907925,0.5,22.998355970366564,23.257178401851533,3673.697311562349,-3318.3405768732696,-0.9813937547057441,-1.9627875094114882
485.0,356.6407863736519,355.62172270522416,0.5,23.00591695456993,23.263786069665702,3674.9050834298882,-3319.2833607246644,-1.0190636684277516,-2.0381273368555033
486.0,356.94203189260344,355.8852597264987,0.5,23.013434834773378,23.270355650045964,3676.1059699770676,-3320.220710250569,-1.0567721661047025,-2.113544332209405
487.0,357.24187415376605,356.1473559269356,0.5,23.020909930754737,23.27688742969238,3677.300022284362,-3321.152666357427,-1.0945182268304854,-2.1890364536609708
488.0,357.5403222362225,356.40802139579415,0.5,23.02834255940554,23.283381692667792,3678.4872909711967,-3322.0792695754026,-1.132300840428356,-2.264601680856712
489.0,357.83738514571036,356.66726613828183,0.5,23.035733034761005,23.28983872042638,3679.667826200737,-3323.0005600624554,-1.1701190074285326,-2.340238014857065
490.0,358.1330718153151,356.92510007641243,0.5,23.04308166803034,23.296258791841538,3680.8416776847303,-3323.9165776083178,-1.2079717389026423,-2.4159434778052846
491.0,358.4273911061541,357.18153304970497,0.5,23.05038876762603,23.30264218323378,3682.0088946881806,-3324.8273616384754,-1.2458580564491533,-2.4917161128983065
492.0,358.72035180805506,357.4365748160243,0.5,23.057654639193274,23.308989168397783,3683.169526034053,-3325.7329512180286,-1.2837769920307447,-2.5675539840614894
493.0,359.01196264022656,357.6902350523174,0.5,23.064879585638916,23.31530001862965,3684.3236201078967,-3326.6333850555793,-1.3217275879091686,-2.643455175818337
494.0,359.3022322519217,357.9425233553353,0.5,23.07206390715973,23.32157500275348,3685.4712248623587,-3327.5287015070235,-1.3597088965863398,-2.7194177931726795
495.0,359.5911692230952,358.1934492424318,0.5,23.07920790127103,23.327814387147843,3686.6123878217595,-3328.4189385793275,-1.3977199806633895,-2.795439961326779
496.0,359.87878206505326,358.4430221522678,0.5,23.086311862834247,23.33401843577168,3687.747156086494,-3329.3041339342262,-1.4357599127854808,-2.8715198255709615
497.0,360.16507922109696,358.6912514455534,0.5,23.09337608408468,23.340187410190175,3688.8755763374647,-3330.1843248919113,-1.4738277755435527,-2.9476555510871054
498.0,360.4500690671592,358.9381464057738,0.5,23.100400854658673,23.34632156960011,3689.9976948404255,-3331.0595484346513,-1.5119226613853396,-3.023845322770679
499.0,360.73375991243375,359.18371623991635,0.5,23.10738646162056,23.352421170854935,3691.1135574502823,-3331.929841210366,-1.5500436725174123,-3.1000873450348245
500.0,361.01616000000007,359.42797007917494,0.5,23.11433318948932,23.358486468489655,3692.2232096153543,-3332.7952395361795,-1.5881899208250898,-3.1763798416501796
501.0,361.29727750743905,359.6709169796181,0.5,23.12124132026472,23.364517714745435,3693.326696381548,-3333.65577940193,-1.626360527820984,-3.252721055641968
502.0,361.5771205474447,359.91256592295605,0.5,23.128111133453604,23.370515159593637,3694.424062396556,-3334.5114964736,-1.6645546244886353,-3.3291092489772707
503.0,361.8556971684276,360.1529258171782,0.5,23.134942906095233,23.376479050759734,3695.5153519139067,-3335.3624260967285,-1.7027713512493952,-3.4055427024987903
504.0,362.1330153551133,360.39200549724814,0.5,23.141736912787064,23.3824096337473,3696.6006087970804,-3336.2086032998322,-1.7410098578651438,-3.4820197157302877
505.0,362.40908302913425,360.62981372577934,0.5,23.14849342570941,23.388307151860886,3697.67987652345,-3337.0500627976703,-1.7792693033548994,-3.558538606709799
506.0,362.68390804961535,360.86635919372424,0.5,23.155212714650816,23.39417184622957,3698.7531981883303,-3337.8868389946065,-1.817548855891142,-3.635097711782284
507.0,362.9574982137536,361.101650521005,0.5,23.16189504703197,23.40000395582936,3699.8206165088072,-3338.718965987802,-1.8558476927485255,-3.711695385497051
508.0,363.2298612573918,361.33569625718474,0.5,23.168540687930378,23.405803717506064,3700.8821738276674,-3339.5464775704827,-1.8941650002070611,-3.7883300004141223
509.0,363.5010048555864,361.56850488215076,0.5,23.175149900104234,23.411571365997247,3701.9379121172183,-3340.3694072350677,-1.9324999734356514,-3.8649999468713028
510.0,363.77093662316906,361.80008480668204,0.5,23.181722944015924,23.417307133954566,3702.9878729830416,-3341.1877881763594,-1.9708518164870497,-3.9417036329740993
511.0,364.0396641153031,362.03044437315526,0.5,23.18826007785569,23.423011251965317,3704.032097667772,-3342.001653294617,-2.009219742147808,-4.018439484295616
512.0,364.30719482803346,362.2595918561391,0.5,23.194761557564544,23.428683948573912,3705.070627054758,-3342.811035198619,-2.0476029718943596,-4.095205943788719
513.0,364.5735361988317,362.4875354630514,0.5,23.201227636857386,23.434325450303184,3706.1035016717556,-3343.6159662087043,-2.086000735780235,-4.17200147156047
514.0,364.83869560713475,362.71428333473943,0.5,23.207658567245357,23.439935981675294,3707.130761694497,-3344.4164783597575,-2.124412272395278,-4.248824544790556
515.0,365.1026803748787,362.93984354610853,0.5,23.21405459805837,23.445515765232603,3708.1524469502915,-3345.212603404183,-2.162836828770101,-4.325673657540202
516.0,365.3654977670264,363.1642241067402,0.5,23.220415976467198,23.451065021558033,3709.1685969215528,-3346.0043728148125,-2.201273660286172,-4.402547320572344
517.0,365.6271549920904,363.38743296147953,0.5,23.22674294750522,23.45658396929531,3710.1792507492723,-3346.7918177877928,-2.239722030610888,-4.479444061221776
518.0,365.8876592026501,363.60947799102354,0.5,23.23303575409006,23.462072825169063,3711.1844472364774,-3347.5749692454538,-2.2781812116265545,-4.556362423253109
519.0,366.14701749586345,363.8303670125336,0.5,23.239294637045024,23.467531804004544,3712.184224851654,-3348.3538578391203,-2.3166504833298824,-4.633300966659765
520.0,366.4052369139736,364.05010778018897,0.5,23.245519835120085,23.472961118747218,3713.178621732099,-3349.12851395191,-2.355129133784639,-4.710258267569278
521.0,366.6623244448105,364.26870798577,0.5,23.251711585012742,23.478360980482048,3714.167675687253,-3349.898967701483,-2.3936164590405467,-4.787232918081093
522.0,366.91828702228696,364.4861752592605,0.5,23.25787012138875,23.48373159845246,3715.151424202009,-3350.6652489427483,-2.4321117630264695,-4.864223526052939
523.0,367.1731315268902,364.7025171693859,0.5,23.263995676902518,23.48907318007946,3716.1299044399775,-3351.4273872705917,-2.4706143575042936,-4.941228715008587
524.0,367.42686478616747,364.9177412241458,0.5,23.270088482217062,23.494385930980144,3717.103153246664,-3352.185412022518,-2.5091235620216636,-5.018247124043327
525.0,367.6794935752079,365.13185487143596,0.5,23.276148766024207,23.49967005498607,3718.071207152704,-3352.939352281268,-2.5476387037719657,-5.095277407543931
526.0,367.93102461711817,365.3448654995439,0.5,23.2821767550641,23.504925754161537,3719.0341023769765,-3353.6892368774324,-2.586159117574255,-5.17231823514851
527.0,368.18146458349435,365.55678043770683,0.5,23.288172674144807,23.51015322882167,3719.991874829734,-3354.4350943920276,-2.6246841457874925,-5.249368291574985
528.0,368.4308200948883,365.767606956657,0.5,23.294136746161506,23.515352677550062,3720.9445601156717,-3355.176953159015,-2.6632131382313053,-5.326426276462611
529.0,368.6790977212695,365.97735226913613,0.5,23.300069192115483,23.520524297216436,3721.892193536956,-3355.9148412678196,-2.7017454521333866,-5.403490904266773
530.0,368.92630398248224,366.1860235304665,0.5,23.305970231133212,23.525668282994015,3722.8348100962785,-3356.648786565812,-2.740280452015695,-5.48056090403139
531.0,369.172445348698,366.3936278390113,0.5,23.31184008048467,23.530784828376788,3723.7724444997775,-3357.378816660766,-2.7788175096866645,-5.557635019373329
532.0,369.41752824086336,366.6001722367429,0.5,23.31767895560189,23.5358741251963,3724.7051311600026,-3358.10495892326,-2.8173560041204992,-5.6347120082409985
533.0,369.66155903114344,366.80566370972605,0.5,23.32348707009718,23.540936363638675,3725.6329041988265,-3358.8272404891004,-2.855895321417408,-5.711790642834816
534.0,369.9045440433604,367.0101091886195,0.5,23.32926463578102,23.54597173226112,3726.555797450303,-3359.5456882616836,-2.8944348547408794,-5.788869709481759
535.0,370.1464895534279,367.2135155492322,0.5,23.335011862680027,23.550980418008148,3727.4738444635345,-3360.260328914302,-2.9329740041956684,-5.865948008391337
536.0,370.38740178978134,367.41588961293667,0.5,23.340728959054324,23.55596260622812,3728.3870785054482,-3360.9711888925117,-2.9715121768446515,-5.943024353689303
537.0,370.62728693380285,367.6172381472327,0.5,23.346416131415165,23.56091848068904,3729.295532563614,-3361.678294416381,-3.010048786570166,-6.020097573140332
538.0,370.86615112024293,367.81756786619604,0.5,23.352073584542005,23.56584822359451,3730.199239348966,-3362.38167148277,-3.048583254046909,-6.097166508093818
539.0,371.1040004376374,368.0168854309792,0.5,23.357701521499553,23.57075201559931,3731.0982312985307,-3363.0813458675516,-3.087115006658203,-6.174230013316406
540.0,371.34084092872024,368.2151974502728,0.5,23.363300143654605,23.575630035825014,3731.9925405781146,-3363.7773431278415,-3.1256434784474227,-6.2512869568948455
541.0,371.5766785908319,368.4125104807814,0.5,23.36886965069258,23.580482461875174,3732.882199084944,-3364.469688604163,-3.164168110050485,-6.32833622010097
542.0,371.81151937632393,368.60883102770987,0.5,23.374410240634184,23.58530946985055,3733.7672384503303,-3365.1584074226207,-3.2026883486140663,-6.4053766972281325
543.0,372.04536919295964,368.8041655452148,0.5,23.379922109851474,23.590111234363953,3734.6476900422326,-3365.843524497018,-3.2412036477448685,-6.482407295489737
544.0,372.27823390431007,368.9985204368619,0.5,23.385405453084054,23.594887928555153,3735.5235849678465,-3366.5250645309848,-3.279713467448165,-6.55942693489633
545.0,372.5101193301463,369.1919020560779,0.5,23.390860463454967,23.599639724105508,3736.3949540761423,-3367.203052020064,-3.318217274068423,-6.636434548136846
546.0,372.7410312468284,369.3843167065891,0.5,23.396287332486313,23.604366791252385,3737.2618279603603,-3367.877511253771,-3.356714540239287,-6.713429080478574
547.0,372.9709753876894,369.57577064291456,0.5,23.401686250115034,23.609069298803366,3738.1242369605307,-3368.548466317616,-3.39520474477482,-6.79040948954964
548.0,373.199957443416,369.7662700707653,0.5,23.4070574047082,23.613747414150573,3738.9822111659187,-3369.2159410951535,-3.4336873726507426,-6.867374745301485
549.0,373.42798306242577,369.95582114747106,0.5,23.412400983078076,23.618401303284514,3739.8357804174266,-3369.8799592699556,-3.4721619149547087,-6.944323829909417
550.0,373.65505785123975,370.1444299824535,0.5,23.417717170497365,23.623031130807888,3740.684974310032,-3370.5405443275786,-3.5106278687861905,-7.021255737572381
551.0,373.8811873748518,370.33210263763885,0.5,23.423006150714123,23.62763705994934,3741.52982219517,-3371.197719557531,-3.5490847372128953,-7.098169474425791
552.0,374.1063771570947,370.51884512785887,0.5,23.428268105966275,23.632219252576924,3742.37035318305,-3371.851508055191,-3.5875320292358706,-7.175064058471741
553.0,374.33063268100125,370.7046634212995,0.5,23.433503216996296,23.636777869211397,3743.2065961450035,-3372.501932723704,-3.625969259701791,-7.251938519403582
554.0,374.5539593891634,370.8895634399123,0.5,23.438711663065686,23.641313069039523,3744.0385797157937,-3373.149016275882,-3.664395949251123,-7.328791898502246
555.0,374.7763626840866,371.0735510598061,0.5,23.443893621969057,23.645825009927123,3744.8663322958687,-3373.792781236062,-3.702811624280512,-7.405623248561024
556.0,374.9978479285409,371.25663211168336,0.5,23.449049270048345,23.650313848431914,3745.689882053627,-3374.433249941944,-3.741215816857534,-7.482431633715068
557.0,375.218420445909,371.4388123812263,0.5,23.454178782206675,23.654779739816334,3746.509256927638,-3375.070444546412,-3.7796080646827024,-7.559216129365405
558.0,375.4380855205301,371.6200976094927,0.5,23.45928233192214,23.659222838060167,3747.324484628839,-3375.704387019346,-3.8179879110373767,-7.635975822074753
559.0,375.6568483980413,371.8004934933261,0.5,23.464360091261465,23.66364329587301,3748.1355926427195,-3376.3350991493935,-3.856354904715195,-7.71270980943039
560.0,375.8747142857143,371.9800056857504,0.5,23.469412230893546,23.66804126470663,3748.942608231483,-3376.9626025457324,-3.89470859996384,-7.78941719992768
561.0,376.0916883527901,372.1586397963221,0.5,23.47443892010258,23.672416894767203,3749.7455584361446,-3377.586918639822,-3.933048556467974,-7.866097112935948
562.0,376.3077757308092,372.3364013915837,0.5,23.47944032680154,23.676770335027246,3750.5444700786848,-3378.2080686871013,-3.971374339225524,-7.942748678451048
563.0,376.5229815139399,372.5132959953549,0.5,23.484416617544962,23.68110173323783,3751.339369764089,-3378.826073768734,-4.009685518585001,-8.019371037170002
564.0,376.7373107593016,372.6893290891945,0.5,23.489367957542058,23.68541123594011,3752.130283882446,-3379.4409547932514,-4.047981670107087,-8.095963340214174
565.0,376.9507684872863,372.8645061127081,0.5,23.494294510669306,23.68969898847719,3752.9172386109562,-3380.052732498248,-4.086262374578196,-8.172524749156391
566.0,377.16335968187684,373.0388324639676,0.5,23.499196439483235,23.69396513500553,3753.7002599159746,-3380.661427452007,-4.124527217909244,-8.249054435818488
567.0,377.37508929096094,373.2123134998431,0.5,23.50407390523278,23.69820981850645,3754.479373554985,-3381.267060055142,-4.162775791117827,-8.325551582235654
568.0,377.58596222664295,373.3849545363771,0.5,23.508927067871788,23.70243318079751,3755.254605078598,-3381.8696505422213,-4.201007690265834,-8.402015380531669
569.0,377.7959833655529,373.55676084914694,0.5,23.513756086071133,23.706635362543512,3756.025979832484,-3382.469218983337,-4.239222516405956,-8.478445032811912
570.0,378.0051575491514,373.7277376736239,0.5,23.518561117230846,23.71081650326759,3756.793522959313,-3383.0657852856893,-4.277419875527518,-8.554839751055036
571.0,378.21348958403274,373.89789020550546,0.5,23.523342317492023,23.714976741362197,3757.557259400655,-3383.6593691951493,-4.315599378527302,-8.631198757054603
572.0,378.42098424222365,374.0672236010816,0.5,23.528099841748784,23.71911621409994,3758.317213898893,-3384.2499902978116,-4.353760641142077,-8.707521282284153
573.0,378.6276462614807,374.23574297758057,0.5,23.532833843659848,23.72323505764409,3759.073410999069,-3384.8376680214883,-4.391903283900193,-8.783806567800386
574.0,378.8334803455835,374.40345341348797,0.5,23.53754447566019,23.72733340705943,3759.825875050748,-3385.42242163726,-4.430026932095493,-8.860053864190986
575.0,379.0384911646256,374.5703599489258,0.5,23.542231888972587,23.731411396322496,3760.5746302098605,-3386.004270260935,-4.468131215699856,-8.936262431399712
576.0,379.2426833553027,374.7364675859473,0.5,23.546896233618682,23.735469158331917,3761.3197004404738,-3386.5832328545266,-4.506215769355402,-9.012431538710803
577.0,379.4460615211971,374.9017812888955,0.5,23.551537658430533,23.739506824918813,3762.0611095166305,-3387.159328227735,-4.5442802323016505,-9.088560464603301
578.0,379.64863023306117,375.0663059847089,0.5,23.55615631106143,23.74352452685679,3762.798881024082,-3387.7325750393734,-4.58232424835227,-9.16464849670454
579.0,379.8503940290958,375.23004656328436,0.5,23.560752337997112,23.74752239387192,3763.5330383620785,-3388.302991798794,-4.62034746581143,-9.24069493162286
580.0,380.0513574152282,375.39300787774255,0.5,23.565325884566402,23.75150055465281,3764.2636047450646,-3388.870596867322,-4.658349537485703,-9.316699074971407
581.0,380.25152486538536,375.5551947448047,0.5,23.569877094952133,23.755459136860193,3764.990603204431,-3389.435408459626,-4.696330120580688,-9.392660241161376
582.0,380.4509008217661,375.71661194508687,0.5,23.574406112201743,23.759398267136724,3765.7140565902014,-3389.9974446451142,-4.734288876679234,-9.468577753358469
583.0,380.6494896951097,375.87726422338164,0.5,23.578913078237644,23.7633180711166,3766.433987572691,-3390.5567233493093,-4.772225471728066,-9.544450943456132
584.0,380.8472958649622,376.0371562890283,0.5,23.583398133867885,23.76721867343493,3767.15041864421,-3391.1132623551816,-4.810139575933888,-9.620279151867775
585.0,381.04432367994013,376.1962928161748,0.5,23.587861418796255,23.77110019773719,3767.8633721206766,-3391.6670793045014,-4.848030863765379,-9.696061727530758
586.0,381.2405774579917,376.3546784440971,0.5,23.59230307163251,23.774962766688436,3768.572870143251,-3392.218191699154,-4.885899013894619,-9.771798027789238
587.0,381.43606148665503,376.51231777749683,0.5,23.596723229902594,23.778806501982675,3769.2789346799686,-3392.7666169024715,-4.92374370915821,-9.84748741831642
588.0,381.63078002331486,376.66921538681197,0.5,23.60112203005841,23.782631524351615,3769.9815875273,-3393.312372140488,-4.96156463650294,-9.92312927300588
589.0,381.8247372954556,376.8253758084832,0.5,23.605499607487786,23.786437953573945,3770.6808503117436,-3393.85547450326,-4.999361486972355,-9.99872297394471
590.0,382.01793750091304,376.9808035452836,0.5,23.6098560965243,23.790225908484054,3771.3767444913938,-3394.39594094611,-5.037133955629469,-10.074267911258938
591.0,382.21038480812246,377.1355030665838,0.5,23.614191630456908,23.79399550698091,3772.0692913574794,-3394.933788290896,-5.074881741538638,-10.149763483077276
592.0,382.40208335636584,377.28947880864024,0.5,23.618506341539412,23.797746866036686,3772.7585120358785,-3395.4690332272385,-5.112604547725622,-10.225209095451245
593.0,382.5930372560151,377.4427351748981,0.5,23.622800361000102,23.801480101705405,3773.4444274886555,-3396.0016923137573,-5.150302081117021,-10.300604162234041
594.0,382.78325058877425,377.5952765362458,0.5,23.627073819051,23.805195329131497,3774.127058515537,-3396.5317819792913,-5.187974052528417,-10.375948105056834
595.0,382.9727274079182,377.7471072313171,0.5,23.631326844897092,23.80889266255804,3774.8064257553924,-3397.0593185240755,-5.225620176601186,-10.451240353202373
596.0,383.16147173853045,377.8982315667539,0.5,23.635559566745677,23.81257221533538,3775.4825496877197,-3397.584318120966,-5.263240171776581,-10.526480343553162
597.0,383.34948757773736,378.04865381748823,0.5,23.639772111815248,23.816234099929066,3776.1554506340685,-3398.1067968165803,-5.300833760249138,-10.601667520498276
598.0,383.53677889494105,378.19837822699384,0.5,23.643964606344603,23.819878427928344,3776.8251487594944,-3398.6267705325004,-5.338400667947203,-10.676801335894407
599.0,383.7233496320492,378.3474090075839,0.5,23.648137175601644,23.82350531005386,3777.4916640739643,-3399.1442550663805,-5.375940624465248,-10.751881248930497
600.0,383.9092037037037,378.495750340663,0.5,23.652289943892303,23.82711485616596,3778.1550164337855,-3399.659266093123,-5.41345336304075,-10.8269067260815
