T_K,alpha_obs_1e-8_per_K,alpha_pred_1e-8_per_K,sigma_fit_1e-8_per_K,Cp_proxy_J_per_molK,Cp_proxy_kind,A_eff_model_mol_per_J,residual_1e-8_per_K,z
13.0,0.10555386774141656,-0.2269445986928406,0.03,0.020936397099300078,debye_scaled,-1.0839716003496492e-07,-0.3324984664342571,-11.083282214475238
14.0,0.13309041480754097,-0.2818363388834871,0.03,0.026149054911460672,debye_scaled,-1.0778069794023919e-07,-0.414926753691028,-13.830891789700933
15.0,0.14906469638765094,-0.34464156781221605,0.03,0.032162193996417524,debye_scaled,-1.0715735619609934e-07,-0.493706264199867,-16.4568754733289
16.0,0.11030769097369961,-0.4158071338915094,0.03,0.03903299158790378,debye_scaled,-1.0652709848157449e-07,-0.526114824865209,-17.5371608288403
17.0,0.04474672330195559,-0.4957619015470677,0.03,0.046818624919365885,debye_scaled,-1.0588988941920047e-07,-0.5405086248490233,-18.01695416163411
18.0,-0.045386038282090646,-0.5849163268620691,0.03,0.055576271222461254,debye_scaled,-1.0524569460962218e-07,-0.5395302885799784,-17.984342952665948
19.0,-0.17180920211933742,-0.6836620306717849,0.03,0.06536310771995665,debye_scaled,-1.0459448066650743e-07,-0.5118528285524474,-17.061760951748248
20.0,-0.3406056923499412,-0.792371369226889,0.03,0.07623631159818726,debye_scaled,-1.0393621525175281e-07,-0.45176567687694785,-15.058855895898262
21.0,-0.5572548031493234,-0.9113970022813631,0.03,0.08825305991689839,debye_scaled,-1.0327086711096032e-07,-0.3541421991320397,-11.80473997106799
22.0,-0.8269343037943666,-1.0410714578779614,0.03,0.10147052935406042,debye_scaled,-1.0259840610916278e-07,-0.21413715408359482,-7.137905136119827
23.0,-1.1544019759301651,-1.1817066920061212,0.03,0.11594589556874697,debye_scaled,-1.0191880326677545e-07,-0.027304716075956123,-0.9101572025318708
24.0,-1.5438820451316155,-1.3335936395110979,0.03,0.1317363317744582,debye_scaled,-1.0123203079574914e-07,0.21028840562051773,7.009613520683924
25.0,-1.9989624023433001,-1.4970017500443806,0.03,0.14889900583331672,debye_scaled,-1.005380621359005e-07,0.5019606522989195,16.732021743297317
26.0,-2.522504697236022,-1.6721784995385347,0.03,0.167491074808784,debye_scaled,-9.983687199139271e-08,0.8503261976974873,28.344206589916244
27.0,-3.116569133524793,-1.859348863948781,0.03,0.1875696754721924,debye_scaled,-9.912843636733985e-08,1.2572202695760122,41.90734231920041
28.0,-3.7823555521281924,-2.058714738312739,0.03,0.2091919087893128,debye_scaled,-9.841273260650676e-08,1.7236408138154535,57.45469379384845
29.0,-4.520162148372184,-2.270454281149701,0.03,0.23241481597643437,debye_scaled,-9.768973942607485e-08,2.249707867222483,74.99026224074943
30.0,-5.329362933914205,-2.494721162480323,0.03,0.25729534337668003,debye_scaled,-9.695943695444401e-08,2.8346417714338816,94.48805904779606
31.0,-6.208404819558522,-2.731643693823096,0.03,0.2838902932272138,debye_scaled,-9.622180676803921e-08,3.476761125735426,115.89203752451421
32.0,-7.154824948830198,-2.9813238207416655,0.03,0.3122562574119678,debye_scaled,-9.547683192808937e-08,4.173501128088532,139.11670426961774
33.0,-8.165288610226703,-3.2438359629452953,0.03,0.342449531545287,debye_scaled,-9.472449701734564e-08,4.9214526472814075,164.04842157604693
34.0,-9.235647568070469,-3.5192256933856725,0.03,0.3745260072068314,debye_scaled,-9.396478817670426e-08,5.716421874684796,190.54739582282653
35.0,-10.361017643945683,-3.807508255818722,0.03,0.4085410408205829,debye_scaled,-9.319769314169952e-08,6.55350938812696,218.45031293756534
36.0,-11.53587213840112,-4.108666929317269,0.03,0.44454929849507185,debye_scaled,-9.242320127882997e-08,7.4272052090838505,247.5735069694617
37.0,-12.754143016313503,-4.422651257554877,0.03,0.4826045770597844,debye_scaled,-9.164130362168125e-08,8.331491758758627,277.71639195862093
38.0,-14.009313478001562,-4.749375169655365,0.03,0.5227596024808275,debye_scaled,-9.08519929068075e-08,9.259938308346198,308.6646102782066
39.0,-15.29447420902185,-5.088715027407158,0.03,0.56506580775583,debye_scaled,-9.005526360933234e-08,10.205759181614692,340.19197272048973
40.0,-16.602307452314196,-5.440507640185639,0.03,0.6095730932195759,debye_scaled,-8.925111197822999e-08,11.161799812128557,372.0599937376186
41.0,-17.92497397171395,-5.804548293664025,0.03,0.6563295728946331,debye_scaled,-8.84395360712458e-08,12.120425678049923,404.01418926833077
42.0,-19.25393178381967,-6.180588841136399,0.03,0.7053813110650979,debye_scaled,-8.762053578941515e-08,13.073342942683272,435.7780980894424
43.0,-20.57982681768017,-6.5683359069859435,0.03,0.7567720536196636,debye_scaled,-8.679411291113876e-08,14.011490910694228,467.04969702314094
44.0,-21.892734715054942,-6.967449250595902,0.03,0.8105429588980233,debye_scaled,-8.596027112577133e-08,14.925285464459042,497.5095154819681
45.0,-23.183094549565123,-7.377540336015342,0.03,0.8667323327887032,debye_scaled,-8.511901606668087e-08,15.80555421354978,526.851807118326
46.0,-24.44350210782511,-7.798171148221973,0.03,0.9253753726816076,debye_scaled,-8.42703553437344e-08,16.645330959603136,554.8443653201045
47.0,-25.671034412641923,-8.228853291182686,0.03,0.9865039245960447,debye_scaled,-8.341429857516534e-08,17.44218112145924,581.4060373819747
48.0,-26.869114083595484,-8.669047396427345,0.03,1.0501462574094755,debye_scaled,-8.255085741877847e-08,18.20006668716814,606.6688895722713
49.0,-28.047550735151784,-9.118162863850712,0.03,1.1163268576306542,debye_scaled,-8.168004560244603e-08,18.929387871301074,630.9795957100358
50.0,-29.219839113498725,-9.5755579492422,0.5,1.1850662476192235,debye_scaled,-8.080187895385023e-08,19.644281164256526,39.28856232851305
51.0,-30.398143944106238,-10.04054020588871,0.5,1.2563808295779852,debye_scaled,-7.991637542942532e-08,20.357603738217527,40.715207476435054
52.0,-31.587983876191615,-10.512367280726293,0.5,1.3302827570559146,debye_scaled,-7.902355514245335e-08,21.07561659546532,42.15123319093064
53.0,-32.785282943173925,-10.990248059125085,0.5,1.4067798351203051,debye_scaled,-7.812344039026703e-08,21.79503488404884,43.59006976809768
54.0,-33.97744650673043,-11.473344146608309,0.5,1.4858754498002433,debye_scaled,-7.721605568051313e-08,22.504102360122122,45.008204720244244
55.0,-35.147901529178526,-11.960771670738415,0.5,1.5675685268852066,debye_scaled,-7.630142775642946e-08,23.187129858440112,46.374259716880225
56.0,-36.28160563772687,-12.451603382100355,0.5,1.6518535196904403,debye_scaled,-7.537958562108948e-08,23.830002255626514,47.66000451125303
57.0,-37.3687325204642,-12.944871029802819,0.5,1.738720424982138,debye_scaled,-7.445056056056743e-08,24.42386149066138,48.84772298132276
58.0,-38.40518380186532,-13.439567984194614,0.5,1.828154825893707,debye_scaled,-7.351438616597795e-08,24.965615817670706,49.93123163534141
59.0,-39.39057708632551,-13.9346520775284,0.5,1.9201379603612148,debye_scaled,-7.257109835434442e-08,25.45592500879711,50.91185001759422
60.0,-40.325512945819106,-14.429048632049103,0.5,2.0146468133607507,debye_scaled,-7.162073538824981e-08,25.896464313770007,51.792928627540014
61.0,-41.20970843881951,-14.92165364438177,0.5,2.1116542310409554,debye_scaled,-7.066333789422538e-08,26.28805479443775,52.5761095888755
62.0,-42.04154377632751,-15.411337095074105,0.5,2.211129054707086,debye_scaled,-6.969894887983228e-08,26.6302066812534,53.2604133625068
63.0,-42.81861843428044,-15.896946352639041,0.5,2.313036272524396,debye_scaled,-6.872761374939214e-08,26.921672081641397,53.843344163282794
64.0,-43.538579731641384,-16.377309642367855,0.5,2.417337186763687,debye_scaled,-6.774938031832322e-08,27.16127008927353,54.32254017854706
65.0,-44.19969727735163,-16.851239551473107,0.5,2.52398959440591,debye_scaled,-6.676429882603976e-08,27.348457725878525,54.69691545175705
66.0,-44.80103857773052,-17.317536543696466,0.5,2.6329479789497436,debye_scaled,-6.577242194737269e-08,27.483502034034057,54.967004068068114
67.0,-45.34235992474759,-17.77499245832099,0.5,2.7441637113222064,debye_scaled,-6.477380480247134e-08,27.567367466426596,55.13473493285319
68.0,-45.82389059404059,-18.222393970490188,0.5,2.8575852578714,debye_scaled,-6.376850496514652e-08,27.601496623550407,55.202993247100814
69.0,-46.24613360616911,-18.658525991811043,0.5,2.973158393519043,debye_scaled,-6.275658246961654e-08,27.587607614358067,55.175215228716134
70.0,-46.60972930414598,-19.082174992350023,0.5,3.090826418263428,debye_scaled,-6.173809981561918e-08,27.52755431179596,55.05510862359192
71.0,-46.91537870663838,-19.49213222727903,0.5,3.210530375347096,debye_scaled,-6.071312197185396e-08,27.42324647935935,54.8464929587187
72.0,-47.163806689398015,-19.887196853559832,0.5,3.3322092695349883,debye_scaled,-5.968171637772048e-08,27.276609835838187,54.55321967167637
73.0,-47.355746534351695,-20.266178924133914,0.5,3.4558002840840856,debye_scaled,-5.864395294332004e-08,27.08956761021778,54.17913522043556
74.0,-47.49193419122941,-20.627902249091616,0.5,3.581238995122773,debye_scaled,-5.7599904047689625e-08,26.864031942137803,53.728063884275606
75.0,-47.57310637523066,-20.97120711520763,0.5,3.7084595822948745,debye_scaled,-5.6549644535239066e-08,26.601899260023025,53.20379852004605
76.0,-47.60000000070899,-21.294952857032087,0.5,3.8373950346569936,debye_scaled,-5.549325171036382e-08,26.3050471436769,52.6100942873538
77.0,-47.57335202910934,-21.598020274414484,0.5,3.9679773509483747,debye_scaled,-5.4430805330207854e-08,25.975331754694853,51.950663509389706
78.0,-47.49389943201553,-21.879313892894576,0.5,4.100137733476867,debye_scaled,-5.3362387595553245e-08,25.614585539120956,51.22917107824191
79.0,-47.362379183002,-22.137764064825404,0.5,4.233806774983587,debye_scaled,-5.228808313981506e-08,25.22461511817659,50.44923023635318
80.0,-47.17952825599982,-22.37232891039004,0.5,4.368914637960309,debye_scaled,-5.120797901612215e-08,24.807199345609785,49.61439869121957
81.0,-46.94608362499685,-22.58199609884245,0.5,4.505391225998208,debye_scaled,-5.0122164682467095e-08,24.3640875261544,48.7281750523088
82.0,-46.66278226398362,-22.765784471342716,0.5,4.643166346843243,debye_scaled,-4.903073198491053e-08,23.896997792640903,47.793995585281806
83.0,-46.33036114693441,-22.922745507672758,0.5,4.782169866922238,debye_scaled,-4.7933775138827584e-08,23.40761563926165,46.8152312785233
84.0,-45.94955724778184,-23.05196463991851,0.5,4.922331857185,debye_scaled,-4.683139070818672e-08,22.89759260786333,45.79518521572666
85.0,-45.521107540370274,-23.152562416890262,0.5,5.063582730181009,debye_scaled,-4.5723677582853713e-08,22.36854512348001,44.73709024696002
86.0,-45.04574899837457,-23.22369552363546,0.5,5.205853368355258,debye_scaled,-4.461073695391612e-08,21.82205347473911,43.64410694947822
87.0,-44.5242185951673,-23.26455766088144,0.5,5.349075243606323,debye_scaled,-4.349267228702616e-08,21.259660934285858,42.519321868571716
88.0,-43.95725330361309,-23.274380289639893,0.5,5.493180528201634,debye_scaled,-4.2369589293762924e-08,20.682873013973197,41.36574602794639
89.0,-43.34559009576302,-23.252433246514496,0.5,5.638102197189976,debye_scaled,-4.1241595901016984e-08,20.093156849248523,40.186313698497045
90.0,-42.689965942416706,-23.1980252354885,0.5,5.783774122490252,debye_scaled,-4.010880221840406e-08,19.491940706928208,38.983881413856416
91.0,-41.99111781251263,-23.11050420213647,0.5,5.930131158869135,debye_scaled,-3.8971320503716486e-08,18.880613610376155,37.76122722075231
92.0,-41.24978267230061,-22.989257596308533,0.5,6.0771092220478,debye_scaled,-3.782926512642447e-08,18.260525075992074,36.52105015198415
93.0,-40.46669748424253,-22.833712529387192,0.5,6.224645359201204,debye_scaled,-3.668275252924192e-08,17.63298495485534,35.26596990971068
94.0,-39.642599205578875,-22.64333583221961,0.5,6.372677812131954,debye_scaled,-3.553190118777458e-08,16.999263373359266,33.99852674671853
95.0,-38.77822478649051,-22.417634019789016,0.5,6.521146073415333,debye_scaled,-3.437683156827092e-08,16.360590766701495,32.72118153340299
96.0,-37.87431116777472,-22.156153168611866,0.5,6.669990935822504,debye_scaled,-3.321766608349926e-08,15.718157999162853,31.436315998325707
97.0,-36.93159527794545,-21.8584787127425,0.5,6.819154535336982,debye_scaled,-3.2054529046777676e-08,15.073116565202948,30.146233130405896
98.0,-35.95081402965632,-21.52423516413059,0.5,6.968580388083185,debye_scaled,-3.0887546624185765e-08,14.42657886552573,28.85315773105146
99.0,-34.93270431533442,-21.15308576292411,0.5,7.118213421488638,debye_scaled,-2.9716846784990538e-08,13.779618552410307,27.559237104820614
100.0,-33.87800300190036,-20.74473206313365,0.5,7.268,janaf_interp,-2.8542559250321478e-08,13.133270938766714,26.266541877533427
101.0,-32.78744692443848,-20.11773663749139,0.5,7.35168,janaf_interp,-2.7364815440132584e-08,12.669710286947087,25.339420573894174
102.0,-31.661772878667538,-19.46855956409194,0.5,7.43536,janaf_interp,-2.6183748418492096e-08,12.1932133145756,24.3864266291512
103.0,-30.501717612048825,-18.79721866229457,0.5,7.5190399999999995,janaf_interp,-2.499949283724328e-08,11.704498949754257,23.408997899508513
104.0,-29.308017813354557,-18.10373742162951,0.5,7.60272,janaf_interp,-2.3812184878082463e-08,11.20428039172505,22.4085607834501
105.0,-28.081410100504645,-17.38814502010672,0.5,7.6864,janaf_interp,-2.2621962193103038e-08,10.693265080397927,21.386530160795854
106.0,-26.82263100646448,-16.650476338387552,0.5,7.77008,janaf_interp,-2.142896384385689e-08,10.172154668076926,20.344309336153852
107.0,-25.53241696298056,-15.890771969774693,0.5,7.853759999999999,janaf_interp,-2.023333023898705e-08,9.641644993205867,19.283289986411734
108.0,-24.21150428191423,-15.109078225981472,0.5,7.93744,janaf_interp,-1.9035203070488057e-08,9.102426055932757,18.204852111865513
109.0,-22.86062913391679,-14.305447138647212,0.5,8.02112,janaf_interp,-1.7834725248652572e-08,8.555181995269582,17.110363990539163
110.0,-21.48052752417128,-13.47993645657118,0.5,8.1048,janaf_interp,-1.663204083576545e-08,8.0005910676001,16.0011821352002
111.0,-20.07193526490828,-12.632609638643439,0.5,8.18848,janaf_interp,-1.5427294978608287e-08,7.439325626264839,14.878651252529679
112.0,-18.635587944384035,-11.763535842456943,0.5,8.27216,janaf_interp,-1.4220633839839829e-08,6.8720521019270935,13.744104203854187
113.0,-17.172220891989664,-10.872789908591265,0.5,8.35584,janaf_interp,-1.3012204528319433e-08,6.299430983398399,12.598861966796798
114.0,-15.682569139140362,-9.960452340564338,0.5,8.43952,janaf_interp,-1.1802155028442776e-08,5.722116798576025,11.44423359715205
115.0,-14.167367375572635,-9.026609280454828,0.5,8.5232,janaf_interp,-1.0590634128560668e-08,5.140758095117808,10.281516190235616
116.0,-12.62734990065664,-8.071352480203844,0.5,8.60688,janaf_interp,-9.377791348553534e-09,4.555997420452796,9.111994840905592
117.0,-11.063250569308558,-7.09477926861084,0.5,8.69056,janaf_interp,-8.163776866635569e-09,3.9684713006977175,7.936942601395435
118.0,-9.475802732065834,-6.096992514044872,0.5,8.774239999999999,janaf_interp,-6.9487414454640775e-09,3.378810218020962,6.757620436041924
119.0,-7.865739168864852,-5.078100582898348,0.5,8.85792,janaf_interp,-5.732836357630627e-09,2.7876385859665036,5.575277171933007
120.0,-6.233792016037186,-4.038217293816697,0.5,8.9416,janaf_interp,-4.516213310611856e-09,2.195574722220489,4.391149444440978
121.0,-4.580692686016328,-2.977461867743408,0.5,9.025279999999999,janaf_interp,-3.2990243712587405e-09,1.6032308182729202,3.2064616365458405
122.0,-2.907171779221993,-1.8959588738259292,0.5,9.10896,janaf_interp,-2.081421889903929e-09,1.0112129053960641,2.0224258107921282
123.0,-1.2139589875638004,-0.7938381712339102,0.5,9.192639999999999,janaf_interp,-8.635584241674974e-10,0.4201208163298902,0.8402416326597804
124.0,0.4982170110198722,0.3287651530528461,0.5,9.276319999999998,janaf_interp,3.5441333745800724e-10,-0.16945185796702614,-0.3389037159340523
125.0,2.2286286675985836,1.4717108504235787,0.5,9.36,janaf_interp,1.5723406521619432e-09,-0.7569178171750051,-1.5138356343500101
126.0,3.976549687500006,2.63485358071407,0.5,9.44368,janaf_interp,2.7900707994278395e-09,-1.341696106785936,-2.683392213571872
127.0,5.74125516643895,3.8180429861080567,0.5,9.52736,janaf_interp,4.007451157621898e-09,-1.923212180330894,-3.846424360661788
128.0,7.522021738219501,5.021123768782741,0.5,9.61104,janaf_interp,5.224329280476141e-09,-2.5008979694367612,-5.0017959388735225
129.0,9.318127734732666,6.24393577221329,0.5,9.69472,janaf_interp,6.440552973384781e-09,-3.0741919625193757,-6.148383925038751
130.0,11.128853359002111,7.4863140660461305,0.5,9.7784,janaf_interp,7.655970369432761e-09,-3.6425392929559806,-7.285078585911961
131.0,12.953480872060279,8.748089034445874,0.5,9.862079999999999,janaf_interp,8.870430005075882e-09,-4.205391837614404,-8.410783675228808
132.0,14.791294794467797,10.029086467815956,0.5,9.94576,janaf_interp,1.0083780895392567e-08,-4.762208326651841,-9.524416653303682
133.0,16.64158212332076,11.329127657788499,0.5,10.02944,janaf_interp,1.129587260882811e-08,-5.312454465532262,-10.624908931064525
134.0,18.503632565621775,12.648029495374544,0.5,10.113119999999999,janaf_interp,1.250655534135316e-08,-5.855603070247231,-11.711206140494461
135.0,20.376738788923472,13.98560457216167,0.5,10.1968,janaf_interp,1.3715679989959274e-08,-6.3911342167618015,-12.782268433523603
136.0,22.26019669018624,15.341661284441987,0.5,10.280479999999999,janaf_interp,1.4923098225415534e-08,-6.918535405744255,-13.83707081148851
137.0,24.153305683825135,16.71600394014993,0.5,10.364159999999998,janaf_interp,1.61286625642116e-08,-7.437301743675208,-14.874603487350416
138.0,26.055369009955758,18.10843286848572,0.5,10.44784,janaf_interp,1.733222643961405e-08,-7.946936141470037,-15.893872282940073
139.0,27.965694063883113,19.518744532097106,0.5,10.53152,janaf_interp,1.853364427176429e-08,-8.44694953178601,-16.89389906357202
140.0,29.883592747913255,20.946731641689066,0.5,10.6152,janaf_interp,1.9732771536748313e-08,-8.936861106224185,-17.87372221244837
141.0,31.80838184660322,22.39218327292855,0.5,10.698879999999999,janaf_interp,2.0929464834570115e-08,-9.41619857367467,-18.83239714734934
142.0,33.73938342660163,23.854884985508512,0.5,10.78256,janaf_interp,2.2123581955962697e-08,-9.884498441093113,-19.768996882186226
143.0,35.67592526226912,25.334618944233778,0.5,10.86624,janaf_interp,2.33149819479726e-08,-10.341306318035342,-20.682612636070683
144.0,37.61734128830585,26.83116404198888,0.5,10.949919999999999,janaf_interp,2.450352517825599e-08,-10.786177246316973,-21.572354492633945
145.0,39.562972080651484,28.34429602444672,0.5,11.0336,janaf_interp,2.5689073398026684e-08,-11.218676056204766,-22.43735211240953
146.0,41.512165366962165,29.873787616375154,0.5,11.11728,janaf_interp,2.6871489803598683e-08,-11.638377750587013,-23.276755501174026
147.0,43.464276568008046,31.419408649397752,0.5,11.200959999999998,janaf_interp,2.80506390964683e-08,-12.044867918610295,-24.08973583722059
148.0,45.418669371375756,32.98092619106406,0.5,11.28464,janaf_interp,2.9226387541883535e-08,-12.4377431803117,-24.8754863606234
149.0,47.37471633890064,34.55810467508383,0.5,11.368319999999999,janaf_interp,3.039860302585064e-08,-12.816611663816808,-25.633223327633615
150.0,49.33179954929422,36.15070603257989,0.5,11.451999999999998,janaf_interp,3.1567155110530825e-08,-13.181093516714327,-26.362187033428654
151.0,51.289311277475726,37.75848982421362,0.5,11.53568,janaf_interp,3.273191508798235e-08,-13.530821453262108,-27.061642906524217
152.0,53.24665471215816,39.381213373037745,0.5,11.61936,janaf_interp,3.3892756032206376e-08,-13.865441339120412,-27.730882678240825
153.0,55.203244713283254,41.018631897931364,0.5,11.70304,janaf_interp,3.5049552849457376e-08,-14.184612815351894,-28.369225630703788
154.0,57.15850861094442,42.67049864747277,0.5,11.786719999999999,janaf_interp,3.620218232678198e-08,-14.488009963471656,-28.976019926943312
155.0,59.11188704748257,44.33656503410682,0.5,11.8704,janaf_interp,3.735052317875288e-08,-14.775322013375748,-29.550644026751495
156.0,61.06283486448858,46.01658076846453,0.5,11.95408,janaf_interp,3.8494456092367236e-08,-15.046254096024052,-30.092508192048104
157.0,63.01082203649547,47.71029399369437,0.5,12.037759999999999,janaf_interp,3.9633863770082124e-08,-15.300528042801098,-30.601056085602195
158.0,64.95533465319981,49.417451419665916,0.5,12.12144,janaf_interp,4.076863097096213e-08,-15.537883233533897,-31.075766467067794
159.0,66.89587595210833,51.13779845690902,0.5,12.205119999999999,janaf_interp,4.1898644549917595e-08,-15.758077495199315,-31.51615499039863
160.0,68.83196740356846,52.87107935015314,0.5,12.288799999999998,janaf_interp,4.302379349501428e-08,-15.96088805341532,-31.92177610683064
161.0,70.76314985019738,54.617037311334364,0.5,12.37248,janaf_interp,4.4143968962838793e-08,-16.14611253886301,-32.29222507772602
162.0,72.68898470276429,56.375414651939714,0.5,12.456159999999999,janaf_interp,4.525906431190649e-08,-16.31357005082458,-32.62714010164916
163.0,74.60905519456449,58.14595291456128,0.5,12.539839999999998,janaf_interp,4.636897513410162e-08,-16.46310228000321,-32.92620456000642
164.0,76.52296769619488,59.92839300353582,0.5,12.62352,janaf_interp,4.7473599284142476e-08,-16.594574692659062,-33.189149385318125
165.0,78.4303530922744,61.722475314547765,0.5,12.7072,janaf_interp,4.8572836907066674e-08,-16.707877777726637,-33.41575555545327
166.0,80.33086822087914,63.52793986307784,0.5,12.790879999999998,janaf_interp,4.9666590463734987e-08,-16.8029283578013,-33.6058567156026
167.0,82.22419737500137,65.34452641158212,0.5,12.874559999999999,janaf_interp,5.0754764754354425e-08,-16.87967096341925,-33.7593419268385
168.0,84.11005386284715,67.17197459529001,0.5,12.95824,janaf_interp,5.183726694002427e-08,-16.938079267557146,-33.87615853511429
169.0,85.98818161983992,69.01002404651352,0.5,13.041919999999998,janaf_interp,5.291400656231102e-08,-16.978157573326406,-33.95631514665281
170.0,87.85835685941744,70.85841451736403,0.5,13.125599999999999,janaf_interp,5.398489556086124e-08,-16.999942342053416,-33.99988468410683
171.0,89.72038974190255,72.7168860007758,0.5,13.20928,janaf_interp,5.504984828906329e-08,-17.003503741126753,-34.007007482253506
172.0,91.57412603112664,74.58517884974086,0.5,13.292959999999997,janaf_interp,5.6108781527771747e-08,-16.988947181385782,-33.977894362771565
173.0,93.41944869805428,76.4630338946627,0.5,13.376639999999998,janaf_interp,5.7161614497110424e-08,-16.956414803391574,-33.91282960678315
174.0,95.25627942130959,78.35019255874094,0.5,13.46032,janaf_interp,5.8208268866372384e-08,-16.906086862568632,-33.812173725137264
175.0,97.08457992918034,80.24639697130345,0.5,13.543999999999999,janaf_interp,5.924866876203741e-08,-16.83818295787688,-33.67636591575376
176.0,98.90435312991718,82.15139007900636,0.5,13.627679999999998,janaf_interp,6.028274077392951e-08,-16.752963050910818,-33.505926101821636
177.0,100.71564399005533,84.06491575482677,0.5,13.711359999999999,janaf_interp,6.131041395953923e-08,-16.650728235228563,-33.301456470457126
178.0,102.51854014485055,85.98671890477755,0.5,13.79504,janaf_interp,6.233161984653727e-08,-16.531821240072993,-33.06364248014599
179.0,104.31317225665215,87.91654557227785,0.5,13.878719999999998,janaf_interp,6.334629243350818e-08,-16.396626684374304,-32.79325336874861
180.0,106.09971416450212,89.85414304011734,0.5,13.962399999999999,janaf_interp,6.43543681889341e-08,-16.245571124384796,-32.49114224876959
181.0,107.87838287057245,91.7992599299563,0.5,14.04608,janaf_interp,6.535578604846071e-08,-16.079122940616145,-32.15824588123229
182.0,109.64943835696987,93.75164629930903,0.5,14.129759999999997,janaf_interp,6.635048741047905e-08,-15.89779205766085,-31.7955841153217
183.0,111.41318308730922,95.71105373596126,0.5,14.213439999999999,janaf_interp,6.733841613005808e-08,-15.702129351347962,-31.404258702695923
184.0,113.16996079560849,97.67723544977716,0.5,14.29712,janaf_interp,6.831951851126462e-08,-15.492725345831328,-30.985450691662656
185.0,114.92015379677153,99.64994636185625,0.5,14.380799999999997,janaf_interp,6.929374329790851e-08,-15.270207434915285,-30.54041486983057
186.0,116.66417760359774,101.62894319100424,0.5,14.464479999999998,janaf_interp,7.026104166275197e-08,-15.035234412593494,-30.07046882518699
187.0,118.40247119292495,103.61398453748613,0.5,14.54816,janaf_interp,7.122136719522341e-08,-14.788486655438819,-29.576973310877637
188.0,120.1354809717221,105.60483096403428,0.5,14.631839999999999,janaf_interp,7.217467588767667e-08,-14.530650007687816,-29.061300015375632
189.0,121.86363653632174,107.60124507408887,0.5,14.715519999999998,janaf_interp,7.312092612023828e-08,-14.262391462232872,-28.524782924465743
190.0,123.58731688045648,109.60299158725046,0.5,14.799199999999999,janaf_interp,7.406007864428515e-08,-13.984325293206012,-27.968650586412025
191.0,125.30680692054233,111.60983741193098,0.5,14.882879999999998,janaf_interp,7.499209656459704e-08,-13.696969508611339,-27.393939017222678
192.0,127.02224607687698,113.62155171519068,0.5,14.966559999999998,janaf_interp,7.591694532022769e-08,-13.400694361686318,-26.801388723372636
193.0,128.73357300378984,115.63790598975466,0.5,15.050239999999999,janaf_interp,7.683459266414002e-08,-13.095667014035191,-26.191334028070383
194.0,130.44047302300353,117.65867411820483,0.5,15.133919999999998,janaf_interp,7.774500864165057e-08,-12.781798904798716,-25.563597809597432
195.0,132.1423368325509,119.68363243434742,0.5,15.217599999999997,janaf_interp,7.86481655677291e-08,-12.45870439820349,-24.91740879640698
196.0,133.83824001134406,121.71255978176006,0.5,15.301279999999998,janaf_interp,7.954403800319978e-08,-12.125680229584002,-24.251360459168005
197.0,135.5269521622708,123.74523756952492,0.5,15.38496,janaf_interp,8.043260272989005e-08,-11.781714592745873,-23.563429185491746
198.0,137.20698192505446,125.78144982515848,0.5,15.468639999999997,janaf_interp,8.13138387247738e-08,-11.425532099895978,-22.851064199791956
199.0,138.87665962715084,127.82098324475199,0.5,15.552319999999998,janaf_interp,8.21877271331557e-08,-11.055676382398858,-22.111352764797715
200.0,140.53425357267417,129.8636272403384,0.5,15.636,janaf_interp,8.305425124094295e-08,-10.670626332335772,-21.341252664671543
201.0,142.1781098594132,131.64081894267196,0.5,15.6877,janaf_interp,8.391339644605135e-08,-10.537290916741242,-21.074581833482483
202.0,143.8068003740621,133.41526055141952,0.5,15.7394,janaf_interp,8.476515022899191e-08,-10.391539822642601,-20.783079645285202
203.0,145.4192604402082,135.18682089695145,0.5,15.7911,janaf_interp,8.560950212268395e-08,-10.232439543256758,-20.464879086513516
204.0,147.014897362076,136.95537179579196,0.5,15.842799999999999,janaf_interp,8.644644368154113e-08,-10.059525566284032,-20.119051132568064
205.0,148.59365413668067,138.72078805265457,0.5,15.894499999999999,janaf_interp,8.727596844987549e-08,-9.872866084026091,-19.745732168052182
206.0,150.1560185292327,140.4829474604816,0.5,15.9462,janaf_interp,8.809807192966451e-08,-9.67307106875111,-19.34614213750222
207.0,151.7029755123632,142.24173079853747,0.5,15.9979,janaf_interp,8.891275154772656e-08,-9.461244713825723,-18.922489427651445
208.0,153.23590932033562,143.9970218286037,0.5,16.049599999999998,janaf_interp,8.972000662234803e-08,-9.238887491731935,-18.47777498346387
209.0,154.7564685204667,145.7487072893269,0.5,16.1013,janaf_interp,9.051983832940626e-08,-9.007761231139842,-18.015522462279684
210.0,156.26641225659642,147.49667688877034,0.5,16.153,janaf_interp,9.131224966803092e-08,-8.769735367826085,-17.53947073565217
211.0,157.76745740535785,149.24082329522128,0.5,16.2047,janaf_interp,9.209724542584638e-08,-8.526634110136573,-17.053268220273146
212.0,159.2611447135789,150.98104212630597,0.5,16.2564,janaf_interp,9.287483214383627e-08,-8.280102587272905,-16.56020517454581
213.0,160.74873761551171,152.71723193646588,0.5,16.3081,janaf_interp,9.364501808087141e-08,-8.031505679045821,-16.063011358091643
214.0,162.2311613993941,154.4492942028475,0.5,16.3598,janaf_interp,9.440781317794075e-08,-7.781867196546592,-15.563734393093185
215.0,163.7089839478392,156.17713330966038,0.5,16.4115,janaf_interp,9.516322902212496e-08,-7.531850638178819,-15.063701276357637
216.0,165.18243357833472,157.90065653105637,0.5,16.4632,janaf_interp,9.591127881035058e-08,-7.281777047278355,-14.56355409455671
217.0,166.65144540931266,159.619774012584,0.5,16.5149,janaf_interp,9.665197731296223e-08,-7.031671396728658,-14.063342793457316
218.0,168.11572558622947,161.33439875127272,0.5,16.5666,janaf_interp,9.738534083714987e-08,-6.781326834956761,-13.562653669913521
219.0,169.5748225874366,163.04444657439993,0.5,16.618299999999998,janaf_interp,9.811138719026612e-08,-6.530376013036675,-13.06075202607335
220.0,171.02819630382405,164.74983611699534,0.5,16.669999999999998,janaf_interp,9.883013564306861e-08,-6.278360186828688,-12.556720373657376
221.0,172.47527805825632,166.45048879813567,0.5,16.7217,janaf_interp,9.954160689292099e-08,-6.024789260120657,-12.049578520241313
222.0,173.91551756778549,168.14632879608337,0.5,16.7734,janaf_interp,1.0024582302698522e-07,-5.769188771702122,-11.538377543404245
223.0,175.3484155119761,169.83728302232245,0.5,16.8251,janaf_interp,1.0094280748543692e-07,-5.511132489653642,-11.022264979307284
224.0,176.77354248515132,171.5232810945436,0.5,16.8768,janaf_interp,1.0163258502473431e-07,-5.250261390607726,-10.500522781215452
225.0,178.19054650594055,173.20425530863085,0.5,16.9285,janaf_interp,1.0231518168097048e-07,-4.986291197309683,-9.972582394619366
226.0,179.59915193420113,174.8801406097019,0.5,16.9802,janaf_interp,1.0299062473333759e-07,-4.719011324499239,-9.438022648998478
227.0,180.99915272464804,176.55087456225195,0.5,17.0319,janaf_interp,1.0365894266773051e-07,-4.448278162396117,-8.896556324792234
228.0,182.3904026109114,178.21639731945277,0.5,17.0836,janaf_interp,1.0432016514051649e-07,-4.174005291458634,-8.348010582917269
229.0,183.77280425365674,179.87665159165584,0.5,17.1353,janaf_interp,1.049743229424964e-07,-3.8961526620009006,-7.792305324001801
230.0,185.14629876309638,181.5315826141487,0.5,17.187,janaf_interp,1.056214479630818e-07,-3.6147161489476662,-7.2294322978953325
231.0,186.51085643326024,183.18113811421293,0.5,17.2387,janaf_interp,1.0626157315471173e-07,-3.329718319047316,-6.659436638094632
232.0,187.86646906602422,184.82526827753068,0.5,17.290399999999998,janaf_interp,1.0689473249753083e-07,-3.0412007884935335,-6.082401576987067
233.0,189.21314393805832,186.46392571398746,0.5,17.3421,janaf_interp,1.075209609643512e-07,-2.7492182240708516,-5.498436448141703
234.0,190.55089926504044,188.09706542291468,0.5,17.3938,janaf_interp,1.0814029448591723e-07,-2.453833842125753,-4.907667684251506
235.0,191.87976092011905,189.7246447578194,0.5,17.4455,janaf_interp,1.0875276991649387e-07,-2.1551161622996657,-4.3102323245993315
236.0,193.19976013784583,191.34662339064272,0.5,17.4972,janaf_interp,1.093584249997958e-07,-1.8531367472031426,-3.706273494406285
237.0,194.51093195280367,192.96296327559142,0.5,17.5489,janaf_interp,1.0995729833527538e-07,-1.547968677212252,-3.095937354424504
238.0,195.81331416185233,194.57362861258352,0.5,17.6006,janaf_interp,1.1054942934478569e-07,-1.2396855492688366,-2.479371098537673
239.0,197.10694664501014,196.1785858103491,0.5,17.6523,janaf_interp,1.11134858239634e-07,-0.9283608346610435,-1.856721669322087
240.0,198.39187092339478,197.7778034492265,0.5,17.704,janaf_interp,1.1171362598804029e-07,-0.6140674741682574,-1.2281349483365147
241.0,199.66812986896076,199.37125224369203,0.5,17.7557,janaf_interp,1.1228577428301449e-07,-0.2968776252687332,-0.5937552505374664
242.0,200.93576750878654,200.95890500466143,0.5,17.8074,janaf_interp,1.128513455106649e-07,0.023137495874907953,0.046274991749815905
243.0,202.19482888694844,202.54073660159966,0.5,17.859099999999998,janaf_interp,1.1341038271894982e-07,0.34590771465122877,0.6918154293024575
244.0,203.44535996095092,204.11672392447448,0.5,17.910800000000002,janaf_interp,1.1396292958688304e-07,0.6713639635235644,1.3427279270471288
245.0,204.68740751882626,205.6868458455884,0.5,17.9625,janaf_interp,1.1450903039420372e-07,0.9994383267621293,1.9988766535242586
246.0,205.9210191087768,207.25108318132297,0.5,18.0142,janaf_interp,1.1504872999151945e-07,1.330064072546184,2.660128145092368
247.0,207.14624297672322,208.8094186538263,0.5,18.0659,janaf_interp,1.1558207377093104e-07,1.6631756771030772,3.3263513542061545
248.0,208.36312800916946,210.36183685267738,0.5,18.1176,janaf_interp,1.1610910763714697e-07,1.99870884350793,3.99741768701586
249.0,209.57172367995594,211.9083241965552,0.5,18.1693,janaf_interp,1.1662987797909398e-07,2.336600516599293,4.673201033198586
250.0,210.77208000010972,213.44886889494322,0.5,18.221,janaf_interp,1.171444316420302e-07,2.6767888948335,5.353577789667
251.0,211.9642474703438,214.8098881870746,0.5,18.257947040498443,janaf_interp,1.1765281590016611e-07,2.8456407167307822,5.6912814334615645
252.0,213.14827703593286,216.1634645005036,0.5,18.294894080996883,janaf_interp,1.1815507842979812e-07,3.015187464570747,6.030374929141494
253.0,214.32422004379038,217.50961806952728,0.5,18.331841121495327,janaf_interp,1.1865126728295857e-07,3.185398025736926,6.370796051473852
254.0,215.49212820161281,218.84837048133002,0.5,18.36878816199377,janaf_interp,1.1914143086158601e-07,3.3562422797172182,6.7124845594344364
255.0,216.6520535389865,220.17974463586748,0.5,18.405735202492213,janaf_interp,1.1962561789221776e-07,3.527691096880981,7.055382193761962
256.0,217.80404837036156,221.50376470615774,0.5,18.442682242990653,janaf_interp,1.201038774012076e-07,3.6997163357961846,7.399432671592369
257.0,218.9481652598093,222.82045609899575,0.5,18.479629283489096,janaf_interp,1.2057625869046954e-07,3.872290839186479,7.744581678372958
258.0,220.08445698748176,224.1298454161057,0.5,18.51657632398754,janaf_interp,1.2104281131374906e-07,4.045388428623941,8.090776857247882
259.0,221.2129765176993,225.43196041574703,0.5,18.553523364485983,janaf_interp,1.2150358505342176e-07,4.218983898047746,8.437967796095492
260.0,222.33377696859355,226.72682997478697,0.5,18.590470404984423,janaf_interp,1.2195862989781992e-07,4.393053006193432,8.786106012386863
261.0,223.446911583237,228.0144840512513,0.5,18.627417445482866,janaf_interp,1.2240799601908564e-07,4.5675724680142755,9.135144936028551
262.0,224.55243370219443,229.2949536473661,0.5,18.66436448598131,janaf_interp,1.2285173375155e-07,4.742519945171653,9.485039890343305
263.0,225.65039673743382,230.5682707731004,0.5,18.701311526479753,janaf_interp,1.2328989357063638e-07,4.9178740356665935,9.835748071333187
264.0,226.74085414753603,231.83446841021976,0.5,18.738258566978192,janaf_interp,1.2372252607228609e-07,5.093614262683724,10.187228525367448
265.0,227.82385941414725,233.0935804768601,0.5,18.775205607476636,janaf_interp,1.2414968195290382e-07,5.269721062712856,10.539442125425712
266.0,228.89946601961975,234.34564179262858,0.5,18.81215264797508,janaf_interp,1.2457141198981996e-07,5.446175773008834,10.892351546017668
267.0,229.96772742578705,235.59068804424092,0.5,18.84909968847352,janaf_interp,1.2498776702226676e-07,5.622960618453885,11.24592123690777
268.0,231.02869705382648,236.82875575169996,0.5,18.886046728971962,janaf_interp,1.2539879793286491e-07,5.800058697873463,11.600117395746926
269.0,232.08242826515897,238.05988223502177,0.5,18.922993769470406,janaf_interp,1.2580455562961606e-07,5.977453969862802,11.954907939725604
270.0,233.128974343342,239.28410558151504,0.5,18.95994080996885,janaf_interp,1.2620509102839768e-07,6.155131238173018,12.310262476346036
271.0,234.16838847691133,240.50146461361726,0.5,18.99688785046729,janaf_interp,1.2660045503595545e-07,6.333076136705916,12.666152273411832
272.0,235.20072374313054,241.71199885729175,0.5,19.033834890965732,janaf_interp,1.2699069853338834e-07,6.511275114161227,13.022550228322453
273.0,236.22603309260796,242.91574851098883,0.5,19.070781931464175,janaf_interp,1.273758723601213e-07,6.689715418380847,13.379430836761694
274.0,237.24436933474325,244.11275441517307,0.5,19.10772897196262,janaf_interp,1.2775602729836054e-07,6.868385080429838,13.736770160859676
275.0,238.25578512396697,245.3030580224189,0.5,19.14467601246106,janaf_interp,1.2813121405802523e-07,7.0472728984519275,14.094545796903855
276.0,239.2603329467382,246.48670136807553,0.5,19.1816230529595,janaf_interp,1.2850148326215048e-07,7.226368421337322,14.452736842674645
277.0,240.25806510926708,247.66372704150191,0.5,19.218570093457945,janaf_interp,1.2886688543275513e-07,7.4056619322348265,14.811323864469653
278.0,241.2490337259306,248.83417815787243,0.5,19.25551713395639,janaf_interp,1.2922747097716874e-07,7.5851444319418695,15.170288863883739
279.0,242.23329070835004,249.99809833055158,0.5,19.292464174454828,janaf_interp,1.295832901748105e-07,7.764807622201519,15.529615244403038
280.0,243.21088775510202,251.15553164403872,0.5,19.32941121495327,janaf_interp,1.299343931644148e-07,7.944643888936695,15.88928777787339
281.0,244.18187634203488,252.3065226274798,0.5,19.366358255451715,janaf_interp,1.302808299316958e-07,8.124646285444909,16.249292570889818
282.0,245.14630771316288,253.4511162287457,0.5,19.403305295950155,janaf_interp,1.3062265029744485e-07,8.304808515582794,16.609617031165588
283.0,246.10423287211353,254.58935778907397,0.5,19.440252336448598,janaf_interp,1.3095990390605346e-07,8.485124916960427,16.970249833920853
284.0,247.05570257410363,255.72129301827192,0.5,19.47719937694704,janaf_interp,1.3129264021445522e-07,8.665590444168286,17.331180888336572
285.0,248.0007673184192,256.8469679704783,0.5,19.514146417445485,janaf_interp,1.316209084814795e-07,8.84620065205908,17.69240130411816
286.0,248.9394773413784,257.9664290204792,0.5,19.551093457943924,janaf_interp,1.3194475775760935e-07,9.026951679100824,18.053903358201648
287.0,249.87188260975526,259.0797228405765,0.5,19.588040498442368,janaf_interp,1.3226423687513738e-07,9.207840230821256,18.415680461642513
288.0,250.79803281464336,260.186896378002,0.5,19.62498753894081,janaf_interp,1.325793944387109e-07,9.38886356335866,18.77772712671732
289.0,251.71797736574055,261.2879968328758,0.5,19.661934579439254,janaf_interp,1.328902788162606e-07,9.570019467135266,19.14003893427053
290.0,252.63176538603471,262.38307163670277,0.5,19.698881619937694,janaf_interp,1.331969381303042e-07,9.751306250668035,19.50261250133607
291.0,253.53944570687383,263.472168431402,0.5,19.735828660436137,janaf_interp,1.3349942024961803e-07,9.93272272452815,19.8654454490563
292.0,254.4410668634019,264.5553350488656,0.5,19.77277570093458,janaf_interp,1.3379777278126972e-07,10.114268185463708,20.228536370927415
293.0,255.3366770903448,265.63261949104,0.5,19.809722741433024,janaf_interp,1.3409204306300364e-07,10.295942400695148,20.591884801390297
294.0,256.22632431813025,266.70406991052425,0.5,19.846669781931464,janaf_interp,1.3438227815597222e-07,10.477745592394005,20.95549118478801
295.0,257.110056169326,267.7697345916816,0.5,19.883616822429907,janaf_interp,1.3466852483780584e-07,10.659678422355586,21.319356844711173
296.0,257.9879199553827,268.829661932255,0.5,19.92056386292835,janaf_interp,1.3495082959601359e-07,10.841741976872292,21.683483953744584
297.0,258.8599626736669,269.88390042548343,0.5,19.957510903426794,janaf_interp,1.3522923862170767e-07,11.023937751816502,22.047875503633005
298.0,259.7262310047707,270.932498642711,0.5,19.994457943925234,janaf_interp,1.3550379780364408e-07,11.206267637940286,22.412535275880572
299.0,260.5867713100858,271.86101995815596,0.5,20.022972972972973,janaf_interp,1.3577455272257233e-07,11.274248648070174,22.548497296140347
300.0,261.4416296296297,272.763305035003,0.5,20.05,janaf_interp,1.3604154864588679e-07,11.321675405373327,22.643350810746654
301.0,262.29085168011136,273.6254046421993,0.5,20.07452,janaf_interp,1.3630483052257258e-07,11.334552962087994,22.669105924175987
302.0,263.1344828532268,274.4814202001362,0.5,20.099040000000002,janaf_interp,1.3656444297843885e-07,11.346937346909364,22.693874693818728
303.0,263.97256821417204,275.3314138601947,0.5,20.12356,janaf_interp,1.3682043031163208e-07,11.358845646022658,22.717691292045316
304.0,264.80515250036456,276.1754475395657,0.5,20.14808,janaf_interp,1.3707283648842258e-07,11.370295039201169,22.740590078402338
305.0,265.63228012036257,277.0135829092183,0.5,20.1726,janaf_interp,1.3732170513925738e-07,11.381302788855747,22.762605577711494
306.0,266.45399515297316,277.84588138233346,0.5,20.19712,janaf_interp,1.3756707955507194e-07,11.391886229360312,22.783772458720623
307.0,267.27034134653985,278.67240410319437,0.5,20.22164,janaf_interp,1.378090026838547e-07,11.402062756654482,22.804125513308964
308.0,268.0813621184011,279.4932119365229,0.5,20.24616,janaf_interp,1.3804751712745674e-07,11.411849818121832,22.823699636243663
309.0,268.88710055451145,280.3083654572547,0.5,20.270680000000002,janaf_interp,1.3828266513864097e-07,11.421264902743259,22.842529805486517
310.0,269.68759940921757,281.1179249407402,0.5,20.2952,janaf_interp,1.3851448861836305e-07,11.430325531522623,22.860651063045246
311.0,270.48290110518104,281.9219503533667,0.5,20.31972,janaf_interp,1.3874302911327847e-07,11.439049248185665,22.87809849637133
312.0,271.2730477334412,282.7205013435886,0.5,20.34424,janaf_interp,1.3896832781346887e-07,11.447453610147358,22.894907220294716
313.0,272.05808105361103,283.5136372333586,0.5,20.36876,janaf_interp,1.3919042555038136e-07,11.455556179747578,22.911112359495156
314.0,272.8380424941982,284.3014170099499,0.5,20.39328,janaf_interp,1.3940936279497456e-07,11.463374515751683,22.926749031503366
315.0,273.6129731530472,285.0838993181613,0.5,20.4178,janaf_interp,1.3962517965606545e-07,11.470926165114086,22.941852330228173
316.0,274.3829137978943,285.861142452895,0.5,20.44232,janaf_interp,1.3983791587887042e-07,11.478228655000734,22.95645731000147
317.0,275.14790486703,286.633204352099,0.5,20.46684,janaf_interp,1.4004761084373505e-07,11.485299485069033,22.970598970138067
318.0,275.9079864700639,287.40014259006574,0.5,20.49136,janaf_interp,1.402543035650468e-07,11.492156120001848,22.984312240003696
319.0,276.6631983887873,288.16201437107685,0.5,20.51588,janaf_interp,1.404580326903242e-07,11.498815982289557,22.997631964579114
320.0,277.41358007812505,288.9188765233871,0.5,20.5404,janaf_interp,1.4065883649947765e-07,11.505296445262012,23.010592890524023
321.0,278.1591706671763,289.67078549353755,0.5,20.56492,janaf_interp,1.4085675290423573e-07,11.511614826361285,23.02322965272257
322.0,278.900008960336,290.41779734099106,0.5,20.58944,janaf_interp,1.4105181944773197e-07,11.51778838065508,23.03557676131016
323.0,279.6361334384941,291.15996773307944,0.5,20.61396,janaf_interp,1.41244073304246e-07,11.523834294585345,23.04766858917069
324.0,280.3675822603074,291.8973519402577,0.5,20.63848,janaf_interp,1.41433551279095e-07,11.529769679950306,23.05953935990061
325.0,281.09439326354124,292.6300048316529,0.5,20.663,janaf_interp,1.4162028980866906e-07,11.535611568111648,23.071223136223296
326.0,281.81660396647504,293.35798087090376,0.5,20.68752,janaf_interp,1.418043249606061e-07,11.541376904428718,23.082753808857436
327.0,282.53425156937,294.08133411228016,0.5,20.712040000000002,janaf_interp,1.4198569243410122e-07,11.547082542910175,23.09416508582035
328.0,283.2473729559931,294.8001181970767,0.5,20.73656,janaf_interp,1.4216442756034593e-07,11.552745241083601,23.105490482167202
329.0,283.9560046951965,295.51438635027097,0.5,20.76108,janaf_interp,1.4234056530309163e-07,11.558381655074458,23.116763310148915
330.0,284.6601830425467,296.2241913774412,0.5,20.7856,janaf_interp,1.4251414025933397e-07,11.564008334894499,23.128016669788998
331.0,285.3599439420014,296.9295856619339,0.5,20.81012,janaf_interp,1.4268518666011244e-07,11.569641719932552,23.139283439865103
332.0,286.055323027631,297.6306211622747,0.5,20.83464,janaf_interp,1.428537383714212e-07,11.57529813464367,23.15059626928734
333.0,286.7463556253817,298.3273494098166,0.5,20.85916,janaf_interp,1.4301982889522711e-07,11.580993784434886,23.161987568869773
334.0,287.4330767548771,299.0198215066166,0.5,20.883680000000002,janaf_interp,1.4318349137059015e-07,11.586744751739504,23.173489503479008
335.0,288.1155211312562,299.70808812353533,0.5,20.9082,janaf_interp,1.4334475857488228e-07,11.592566992279185,23.18513398455837
336.0,288.7937231670446,300.392199498552,0.5,20.93272,janaf_interp,1.43503662925101e-07,11.598476331507394,23.196952663014788
337.0,289.4677169740572,301.0722054352884,0.5,20.95724,janaf_interp,1.4366023647927325e-07,11.604488461231208,23.208976922462416
338.0,290.1375363653296,301.7481553017359,0.5,20.98176,janaf_interp,1.4381451093794604e-07,11.610618936406274,23.221237872812548
339.0,290.80321485707555,302.4200980291775,0.5,21.00628,janaf_interp,1.4396651764576e-07,11.61688317210198,23.23376634420396
340.0,291.4647856706697,303.08808211130105,0.5,21.0308,janaf_interp,1.4411628759310205e-07,11.623296440631364,23.24659288126273
341.0,292.12228173465223,303.7521556034947,0.5,21.05532,janaf_interp,1.4426385141783396e-07,11.62987386884251,23.25974773768502
342.0,292.77573568675405,304.4123661223214,0.5,21.07984,janaf_interp,1.4440923940709293e-07,11.636630435567339,23.273260871134678
343.0,293.4251798759402,305.0687608451634,0.5,21.10436,janaf_interp,1.4455248149916105e-07,11.64358096922322,23.28716193844644
344.0,294.0706463644711,305.72138651003485,0.5,21.12888,janaf_interp,1.446936072854003e-07,11.650740145563779,23.301480291127557
345.0,294.71216692997757,306.3702894155528,0.5,21.1534,janaf_interp,1.4483264601224995e-07,11.658122485575225,23.31624497115045
346.0,295.34977306755087,307.01551542106375,0.5,21.17792,janaf_interp,1.4496962658328285e-07,11.665742353512906,23.331484707025812
347.0,295.98349599184326,307.6571099469196,0.5,21.20244,janaf_interp,1.4510457756131825e-07,11.673613955076368,23.347227910152736
348.0,296.61336663918013,308.29511797489755,0.5,21.22696,janaf_interp,1.452375271705876e-07,11.68175133571745,23.3635026714349
349.0,297.23941566968097,308.9295840487585,0.5,21.25148,janaf_interp,1.453685032989507e-07,11.690168379077551,23.380336758155103
350.0,297.86167346938777,309.5605522749394,0.5,21.276,janaf_interp,1.4549753350015953e-07,11.698878805551654,23.39775761110331
351.0,298.4801701524004,310.08321657897784,0.5,21.29332,janaf_interp,1.456246449961668e-07,11.603046426577501,23.206092853155003
352.0,299.0949355630165,310.6022896233044,0.5,21.31064,janaf_interp,1.4574986467947673e-07,11.507354060287836,23.014708120575673
353.0,299.7059992778772,311.11781823673783,0.5,21.32796,janaf_interp,1.4587321911553558e-07,11.411818958860628,22.823637917721257
354.0,300.31339060811337,311.6298487392098,0.5,21.34528,janaf_interp,1.4599473454515932e-07,11.316458131096462,22.632916262192925
355.0,300.9171386014959,312.138426944214,0.5,21.3626,janaf_interp,1.46114436886996e-07,11.221288342718179,22.442576685436357
356.0,301.5172720445864,312.6435981613505,0.5,21.37992,janaf_interp,1.4623235174002077e-07,11.126326116764108,22.252652233528217
357.0,302.1138194648871,313.1454071989602,0.5,21.39724,janaf_interp,1.4634850438606108e-07,11.031587734073035,22.06317546814607
358.0,302.7068091329911,313.6438983668458,0.5,21.414559999999998,janaf_interp,1.4646291979234962e-07,10.937089233854724,21.87417846770945
359.0,303.2962690647301,314.13911547907554,0.5,21.43188,janaf_interp,1.4657562261410363e-07,10.842846414345436,21.685692828690872
360.0,303.8822270233196,314.63110185686327,0.5,21.4492,janaf_interp,1.4668663719712776e-07,10.748874833543656,21.497749667087312
361.0,304.46471052150133,315.119900331524,0.5,21.46652,janaf_interp,1.4679598758043877e-07,10.655189810022662,21.310379620045325
362.0,305.04374682368086,315.60555324749936,0.5,21.48384,janaf_interp,1.469036974989105e-07,10.561806423818458,21.123612847636917
363.0,305.6193629480609,316.0881024654484,0.5,21.50116,janaf_interp,1.4700979038593658e-07,10.468739517387526,20.937479034775052
364.0,306.19158566876916,316.56758936540314,0.5,21.51848,janaf_interp,1.471142893761098e-07,10.37600369663397,20.75200739326794
365.0,306.76044151798,317.0440548499811,0.5,21.5358,janaf_interp,1.4721721730791573e-07,10.283613332001137,20.567226664002273
366.0,307.3259567880295,317.51753934765577,0.5,21.55312,janaf_interp,1.473185967264395e-07,10.191582559626285,20.38316511925257
367.0,307.8881575335232,317.98808281607756,0.5,21.57044,janaf_interp,1.4741844988608372e-07,10.09992528255435,20.1998505651087
368.0,308.44706957343635,318.4557247454457,0.5,21.58776,janaf_interp,1.475167987532962e-07,10.008655172009375,20.01731034401875
369.0,309.00271849320575,318.9205041619257,0.5,21.60508,janaf_interp,1.47613665009306e-07,9.917785668719906,19.835571337439813
370.0,309.55512964681265,319.3824596311089,0.5,21.6224,janaf_interp,1.4770907005286598e-07,9.827329984296231,19.654659968592462
371.0,310.1043281588568,319.841629261514,0.5,21.63972,janaf_interp,1.4780303500300097e-07,9.737301102657241,19.474602205314483
372.0,310.6503389266209,320.2980507081243,0.5,21.65704,janaf_interp,1.4789558070175997e-07,9.647711781503432,19.295423563006864
373.0,311.1931866221248,320.7517611759606,0.5,21.67436,janaf_interp,1.4798672771697093e-07,9.558574553835788,19.117149107671576
374.0,311.7328956941695,321.2027974236846,0.5,21.691679999999998,janaf_interp,1.480764963449971e-07,9.469901729515144,18.939803459030287
375.0,312.26949037037036,321.6511957672338,0.5,21.709,janaf_interp,1.4816490661349385e-07,9.381705396863445,18.76341079372689
376.0,312.8029946591796,322.0969920834802,0.5,21.72632,janaf_interp,1.4825197828416417e-07,9.293997424300565,18.58799484860113
377.0,313.3334323518966,322.540221813916,0.5,21.74364,janaf_interp,1.4833773085551271e-07,9.206789462019428,18.413578924038855
378.0,313.86082702466757,322.98091996836024,0.5,21.76096,janaf_interp,1.484221835655965e-07,9.120092943692665,18.24018588738533
379.0,314.38520204047256,323.41912112868465,0.5,21.77828,janaf_interp,1.485053553947716e-07,9.033919088212073,18.067838176424146
380.0,314.9065805511007,323.8548594525577,0.5,21.7956,janaf_interp,1.4858726506843477e-07,8.94827890145697,17.89655780291394
381.0,315.424985499113,324.2881686772043,0.5,21.81292,janaf_interp,1.4866793105975924e-07,8.863183178091296,17.72636635618259
382.0,315.940439619792,324.7190821231784,0.5,21.83024,janaf_interp,1.4874737159242336e-07,8.778642503386397,17.557285006772794
383.0,316.45296544307956,325.147632698147,0.5,21.84756,janaf_interp,1.4882560464333177e-07,8.694667255067419,17.389334510134837
384.0,316.9625852955006,325.5738529006839,0.5,21.86488,janaf_interp,1.4890264794532782e-07,8.611267605183306,17.222535210366612
385.0,317.4693213020746,325.9977748240716,0.5,21.8822,janaf_interp,1.4897851898989662e-07,8.528453521996997,17.056907043993995
386.0,317.97319538821296,326.4194301601079,0.5,21.89952,janaf_interp,1.4905323502985813e-07,8.446234771894895,16.89246954378979
387.0,318.47422928160364,326.83885020291785,0.5,21.91684,janaf_interp,1.4912681308204916e-07,8.364620921314202,16.729241842628404
388.0,318.9724445140812,327.25606585276813,0.5,21.93416,janaf_interp,1.491992699299942e-07,8.283621338686942,16.567242677373883
389.0,319.4678624234843,327.6711076198818,0.5,21.95148,janaf_interp,1.492706221265636e-07,8.203245196397548,16.406490392795096
390.0,319.96050415549826,328.0840056282533,0.5,21.968799999999998,janaf_interp,1.4934088599661944e-07,8.12350147275504,16.24700294551008
391.0,320.45039066548446,328.4947896194609,0.5,21.98612,janaf_interp,1.494100776396476e-07,8.044398953976446,16.08879790795289
392.0,320.93754272029514,328.90348895647594,0.5,22.003439999999998,janaf_interp,1.49478212932376e-07,7.965946236180755,15.93189247236151
393.0,321.42198090007463,329.3101326274681,0.5,22.02076,janaf_interp,1.495453075313786e-07,7.888151727393423,15.776303454786847
394.0,321.90372560004596,329.71474924960296,0.5,22.03808,janaf_interp,1.4961137687566384e-07,7.8110236495570184,15.622047299114037
395.0,322.3827970322835,330.1173670728344,0.5,22.0554,janaf_interp,1.4967643618924817e-07,7.734570040550882,15.469140081101765
396.0,322.85921522747117,330.51801398368667,0.5,22.07272,janaf_interp,1.4974050048371323e-07,7.658798756215499,15.317597512430998
397.0,323.3330000366466,330.916717509028,0.5,22.09004,janaf_interp,1.4980358456074683e-07,7.583717472381394,15.167434944762787
398.0,323.80417113293043,331.3135048198332,0.5,22.10736,janaf_interp,1.4986570301466715e-07,7.5093336869027745,15.018667373805549
399.0,324.2727480132421,331.70840273493457,0.5,22.124679999999998,janaf_interp,1.4992687023492977e-07,7.435654721692482,14.871309443384964
400.0,324.73875000000004,332.1014377247598,0.5,22.142,janaf_interp,1.4998710040861703e-07,7.36268772475979,14.72537544951958
401.0,325.20219624280884,332.4311168879723,0.5,22.15522,janaf_interp,1.5004640752290985e-07,7.228920645163432,14.457841290326863
402.0,325.66310572013083,332.7589371502011,0.5,22.16844,janaf_interp,1.5010480536754103e-07,7.095831430070307,14.191662860140614
403.0,326.121497240944,333.0849250606279,0.5,22.18166,janaf_interp,1.5016230753723024e-07,6.963427819683878,13.926855639367757
404.0,326.5773894463851,333.40910681285663,0.5,22.19488,janaf_interp,1.502189274341004e-07,6.831717366471523,13.663434732943045
405.0,327.0308008113789,333.73150824896464,0.5,22.208099999999998,janaf_interp,1.5027467827007475e-07,6.700707437585731,13.401414875171461
406.0,327.4817496462524,334.05215486352955,0.5,22.22132,janaf_interp,1.503295730692549e-07,6.570405217277094,13.140810434554188
407.0,327.9302540983353,334.3710718076316,0.5,22.23454,janaf_interp,1.503836246702795e-07,6.440817709296322,12.881635418592644
408.0,328.37633215354583,334.68828389283175,0.5,22.24776,janaf_interp,1.504368457286629e-07,6.311951739285922,12.623903478571844
409.0,328.8200016379625,335.00381559512294,0.5,22.26098,janaf_interp,1.5048924871911431e-07,6.183813957160446,12.367627914320892
410.0,329.26128021938166,335.31769105885644,0.5,22.2742,janaf_interp,1.505408459378368e-07,6.056410839474799,12.112821678949597
411.0,329.70018540886053,335.62993410064064,0.5,22.28742,janaf_interp,1.5059164950480615e-07,5.929748691780127,11.859497383560255
412.0,330.1367345622466,335.94056821321306,0.5,22.30064,janaf_interp,1.506416713660294e-07,5.803833650966423,11.607667301932846
413.0,330.5709448816926,336.249616569284,0.5,22.31386,janaf_interp,1.50690923295783e-07,5.678671687591436,11.357343375182872
414.0,331.00283341715766,336.5571020253535,0.5,22.32708,janaf_interp,1.5073941689883027e-07,5.554268608195826,11.108537216391651
415.0,331.4324170678942,336.8630471254979,0.5,22.3403,janaf_interp,1.5078716361261843e-07,5.430630057603707,10.861260115207415
416.0,331.8597125839213,337.16747410512926,0.5,22.35352,janaf_interp,1.5083417470945482e-07,5.3077615212079445,10.615523042415889
417.0,332.28473656748395,337.47040489472425,0.5,22.36674,janaf_interp,1.5088046129866232e-07,5.185668327240281,10.371336654480562
418.0,332.70750547449876,337.7718611235242,0.5,22.37996,janaf_interp,1.5092603432871382e-07,5.0643556490254635,10.128711298050927
419.0,333.1280356159856,338.07186412320544,0.5,22.39318,janaf_interp,1.5097090458934613e-07,4.9438285072198305,9.887657014439661
420.0,333.54634315948607,338.3704349315182,0.5,22.4064,janaf_interp,1.5101508271365243e-07,4.824091772032138,9.648183544064276
421.0,333.96244413046793,338.66759429589706,0.5,22.41962,janaf_interp,1.510585791801543e-07,4.705150165429153,9.410300330858306
422.0,334.3763544137167,338.96336267703936,0.5,22.43284,janaf_interp,1.5110140431485242e-07,4.587008263322696,9.174016526645392
423.0,334.788089754713,339.257760252453,0.5,22.44606,janaf_interp,1.511435682932564e-07,4.469670497740072,8.939340995480144
424.0,335.1976657609973,339.55080691997364,0.5,22.45928,janaf_interp,1.5118508114239356e-07,4.353141158976342,8.706282317952684
425.0,335.60509790352125,339.84252230125054,0.5,22.4725,janaf_interp,1.51225952742797e-07,4.2374243977293125,8.474848795458625
426.0,336.01040151798554,340.13292574520096,0.5,22.48572,janaf_interp,1.512661928304724e-07,4.122524227215423,8.245048454430846
427.0,336.41359180616485,340.42203633143316,0.5,22.49894,janaf_interp,1.51305810998844e-07,4.008444525268311,8.016889050536623
428.0,336.8146838372204,340.70987287363766,0.5,22.51216,janaf_interp,1.5134481670067985e-07,3.8951890364173067,7.7903780728346135
429.0,337.21369254899867,340.99645392294775,0.5,22.525380000000002,janaf_interp,1.513832192499961e-07,3.7827613739490666,7.565522747898133
430.0,337.6106327493177,341.28179777126667,0.5,22.5386,janaf_interp,1.5142102782394056e-07,3.6711650219489655,7.342330043897931
431.0,338.0055191172411,341.56592245456443,0.5,22.55182,janaf_interp,1.5145825146465537e-07,3.5604033373233466,7.120806674646693
432.0,338.3983662043388,341.84884575614217,0.5,22.56504,janaf_interp,1.5149489908111936e-07,3.450479551803389,6.900959103606778
433.0,338.78918843593556,342.13058520986465,0.5,22.57826,janaf_interp,1.5153097945096949e-07,3.3413967739290698,6.6827935478581395
434.0,339.1780001123474,342.41115810336095,0.5,22.59148,janaf_interp,1.5156650122230193e-07,3.233157991013604,6.466315982027208
435.0,339.5648154101045,342.6905814811937,0.5,22.6047,janaf_interp,1.5160147291545285e-07,3.1257660710892474,6.251532142178495
436.0,339.9496483831636,342.96887214799534,0.5,22.61792,janaf_interp,1.5163590292475847e-07,3.019223764831716,6.038447529663432
437.0,340.3325129641071,343.24604667157394,0.5,22.631140000000002,janaf_interp,1.5166979952029546e-07,2.913533707466853,5.827067414933706
438.0,340.7134229653298,343.5221213859862,0.5,22.64436,janaf_interp,1.5170317084960062e-07,2.8086984206563805,5.617396841312761
439.0,341.0923920802151,343.79711239457924,0.5,22.65758,janaf_interp,1.5173602493937096e-07,2.7047203143641263,5.409440628728253
440.0,341.46943388429753,344.0710355730002,0.5,22.6708,janaf_interp,1.5176836969714356e-07,2.601601688702679,5.203203377405358
441.0,341.8445618364156,344.343906572175,0.5,22.68402,janaf_interp,1.518002129129559e-07,2.499344735759383,4.998689471518766
442.0,342.2177892798508,344.61574082125463,0.5,22.69724,janaf_interp,1.5183156226098618e-07,2.3979515414037773,4.795903082807555
443.0,342.58912944345695,344.88655353053065,0.5,22.71046,janaf_interp,1.5186242530117428e-07,2.2974240870737352,4.5948481741474705
444.0,342.95859544277664,345.1563596943194,0.5,22.72368,janaf_interp,1.5189280948082327e-07,2.1977642515427975,4.395528503085595
445.0,343.3262002811471,345.4251740938145,0.5,22.736900000000002,janaf_interp,1.5192272213618148e-07,2.0989738126673916,4.197947625334783
446.0,343.691956850795,345.6930112999083,0.5,22.750120000000003,janaf_interp,1.519521704940054e-07,2.0010544491132514,4.002108898226503
447.0,344.05587793391913,345.9598856759827,0.5,22.76334,janaf_interp,1.5198116167310367e-07,1.904007742063588,3.808015484127176
448.0,344.4179762037628,346.2258113806694,0.5,22.77656,janaf_interp,1.5200970268586187e-07,1.8078351769065908,3.6156703538131816
449.0,344.7782642256753,346.490802370578,0.5,22.78978,janaf_interp,1.520378004397489e-07,1.71253814490277,3.42507628980554
450.0,345.1367544581618,346.7548724029954,0.5,22.803,janaf_interp,1.5206546173880428e-07,1.6181179448335774,3.236235889667155
451.0,345.4934592539236,346.9772741967526,0.5,22.81354,janaf_interp,1.5209269328510728e-07,1.4838149428289982,2.9676298856579963
452.0,345.8483908608862,347.19876759096496,0.5,22.824080000000002,janaf_interp,1.521195016802276e-07,1.3503767300787926,2.700753460157585
453.0,346.2015614232179,347.41936609582297,0.5,22.83462,janaf_interp,1.5214589342665783e-07,1.2178046726050225,2.435609345210045
454.0,346.55298298233845,347.63908302581973,0.5,22.84516,janaf_interp,1.5217187492922777e-07,1.086100043481267,2.172200086962534
455.0,346.9026674779152,347.8579315024278,0.5,22.8557,janaf_interp,1.52197452496501e-07,0.9552640245125429,1.9105280490250858
456.0,347.25062674885123,348.07592445674476,0.5,22.86624,janaf_interp,1.5222263234215365e-07,0.8252977078935407,1.6505954157870815
457.0,347.5968725342621,348.29307463210665,0.5,22.87678,janaf_interp,1.5224742058633544e-07,0.6962020978445423,1.3924041956890847
458.0,347.94141647444263,348.50939458667057,0.5,22.88732,janaf_interp,1.5227182325701332e-07,0.5679781122279405,1.135956224455881
459.0,348.284270111824,348.7248966959665,0.5,22.89786,janaf_interp,1.5229584629129818e-07,0.44062658414252465,0.8812531682850493
460.0,348.6254448919208,348.9395931554169,0.5,22.9084,janaf_interp,1.523194955367537e-07,0.3141482634961245,0.628296526992249
461.0,348.96495216426797,349.1534959828274,0.5,22.91894,janaf_interp,1.52342776752689e-07,0.18854381855940713,0.37708763711881427
462.0,349.30280318334866,349.3666170208459,0.5,22.92948,janaf_interp,1.5236569561143378e-07,0.06381383749722806,0.12762767499445613
463.0,349.639009109512,349.5789679393921,0.5,22.94002,janaf_interp,1.5238825769959753e-07,-0.06004117011992325,-0.1200823402398465
464.0,349.9735810098815,349.7905602380569,0.5,22.95056,janaf_interp,1.5241046851931148e-07,-0.1830207718245949,-0.3660415436491898
465.0,350.3065298592541,350.0014052484721,0.5,22.961100000000002,janaf_interp,1.524323334894548e-07,-0.30512461078200787,-0.6102492215640157
466.0,350.6378665409895,350.2115141366508,0.5,22.97164,janaf_interp,1.524538579468644e-07,-0.4263524043387077,-0.8527048086774154
467.0,350.96760184789105,350.4208979052989,0.5,22.98218,janaf_interp,1.524750471475286e-07,-0.5467039425921373,-1.0934078851842746
468.0,351.2957464830768,350.62956739609706,0.5,22.99272,janaf_interp,1.5249590626776524e-07,-0.6661790869797344,-1.3323581739594688
469.0,351.62231106084147,350.83753329195497,0.5,23.00326,janaf_interp,1.5251644040538382e-07,-0.7847777688865364,-1.5695555377730728
470.0,351.9473061075099,351.0448061192357,0.5,23.0138,janaf_interp,1.5253665458083225e-07,-0.9024999882741724,-1.8049999765483449
471.0,352.2707420622818,351.251396249954,0.5,23.02434,janaf_interp,1.525565537383282e-07,-1.0193458123278138,-2.0386916246556277
472.0,352.5926292780664,351.4573139039446,0.5,23.03488,janaf_interp,1.525761427469753e-07,-1.1353153741218,-2.2706307482436
473.0,352.9129780223104,351.6625691510048,0.5,23.04542,janaf_interp,1.5259542640186415e-07,-1.2504088713056363,-2.5008177426112725
474.0,353.2317984778156,351.86717191300806,0.5,23.05596,janaf_interp,1.5261440942515865e-07,-1.3646265648074831,-2.7292531296149662
475.0,353.54910074354865,352.0711319659917,0.5,23.066499999999998,janaf_interp,1.5263309646716743e-07,-1.4779687775569579,-2.9559375551139158
476.0,353.8648948354429,352.2744589422172,0.5,23.07704,janaf_interp,1.5265149210740078e-07,-1.5904358932256806,-3.180871786451361
477.0,354.1791906871908,352.4771623322038,0.5,23.08758,janaf_interp,1.5266960085561321e-07,-1.7020283549869646,-3.404056709973929
478.0,354.4919981510292,352.6792514867365,0.5,23.098119999999998,janaf_interp,1.5268742715283173e-07,-1.8127466642926577,-3.6254933285853155
479.0,354.80332699851544,352.8807356188472,0.5,23.10866,janaf_interp,1.5270497537237004e-07,-1.9225913796681966,-3.845182759336393
480.0,355.11318692129635,353.0816238057705,0.5,23.1192,janaf_interp,1.527222498208288e-07,-2.0315631155258274,-4.063126231051655
481.0,355.42158753186794,353.2819249908741,0.5,23.129739999999998,janaf_interp,1.5273925473908227e-07,-2.1396625409938808,-4.2793250819877615
482.0,355.728538364329,353.48164798556326,0.5,23.14028,janaf_interp,1.5275599430325098e-07,-2.2468903787657375,-4.493780757531475
483.0,356.0340488751248,353.68080147116126,0.5,23.15082,janaf_interp,1.5277247262566131e-07,-2.353247403963577,-4.706494807927154
484.0,356.33812844378497,353.8793940007645,0.5,23.16136,janaf_interp,1.5278869375579175e-07,-2.4587344430205054,-4.917468886041011
485.0,356.6407863736519,354.07743400107296,0.5,23.1719,janaf_interp,1.5280466168120567e-07,-2.5633523725789464,-5.126704745157893
486.0,356.94203189260344,354.27492977419695,0.5,23.18244,janaf_interp,1.5282038032847145e-07,-2.6671021184064823,-5.3342042368129645
487.0,357.24187415376605,354.4718894994398,0.5,23.19298,janaf_interp,1.5283585356406974e-07,-2.769984654326262,-5.539969308652524
488.0,357.5403222362225,354.66832123505645,0.5,23.203519999999997,janaf_interp,1.5285108519528783e-07,-2.872001001166046,-5.744002002332092
489.0,357.83738514571036,354.86423291998926,0.5,23.21406,janaf_interp,1.5286607897110168e-07,-2.973152225721098,-5.946304451442196
490.0,358.1330718153151,355.0596323755797,0.5,23.2246,janaf_interp,1.5288083858304547e-07,-3.0734394397353335,-6.146878879470667
491.0,358.4273911061541,355.25452730725857,0.5,23.235139999999998,janaf_interp,1.52895367666069e-07,-3.17286379889555,-6.3457275977911
492.0,358.72035180805506,355.4489253062119,0.5,23.24568,janaf_interp,1.529096697993829e-07,-3.2714265018431536,-6.542853003686307
493.0,359.01196264022656,355.6428338510255,0.5,23.25622,janaf_interp,1.5292374850729204e-07,-3.369128789201044,-6.738257578402088
494.0,359.3022322519217,355.8362603093073,0.5,23.266759999999998,janaf_interp,1.52937607260017e-07,-3.4659719426143925,-6.931943885228785
495.0,359.5911692230952,356.02921193928717,0.5,23.277299999999997,janaf_interp,1.52951249474504e-07,-3.5619572838080633,-7.123914567616127
496.0,359.87878206505326,356.2216958913958,0.5,23.28784,janaf_interp,1.5296467851522332e-07,-3.6570861736574627,-7.314172347314925
497.0,360.16507922109696,356.4137192098215,0.5,23.298379999999998,janaf_interp,1.5297789769495629e-07,-3.751360011275433,-7.502720022550866
498.0,360.4500690671592,356.60528883404675,0.5,23.308919999999997,janaf_interp,1.5299091027557123e-07,-3.844780233112455,-7.68956046622491
499.0,360.73375991243375,356.7964116003625,0.5,23.31946,janaf_interp,1.5300371946878808e-07,-3.937348312071283,-7.874696624142566
500.0,361.01616000000007,356.98709424336323,0.5,23.33,janaf_interp,1.530163284369324e-07,-4.0290657566368315,-8.058131513273663
501.0,361.29727750743905,357.1421467871529,0.5,23.33824,janaf_interp,1.5302874029367807e-07,-4.1551307202861665,-8.310261440572333
502.0,361.5771205474447,357.29676675740876,0.5,23.34648,janaf_interp,1.5304095810478015e-07,-4.280353790035902,-8.560707580071805
503.0,361.8556971684276,357.4509607242068,0.5,23.354719999999997,janaf_interp,1.530529848887963e-07,-4.404736444220731,-8.809472888441462
504.0,362.1330153551133,357.6047351589682,0.5,23.362959999999998,janaf_interp,1.5306482361779854e-07,-4.528280196145099,-9.056560392290198
505.0,362.40908302913425,357.7580964359055,0.5,23.371199999999998,janaf_interp,1.530764772180742e-07,-4.650986593228765,-9.30197318645753
506.0,362.68390804961535,357.91105083345076,0.5,23.37944,janaf_interp,1.5308794857081727e-07,-4.772857216164594,-9.545714432329188
507.0,362.9574982137536,358.0636045356623,0.5,23.38768,janaf_interp,1.5309924051280945e-07,-4.893893678091256,-9.787787356182513
508.0,363.2298612573918,358.2157636336121,0.5,23.395919999999997,janaf_interp,1.531103558370913e-07,-5.014097623779745,-10.02819524755949
509.0,363.5010048555864,358.36753412675404,0.5,23.404159999999997,janaf_interp,1.531212972936239e-07,-5.133470728832371,-10.266941457664743
510.0,363.77093662316906,358.51892192427266,0.5,23.412399999999998,janaf_interp,1.5313206758994066e-07,-5.252014698896427,-10.504029397792854
511.0,364.0396641153031,358.66993284641285,0.5,23.42064,janaf_interp,1.5314266939178982e-07,-5.3697312688902485,-10.739462537780497
512.0,364.30719482803346,358.82057262579127,0.5,23.42888,janaf_interp,1.5315310532376763e-07,-5.486622202242199,-10.973244404484397
513.0,364.5735361988317,358.97084690868894,0.5,23.43712,janaf_interp,1.531633779699421e-07,-5.602689290142697,-11.205378580285394
514.0,364.83869560713475,359.12076125632547,0.5,23.445359999999997,janaf_interp,1.531734898744679e-07,-5.717934350809291,-11.435868701618581
515.0,365.1026803748787,359.2703211461157,0.5,23.453599999999998,janaf_interp,1.531834435421921e-07,-5.83235922876299,-11.66471845752598
516.0,365.3654977670264,359.4195319729077,0.5,23.46184,janaf_interp,1.5319324143925103e-07,-5.94596579411867,-11.89193158823734
517.0,365.6271549920904,359.5683990502048,0.5,23.47008,janaf_interp,1.5320288599365864e-07,-6.0587559418856705,-12.117511883771341
518.0,365.8876592026501,359.71692761136825,0.5,23.47832,janaf_interp,1.5321237959588602e-07,-6.170731591281833,-12.341463182563666
519.0,366.14701749586345,359.8651228108043,0.5,23.486559999999997,janaf_interp,1.5322172459943232e-07,-6.281894685059172,-12.563789370118345
520.0,366.4052369139736,360.01298972513393,0.5,23.494799999999998,janaf_interp,1.532309233213877e-07,-6.392247188839718,-12.784494377679437
521.0,366.6623244448105,360.1605333543455,0.5,23.50304,janaf_interp,1.532399780429874e-07,-6.5017910904650424,-13.003582180930085
522.0,366.91828702228696,360.3077586229316,0.5,23.51128,janaf_interp,1.5324889101015836e-07,-6.610528399355386,-13.221056798710771
523.0,367.1731315268902,360.45467038100924,0.5,23.51952,janaf_interp,1.53257664434057e-07,-6.71846114588091,-13.43692229176182
524.0,367.42686478616747,360.60127340542425,0.5,23.527759999999997,janaf_interp,1.5326630049159984e-07,-6.825591380743235,-13.65118276148647
525.0,367.6794935752079,360.7475724008395,0.5,23.535999999999998,janaf_interp,1.5327480132598552e-07,-6.931921174368458,-13.863842348736917
526.0,367.93102461711817,360.8935720008078,0.5,23.54424,janaf_interp,1.5328316904720977e-07,-7.037452616310373,-14.074905232620747
527.0,368.18146458349435,361.0392767688296,0.5,23.55248,janaf_interp,1.5329140573257239e-07,-7.142187814664704,-14.284375629329409
528.0,368.4308200948883,361.1846911993951,0.5,23.56072,janaf_interp,1.5329951342717672e-07,-7.246128895493214,-14.492257790986429
529.0,368.6790977212695,361.3298197190113,0.5,23.568959999999997,janaf_interp,1.5330749414442187e-07,-7.349278002258219,-14.698556004516439
530.0,368.92630398248224,361.47466668721484,0.5,23.577199999999998,janaf_interp,1.5331534986648748e-07,-7.451637295267402,-14.903274590534805
531.0,369.172445348698,361.61923639756947,0.5,23.58544,janaf_interp,1.5332308254481134e-07,-7.5532089511284966,-15.106417902256993
532.0,369.41752824086336,361.76353307864997,0.5,23.59368,janaf_interp,1.5333069410055998e-07,-7.6539951622134055,-15.307990324426811
533.0,369.66155903114344,361.9075608950109,0.5,23.60192,janaf_interp,1.5333818642509207e-07,-7.753998136132538,-15.507996272265077
534.0,369.9045440433604,362.0513239481422,0.5,23.61016,janaf_interp,1.5334556138041515e-07,-7.853220095218159,-15.706440190436318
535.0,370.1464895534279,362.19482627741047,0.5,23.618399999999998,janaf_interp,1.5335282079963525e-07,-7.951663276017397,-15.903326552034795
536.0,370.38740178978134,362.338071860987,0.5,23.62664,janaf_interp,1.5335996648740025e-07,-8.049329928794318,-16.098659857588636
537.0,370.62728693380285,362.4810646167613,0.5,23.63488,janaf_interp,1.5336700022033593e-07,-8.146222317041568,-16.292444634083136
538.0,370.86615112024293,362.62380840324323,0.5,23.64312,janaf_interp,1.5337392374747634e-07,-8.242342716999676,-16.484685433999353
539.0,371.1040004376374,362.76630702045003,0.5,23.65136,janaf_interp,1.5338073879068688e-07,-8.337693417187388,-16.675386834374777
540.0,371.34084092872024,362.9085642107817,0.5,23.659599999999998,janaf_interp,1.5338744704508182e-07,-8.432276717938494,-16.86455343587699
541.0,371.5766785908319,363.0505836598838,0.5,23.667839999999998,janaf_interp,1.5339405017943496e-07,-8.526094930948123,-17.052189861896245
542.0,371.81151937632393,363.192368997496,0.5,23.67608,janaf_interp,1.5340054983658444e-07,-8.619150378827925,-17.23830075765585
543.0,372.04536919295964,363.3339237982907,0.5,23.68432,janaf_interp,1.5340694763383146e-07,-8.711445394668955,-17.42289078933791
544.0,372.27823390431007,363.4752515826971,0.5,23.69256,janaf_interp,1.5341324516333277e-07,-8.802982321612905,-17.60596464322581
545.0,372.5101193301463,363.6163558177151,0.5,23.700799999999997,janaf_interp,1.5341944399248767e-07,-8.893763512431219,-17.787527024862438
546.0,372.7410312468284,363.75723991771605,0.5,23.709039999999998,janaf_interp,1.534255456643188e-07,-8.983791329112329,-17.967582658224657
547.0,372.9709753876894,363.8979072452322,0.5,23.71728,janaf_interp,1.534315516978474e-07,-9.073068142457194,-18.146136284914387
548.0,373.199957443416,364.0383611117347,0.5,23.72552,janaf_interp,1.5343746358846284e-07,-9.161596331681372,-18.323192663362743
549.0,373.42798306242577,364.17860477840014,0.5,23.73376,janaf_interp,1.5344328280828664e-07,-9.249378284025632,-18.498756568051263
550.0,373.65505785123975,364.31864145686575,0.5,23.741999999999997,janaf_interp,1.5344901080653095e-07,-9.336416394373991,-18.672832788747982
551.0,373.8811873748518,364.4584743099737,0.5,23.750239999999998,janaf_interp,1.534546490098516e-07,-9.422713064878048,-18.845426129756095
552.0,374.1063771570947,364.5981064525045,0.5,23.75848,janaf_interp,1.5346019882269595e-07,-9.50827070459022,-19.01654140918044
553.0,374.33063268100125,364.7375409518987,0.5,23.76672,janaf_interp,1.534656616276452e-07,-9.59309172910253,-19.18618345820506
554.0,374.5539593891634,364.8767808289699,0.5,23.77496,janaf_interp,1.5347103878575185e-07,-9.677178560193518,-19.354357120387036
555.0,374.7763626840866,365.0158290586053,0.5,23.7832,janaf_interp,1.5347633163687195e-07,-9.760533625481335,-19.52106725096267
556.0,374.9978479285409,365.15468857045687,0.5,23.791439999999998,janaf_interp,1.5348154149999198e-07,-9.843159358084005,-19.68631871616801
557.0,375.218420445909,365.29336224962276,0.5,23.79968,janaf_interp,1.534866696735514e-07,-9.925058196286198,-19.850116392572396
558.0,375.4380855205301,365.4318529373175,0.5,23.80792,janaf_interp,1.5349171743575985e-07,-10.006232583212572,-20.012465166425145
559.0,375.6568483980413,365.57016343153333,0.5,23.81616,janaf_interp,1.5349668604490957e-07,-10.086684966507935,-20.17336993301587
560.0,375.8747142857143,365.708296487691,0.5,23.8244,janaf_interp,1.5350157673968324e-07,-10.16641779802333,-20.33283559604666
561.0,376.0916883527901,365.84625481928174,0.5,23.832639999999998,janaf_interp,1.535063907394572e-07,-10.245433533508361,-20.490867067016723
562.0,376.3077757308092,365.98404109849906,0.5,23.84088,janaf_interp,1.5351112924459966e-07,-10.323734632310142,-20.647469264620284
563.0,376.5229815139399,366.12165795686195,0.5,23.84912,janaf_interp,1.5351579343676494e-07,-10.401323557077953,-20.802647114155906
564.0,376.7373107593016,366.2591079858274,0.5,23.85736,janaf_interp,1.5352038447918272e-07,-10.478202773474132,-20.956405546948265
565.0,376.9507684872863,366.39639373739607,0.5,23.8656,janaf_interp,1.5352490351694324e-07,-10.554374749890247,-21.108749499780494
566.0,377.16335968187684,366.53351772470654,0.5,23.873839999999998,janaf_interp,1.5352935167727796e-07,-10.629841957170322,-21.259683914340645
567.0,377.37508929096094,366.670482422623,0.5,23.88208,janaf_interp,1.5353373006983607e-07,-10.704606868337923,-21.409213736675845
568.0,377.58596222664295,366.80729026831267,0.5,23.89032,janaf_interp,1.5353803978695668e-07,-10.778671958330273,-21.557343916660546
569.0,377.7959833655529,366.94394366181496,0.5,23.89856,janaf_interp,1.5354228190393688e-07,-10.852039703737923,-21.704079407475845
570.0,378.0051575491514,367.08044496660295,0.5,23.9068,janaf_interp,1.5354645747929582e-07,-10.924712582548475,-21.84942516509695
571.0,378.21348958403274,367.2167965101354,0.5,23.915039999999998,janaf_interp,1.5355056755503458e-07,-10.996693073897388,-21.993386147794777
572.0,378.42098424222365,367.35300058440157,0.5,23.92328,janaf_interp,1.535546131568922e-07,-11.067983657822086,-22.135967315644173
573.0,378.6276462614807,367.48905944645725,0.5,23.93152,janaf_interp,1.5355859529459779e-07,-11.138586815023473,-22.277173630046946
574.0,378.8334803455835,367.624975318953,0.5,23.93976,janaf_interp,1.5356251496211867e-07,-11.208505026630498,-22.417010053260995
575.0,379.0384911646256,367.7607503906546,0.5,23.948,janaf_interp,1.535663731379049e-07,-11.277740773970995,-22.55548154794199
576.0,379.2426833553027,367.89638681695584,0.5,23.95624,janaf_interp,1.5357017078512982e-07,-11.34629653834684,-22.69259307669368
577.0,379.4460615211971,368.0318867203834,0.5,23.96448,janaf_interp,1.5357390885192727e-07,-11.414174800813758,-22.828349601627515
578.0,379.64863023306117,368.16725219109435,0.5,23.97272,janaf_interp,1.5357758827162474e-07,-11.481378041966815,-22.96275608393363
579.0,379.8503940290958,368.3024852873666,0.5,23.98096,janaf_interp,1.5358120996297338e-07,-11.547908741729168,-23.095817483458337
580.0,380.0513574152282,368.4375880360809,0.5,23.9892,janaf_interp,1.5358477483037404e-07,-11.613769379147339,-23.227538758294678
581.0,380.25152486538536,368.5725624331971,0.5,23.99744,janaf_interp,1.535882837641003e-07,-11.678962432188262,-23.357924864376525
582.0,380.4509008217661,368.70741044422226,0.5,24.005679999999998,janaf_interp,1.535917376405177e-07,-11.743490377543834,-23.486980755087668
583.0,380.6494896951097,368.84213400467223,0.5,24.01392,janaf_interp,1.5359513732229984e-07,-11.807355690437493,-23.614711380874986
584.0,380.8472958649622,368.976735020526,0.5,24.02216,janaf_interp,1.5359848365864104e-07,-11.870560844436136,-23.741121688872273
585.0,381.04432367994013,369.11121536867387,0.5,24.0304,janaf_interp,1.5360177748546586e-07,-11.933108311266263,-23.866216622532527
586.0,381.2405774579917,369.24557689735803,0.5,24.03864,janaf_interp,1.5360501962563523e-07,-11.995000560633702,-23.990001121267404
587.0,381.43606148665503,369.37982142660724,0.5,24.046879999999998,janaf_interp,1.5360821088914957e-07,-12.05624006004779,-24.11248012009558
588.0,381.63078002331486,369.5139507486649,0.5,24.05512,janaf_interp,1.536113520733486e-07,-12.116829274649984,-24.233658549299967
589.0,381.8247372954556,369.64796662841024,0.5,24.06336,janaf_interp,1.5361444396310834e-07,-12.176770667045304,-24.353541334090608
590.0,382.01793750091304,369.78187080377404,0.5,24.0716,janaf_interp,1.5361748733103494e-07,-12.236066697139021,-24.472133394278043
591.0,382.21038480812246,369.9156649861472,0.5,24.07984,janaf_interp,1.5362048293765538e-07,-12.294719821975256,-24.589439643950513
592.0,382.40208335636584,370.0493508607835,0.5,24.08808,janaf_interp,1.5362343153160545e-07,-12.352732495582393,-24.705464991164785
593.0,382.5930372560151,370.18293008719706,0.5,24.09632,janaf_interp,1.5362633384981486e-07,-12.410107168818035,-24.82021433763607
594.0,382.78325058877425,370.31640429955263,0.5,24.10456,janaf_interp,1.536291906176892e-07,-12.466846289221621,-24.933692578443242
595.0,382.9727274079182,370.44977510705087,0.5,24.1128,janaf_interp,1.5363200254928953e-07,-12.522952300867418,-25.045904601734836
596.0,383.16147173853045,370.5830440943072,0.5,24.12104,janaf_interp,1.536347703475087e-07,-12.57842764422332,-25.15685528844664
597.0,383.34948757773736,370.71621282172583,0.5,24.12928,janaf_interp,1.5363749470424554e-07,-12.633274756011563,-25.266549512023126
598.0,383.53677889494105,370.84928282586725,0.5,24.13752,janaf_interp,1.5364017630057575e-07,-12.68749606907378,-25.37499213814756
599.0,383.7233496320492,370.98225561981104,0.5,24.14576,janaf_interp,1.5364281580692058e-07,-12.741094012238113,-25.482188024476226
600.0,383.9092037037037,371.11513269351207,0.5,24.154,janaf_interp,1.5364541388321275e-07,-12.794071010191644,-25.588142020383287
