candidate_id,gain,sat_mev,blend,sign_blend,holdout_p95_abs_z_qbeta,holdout_p95_abs_z_logft,delta_holdout_p95_abs_z_logft_vs_pre,logft_constraint_pass,delta_n_qbeta_gt3_holdout_vs_pre,delta_top_priority_q_gt3_vs_pre,qfail_constraint_pass,top_priority_constraint_pass,all_constraints_pass,holdout_max_abs_z_qbeta,train_p95_abs_z_qbeta,overfit_gap_qbeta,overfit_guard_pass,hard_fail_count,watch_fail_count,n_qbeta_gt3_holdout,n_logft_gt3_holdout,top_priority_class_after,top_priority_q_gt3_after,n_target_rows,n_changed_rows,mapping_delta_abs_median_mev,mapping_delta_abs_p95_mev,is_pareto_front,norm_holdout_p95_abs_z_qbeta,norm_holdout_p95_abs_z_logft,norm_overfit_gap_qbeta,norm_n_qbeta_gt3_holdout,score_weighted,rank_weighted,rank_constrained
lcand_0000,0.6,3.0,0.4,0.0,6391.63136947094,14.99599069625043,5.332309825965448,False,-2,0,True,True,False,298520.1698541509,3894.0372075490204,2497.5941619219193,False,3,3,1242,88,beta_minus|sigma_low|mode_inconsistent,109,2695,2695,0.4135471619621198,2.3743237542044096,True,0.0,0.6507328163767838,0.0,0.5714285714285714,0.22379127348446373,10,
lcand_0001,0.6,3.0,0.4,0.1,6822.870685586709,11.48857131435153,1.824890444066547,False,-4,0,True,True,False,303107.71288071404,3932.432586552107,2890.4380990346026,False,3,3,1240,199,beta_minus|sigma_low|mode_inconsistent,109,2695,2695,0.49135989612372866,2.7689792419193453,False,0.6962138211953012,0.2416225440683011,0.5788055315290508,0.2857142857142857,0.5158298033499003,24,
lcand_0002,0.6,3.0,0.6,0.0,6973.11619385331,12.688569472313212,3.024888602028229,False,-4,0,True,True,False,296791.1624392753,3869.7232930149125,3103.392900838397,False,3,3,1240,191,beta_minus|sigma_low|mode_inconsistent,109,2695,2695,0.6203207429431796,3.5614856313066148,False,0.938777510354938,0.38159199730990156,0.8925673224214815,0.2857142857142857,0.7297266576227031,57,
lcand_0003,0.6,3.0,0.6,0.1,6973.099579110357,11.500948968574205,1.837268098289222,False,-4,0,True,True,False,300966.761655784,3962.636884757169,3010.462694353188,False,3,3,1240,217,beta_minus|sigma_low|mode_inconsistent,109,2695,2695,0.707760138173795,4.07398503099252,False,0.938750686702161,0.2430662908627997,0.75564649336374,0.2857142857142857,0.6607727092332746,42,
lcand_0004,0.6,3.0,0.8,0.0,6987.785688423169,10.986401749308015,1.3227208790230325,False,-4,0,True,True,False,294262.03021563456,3821.1883890088498,3166.597299414319,False,3,3,1240,212,beta_minus|sigma_low|mode_inconsistent,109,2695,2695,0.8270943239242396,4.74864750840882,False,0.9624606591027751,0.18304878794428756,0.985690957678749,0.2857142857142857,0.6994458388009991,51,
lcand_0005,0.6,3.0,0.8,0.1,6954.375786021476,9.96591931992605,0.3022384496410666,False,-6,0,True,True,False,297835.04474022635,3942.1953535041976,3012.180432517279,False,3,3,1238,210,beta_minus|sigma_low|mode_inconsistent,109,2695,2695,0.911267398334646,5.17211292779498,False,0.9085220803424846,0.0640182988259743,0.7581773618770783,0.0,0.579675898177326,29,
lcand_0006,0.6,5.0,0.4,0.0,6482.188257379518,11.418376178437873,1.7546953081528898,False,-1,0,True,True,False,298819.12522357935,3888.9723406515977,2593.2159167279206,False,3,3,1243,59,beta_minus|sigma_low|mode_inconsistent,109,2695,2695,0.3706156694429257,1.99082160766987,False,0.14619946421921462,0.23343488583827224,0.14088648286902944,0.7142857142857143,0.19971180693821985,8,
lcand_0007,0.6,5.0,0.4,0.1,6824.27733525282,13.655145952699424,3.9914650824144413,False,-3,0,True,True,False,303471.27866141155,3929.1322755904503,2895.14505966237,False,3,3,1241,185,beta_minus|sigma_low|mode_inconsistent,109,2695,2695,0.4351191912327832,2.3603600883273708,False,0.6984847851416014,0.49433482160361086,0.5857406388087126,0.42857142857142855,0.6011952989851179,31,
lcand_0008,0.6,5.0,0.6,0.0,6980.973665437271,15.267085638811196,5.603404768526213,False,-3,0,True,True,False,297456.02853332565,3897.171519373797,3083.802146063474,False,3,3,1241,140,beta_minus|sigma_low|mode_inconsistent,109,2695,2695,0.5559235041643884,2.986232411504805,False,0.9514629963761955,0.6823537073215223,0.8637028392022787,0.42857142857142855,0.8270335998347719,68,
lcand_0009,0.6,5.0,0.6,0.1,6990.6290788068,10.7719598474003,1.108278977115317,False,-3,0,True,True,False,301778.701132832,3951.427737307117,3039.201341499683,False,3,3,1241,202,beta_minus|sigma_low|mode_inconsistent,109,2695,2695,0.6299008913628059,3.4828449134808706,False,0.9670511674589437,0.15803598641374528,0.7979892314477482,0.42857142857142855,0.6636102389987694,44,
lcand_0010,0.6,5.0,0.8,0.0,6984.195964853741,10.855564118191499,1.1918832479065156,False,-5,0,True,True,False,295642.34766076703,3877.957386795812,3106.2385780579293,False,3,3,1239,197,beta_minus|sigma_low|mode_inconsistent,109,2695,2695,0.7412313388858514,3.9816432153397403,False,0.9566652339875128,0.16778770477570001,0.8967600655441507,0.14285714285714285,0.6673305369787781,45,
lcand_0011,0.6,5.0,0.8,0.1,6984.179149925999,10.687656433183818,1.0239755628988352,False,-4,0,True,True,False,299526.61612153356,3957.9295890636918,3026.249560862307,False,3,3,1240,218,beta_minus|sigma_low|mode_inconsistent,109,2695,2695,0.8270946089613491,4.500037345510853,False,0.9566380871466308,0.1482027189907982,0.7789064314657448,0.2857142857142857,0.6450149554920865,37,
lcand_0012,0.6,8.0,0.4,0.0,6599.710918177756,10.844274879812474,1.180594009527491,False,-1,0,True,True,False,299508.4796385854,3885.7186670874744,2713.9922510902816,False,3,3,1243,56,beta_minus|sigma_low|mode_inconsistent,109,2695,2695,0.3534181756805985,1.6532292707558511,False,0.33593378967068804,0.16647091231819305,0.3188350364868619,0.7142857142857143,0.3005927720589256,15,
lcand_0013,0.6,8.0,0.4,0.1,6824.653200038875,12.694454543188625,3.030773672903642,False,-3,0,True,True,False,304324.86249452364,3927.624056665227,2897.0291433736484,False,3,3,1241,164,beta_minus|sigma_low|mode_inconsistent,109,2695,2695,0.4126417030977585,1.9738617963494478,False,0.6990915996160076,0.3822784401575463,0.5885165963097163,0.42857142857142855,0.5684066425649821,28,
lcand_0014,0.6,8.0,0.6,0.0,6498.568125367681,15.27014599317739,5.606465122892407,False,-1,0,True,True,False,298675.3243190938,3882.9734382811207,2615.5946870865605,False,3,3,1243,108,beta_minus|sigma_low|mode_inconsistent,109,2695,2695,0.5301272635208976,2.4798439061337767,False,0.17264392337806372,0.6827106713089416,0.17385875213096724,0.7142857142857143,0.35298900305329034,17,
lcand_0015,0.6,8.0,0.6,0.1,6824.559938246998,10.475351692493412,0.8116708222084288,False,-4,0,True,True,False,303288.693051887,3928.3566971278415,2896.2032411191567,False,3,3,1240,197,beta_minus|sigma_low|mode_inconsistent,109,2695,2695,0.5993226579317826,2.928368130047802,False,0.6989410332226671,0.12343919891547418,0.5872997344767056,0.2857142857142857,0.48330088580589786,21,
lcand_0016,0.6,8.0,0.8,0.0,6928.69483104749,14.576264403588315,4.912583533303332,False,-4,0,True,True,False,297613.22072289215,3896.2141577692446,3032.4806732782454,False,3,3,1240,183,beta_minus|sigma_low|mode_inconsistent,109,2695,2695,0.7068363513611966,3.3064585415117023,False,0.8670614919262287,0.6017753581463219,0.7880871823777535,0.2857142857142857,0.7426134295719644,59,
lcand_0017,0.6,8.0,0.8,0.1,6952.392586216829,10.90243261364991,1.2387517433649275,False,-3,0,True,True,False,301967.78243509127,3947.71340504154,3004.6791811752887,False,3,3,1241,209,beta_minus|sigma_low|mode_inconsistent,109,2695,2695,0.7848687105684586,3.8371382708801174,False,0.9053203056837549,0.17325451123706445,0.7471252229487174,0.42857142857142855,0.630224106947124,33,
lcand_0018,0.6,12.0,0.4,0.0,6472.006007352132,10.605103971120826,0.9414231008358431,False,0,0,True,True,False,300045.96476722026,3882.1951591169986,2589.810848235133,False,3,3,1244,55,beta_minus|sigma_low|mode_inconsistent,109,2695,2695,0.3469297239809426,1.453359428139258,False,0.12976074229611975,0.13857368506100284,0.13586954791682895,0.8571428571428571,0.16999549199206337,5,
lcand_0019,0.6,12.0,0.4,0.1,6824.74353778357,13.309162472216718,3.645481601931735,False,-4,0,True,True,False,304992.7280740774,3927.036488185777,2897.707049597793,False,3,3,1240,161,beta_minus|sigma_low|mode_inconsistent,109,2695,2695,0.4031818823128148,1.7334213290296858,False,0.6992374452847158,0.4539788274943793,0.5895154048321963,0.2857142857142857,0.5830392938785894,30,
lcand_0020,0.6,12.0,0.6,0.0,6548.885213278564,16.084733146402307,6.421052276117324,False,-1,0,True,True,False,299587.5916062946,3884.380416118354,2664.5047971602103,False,3,3,1243,94,beta_minus|sigma_low|mode_inconsistent,109,2695,2695,0.5203945859714136,2.1800391422088863,False,0.2538782884665457,0.7777252492047888,0.2459215729712007,0.7142857142857143,0.4324614048799081,19,
lcand_0021,0.6,12.0,0.6,0.1,6824.712367703978,11.118500858876715,1.4548199885917317,False,-4,0,True,True,False,304422.27379357547,3927.3627894545307,2897.3495782494474,False,3,3,1240,197,beta_minus|sigma_low|mode_inconsistent,109,2695,2695,0.5895600283450939,2.550393078905459,False,0.6991871227853317,0.1984570117130973,0.5889887163072157,0.2857142857142857,0.5062547663144858,23,
lcand_0022,0.6,12.0,0.8,0.0,6555.795188685237,13.021252477545575,3.357571607260592,False,-3,0,True,True,False,299013.1349874256,3885.743211437669,2670.051977247568,False,3,3,1241,162,beta_minus|sigma_low|mode_inconsistent,109,2695,2695,0.6938594479618849,2.9067188562785153,False,0.2650340903669312,0.42039660549716956,0.2540946366629781,0.42857142857142855,0.3176318210754369,16,
lcand_0023,0.6,12.0,0.8,0.1,6824.673319385412,10.568250888234337,0.9045700179493537,False,-3,0,True,True,False,303707.34954954963,3927.771696325473,2896.9016230599386,False,3,3,1241,205,beta_minus|sigma_low|mode_inconsistent,109,2695,2695,0.7710748230231299,3.3627139331973015,False,0.6991240812720362,0.13427509024428144,0.5883287113610519,0.42857142857142855,0.49398267734648255,22,
lcand_0024,0.8,3.0,0.4,0.0,6739.32504977625,11.786662333571236,2.122981463286253,False,-2,0,True,True,False,297976.08629341226,3884.7280530965163,2854.596996679734,False,3,3,1242,57,beta_minus|sigma_low|mode_inconsistent,109,2695,2695,0.2667369126441048,2.137110067247472,False,0.5613336649152652,0.27639229492132367,0.5259982298520329,0.5714285714285714,0.4692889122301016,20,
lcand_0025,0.8,3.0,0.4,0.1,6822.398508443983,15.802841408966241,6.139160538681258,False,-3,0,True,True,False,302433.99980587047,3933.8801306933856,2888.518377750597,False,3,3,1241,187,beta_minus|sigma_low|mode_inconsistent,109,2695,2695,0.33808669319606865,2.532652349748173,False,0.695451515346707,0.7448450050973551,0.5759770666013673,0.42857142857142855,0.6730306681840696,46,
lcand_0026,0.8,3.0,0.6,0.0,6985.503452243783,15.33904757345195,5.675366703166967,False,-3,0,True,True,False,296060.78119530104,3852.298134929414,3133.2053173143686,False,3,3,1241,131,beta_minus|sigma_low|mode_inconsistent,109,2695,2695,0.4001053689661571,3.2056651008712085,False,0.9587761055105096,0.6907474474110765,0.9364921229195239,0.42857142857142855,0.8474004777155285,70,
lcand_0027,0.8,3.0,0.6,0.1,6967.691851577904,10.806540116593869,1.1428592463088858,False,-3,0,True,True,False,300062.3620801302,3938.9752244811443,3028.71662709676,False,3,3,1241,204,beta_minus|sigma_low|mode_inconsistent,109,2695,2695,0.4866912878512266,3.7305991149357554,False,0.9300201871659334,0.1620694770819249,0.7825413394998232,0.42857142857142855,0.6450667666777836,38,
lcand_0028,0.8,3.0,0.8,0.0,6988.660030087086,11.079139673935536,1.4154588036505533,False,-4,0,True,True,False,293572.81528154924,3812.3509704776934,3176.3090596093925,False,3,3,1240,198,beta_minus|sigma_low|mode_inconsistent,109,2695,2695,0.5334738252882094,4.2742201344949455,False,0.9638722390031167,0.19386586838624714,1.0,0.2857142857142857,0.7061879823529909,54,
lcand_0029,0.8,3.0,0.8,0.1,7010.065270341261,12.19243810404263,2.5287572337576467,False,-5,0,True,True,False,296981.61939426436,3945.59227661276,3064.4729937285006,False,3,3,1239,228,beta_minus|sigma_low|mode_inconsistent,109,2695,2695,0.6294136599073878,4.7467120666300415,False,0.998429904675144,0.3237225448510771,0.835223793875836,0.14285714285714285,0.7205978364771622,56,
lcand_0030,0.8,5.0,0.4,0.0,6420.897481471372,10.13681786001744,0.4731369897324562,False,-1,0,True,True,False,298378.47431297397,3896.2610938612693,2524.6363876101027,False,3,3,1243,52,beta_minus|sigma_low|mode_inconsistent,109,2695,2695,0.20949492261851255,1.6257738718680859,False,0.047248641081419025,0.08395214210537655,0.03984327702297688,0.7142857142857143,0.09013047223713262,1,
lcand_0031,0.8,5.0,0.4,0.1,6824.159204299647,14.445056541087688,4.781375670802705,False,-2,0,True,True,False,302924.11674535857,3929.72756571332,2894.431638586327,False,3,3,1242,146,beta_minus|sigma_low|mode_inconsistent,109,2695,2695,0.26976181279072575,1.9886335616398116,False,0.6982940687592205,0.5864710906744394,0.5846895036730709,0.5714285714285714,0.6356829874500238,34,
lcand_0032,0.8,5.0,0.6,0.0,6981.2061155337815,11.21162817814638,1.5479473078613974,False,-2,-1,True,True,False,296911.47062357026,3900.2536147540854,3080.952500779696,False,3,3,1242,59,beta_minus|sigma_low|mode_inconsistent,108,2695,2695,0.3142423839277688,2.4386608078021292,False,0.9518382751689236,0.2093195116874075,0.8595042496420858,0.5714285714285714,0.6915953558320836,49,
lcand_0033,0.8,5.0,0.6,0.1,6988.69232933693,13.589848259593506,3.9261673893085227,False,-3,0,True,True,False,301102.5134329498,3953.379989046243,3035.312340290687,False,3,3,1241,192,beta_minus|sigma_low|mode_inconsistent,109,2695,2695,0.38296982099700605,2.9358305353493055,False,0.9639243844901243,0.48671840791052823,0.7922592832438019,0.42857142857142855,0.7596619234710462,62,
lcand_0034,0.8,5.0,0.8,0.0,6982.556863390446,16.43425724745267,6.7705763771676875,False,-2,0,True,True,False,295181.373379221,3873.0740571105134,3109.4828062799324,False,3,3,1242,117,beta_minus|sigma_low|mode_inconsistent,109,2695,2695,0.4189898452370251,3.2515477437361717,False,0.9540189885028331,0.8184942262187881,0.9015400228326336,0.5714285714285714,0.8837362458298667,71,
lcand_0035,0.8,5.0,0.8,0.1,6982.54003708893,10.940777593391008,1.277096723106025,False,-3,0,True,True,False,298954.21351167466,3959.5820294255436,3022.9580076633865,False,3,3,1241,204,beta_minus|sigma_low|mode_inconsistent,109,2695,2695,0.5001071687495339,3.8160297835270853,False,0.9539918232995758,0.17772712297676768,0.7740567468483367,0.42857142857142855,0.6588543781760782,40,
lcand_0036,0.8,8.0,0.4,0.0,6566.601607309196,10.542869723561463,0.8791888532764798,False,1,0,False,True,False,299235.7433854424,3887.2331812470993,2679.3684260620967,False,3,3,1245,52,beta_minus|sigma_low|mode_inconsistent,109,2695,2695,0.1865649309354096,1.1756507559827272,False,0.28248050056762536,0.1313145959149138,0.2678212379889128,1.0,0.27007485162768813,13,
lcand_0037,0.8,8.0,0.4,0.1,6824.622666026135,15.14113609400849,5.477455223723506,False,-2,0,True,True,False,303985.66932920355,3927.863897934023,2896.7587680921124,False,3,3,1242,122,beta_minus|sigma_low|mode_inconsistent,109,2695,2695,0.23351349775624985,1.4871014250384105,False,0.6990423040140263,0.6676627773354229,0.5881182327516786,0.5714285714285714,0.661062945128703,43,
lcand_0038,0.8,8.0,0.6,0.0,6459.195457025471,10.818659165190061,1.154978294905078,False,-1,0,True,True,False,298350.9977102113,3887.0167860142406,2572.1786710112306,False,3,3,1243,53,beta_minus|sigma_low|mode_inconsistent,109,2695,2695,0.2798473964031145,1.763476133974091,False,0.10907876395779781,0.1634830597566673,0.10989077938827722,0.7142857142857143,0.15582280329995038,3,
lcand_0039,0.8,8.0,0.6,0.1,6824.523644206679,14.115160029808948,4.451479159523965,False,-2,0,True,True,False,302885.3371174796,3928.6418752212726,2895.8817689854063,False,3,3,1242,158,beta_minus|sigma_low|mode_inconsistent,109,2695,2695,0.33883991051889206,2.173341785830658,False,0.6988824383507409,0.5479915030153797,0.5868260862116598,0.5714285714285714,0.6248311939762079,32,
lcand_0040,0.8,8.0,0.8,0.0,6980.24532553058,10.983719942959155,1.320039072674172,False,-1,0,True,True,False,297351.3222451936,3897.6965738689014,3082.5487516616786,False,3,3,1243,58,beta_minus|sigma_low|mode_inconsistent,109,2695,2695,0.373129861870819,2.351301511965455,False,0.9502871288459951,0.18273597832382324,0.8618561221108076,0.7142857142857143,0.690535511614292,48,
lcand_0041,0.8,8.0,0.8,0.1,6994.721857130703,12.9201719454716,3.2564910751866165,False,-3,0,True,True,False,301642.0653499895,3948.387729516565,3046.334127614138,False,3,3,1241,191,beta_minus|sigma_low|mode_inconsistent,109,2695,2695,0.43943348812586747,2.858602271901278,False,0.9736587487478096,0.4086064317257393,0.8084984837696848,0.42857142857142855,0.7438566346367445,61,
lcand_0042,0.8,12.0,0.4,0.0,6452.299514872841,10.946540702286844,1.2828598320018614,False,1,0,False,True,False,299895.15382350096,3882.9141483821836,2569.385366490658,False,3,3,1245,52,beta_minus|sigma_low|mode_inconsistent,109,2695,2695,0.177913662002535,0.909157632493936,False,0.09794561802836872,0.1783993400095773,0.10577520077037723,1.0,0.16875037026971457,4,
lcand_0043,0.8,12.0,0.4,0.1,6824.733281082606,14.852157452126756,5.188476581841773,False,-1,0,True,True,False,304805.04110593634,3927.1438483746842,2897.5894327079213,False,3,3,1243,109,beta_minus|sigma_low|mode_inconsistent,109,2695,2695,0.21905365856203263,1.3271288141107702,False,0.6992208863655625,0.6339559068420616,0.5893421113178323,0.7142857142857143,0.6584188788949737,39,
lcand_0044,0.8,12.0,0.6,0.0,6600.341356236536,10.134652257660537,0.47097138737555433,False,0,0,True,True,False,299411.0124043477,3885.2222244047935,2715.1191318317424,False,3,3,1244,53,beta_minus|sigma_low|mode_inconsistent,109,2695,2695,0.2668704930038026,1.3637364487409032,False,0.33695159967438504,0.08369954323610065,0.32049535180526784,0.8571428571428571,0.2836942960424999,14,
lcand_0045,0.8,12.0,0.6,0.1,6824.700362811316,14.5230123166506,4.859331446365617,False,-2,0,True,True,False,304202.51723902684,3927.4884853110016,2897.2118775003146,False,3,3,1242,146,beta_minus|sigma_low|mode_inconsistent,109,2695,2695,0.3217533064169551,1.6885872045516306,False,0.6991677415000896,0.5955639607010901,0.588785831782945,0.5714285714285714,0.6396232668133849,36,
lcand_0046,0.8,12.0,0.8,0.0,6540.122637803998,11.023511270031964,1.359830399746981,False,-1,0,True,True,False,298873.1513229194,3877.261936134103,2662.860701669895,False,3,3,1243,57,beta_minus|sigma_low|mode_inconsistent,109,2695,2695,0.3558273240050698,1.818315264987872,False,0.23973155850321834,0.18737729402684003,0.2434992075628137,0.7142857142857143,0.24850651676134872,11,
lcand_0047,0.8,12.0,0.8,0.1,6824.663806424737,12.588877467198994,2.9251965969140112,False,-3,0,True,True,False,303533.1364763442,3927.8713344274297,2896.7924719973075,False,3,3,1241,167,beta_minus|sigma_low|mode_inconsistent,109,2695,2695,0.41604857403181716,2.2081370742679685,False,0.6991087230835444,0.3699637832532251,0.5881678911654101,0.42857142857142855,0.564650210025216,27,
lcand_0048,1.0,3.0,0.4,0.0,6978.35636833167,11.298688130905967,1.6350072606209842,False,-2,-1,True,True,False,297498.86946114205,3887.9867141899313,3090.3696541417385,False,3,3,1242,53,beta_minus|sigma_low|mode_inconsistent,108,2695,2695,0.11992666332609003,1.8998963802905346,False,0.947237504054422,0.21947430559783954,0.8733792262988952,0.5714285714285714,0.6953464423350494,50,
lcand_0049,1.0,3.0,0.4,0.1,6978.339830383482,15.035715061175836,5.372034190890853,False,-2,0,True,True,False,301843.0839805915,3935.149711933247,3043.190118450235,False,3,3,1242,154,beta_minus|sigma_low|mode_inconsistent,109,2695,2695,0.1949666307169564,2.2964080253004036,False,0.9472108043828655,0.6553663215218445,0.8038661865052287,0.5714285714285714,0.8121994243013172,65,
lcand_0050,1.0,3.0,0.6,0.0,6986.24505685975,12.293175211299996,2.629494341015013,False,0,0,True,True,False,295476.3253750604,3852.260249704537,3133.984807155213,False,3,3,1244,62,beta_minus|sigma_low|mode_inconsistent,109,2695,2695,0.17988999498913483,2.8498445704358026,False,0.9599733882354451,0.335472661074509,0.9376406019694168,0.8571428571428571,0.7630150862793292,63,
lcand_0051,1.0,3.0,0.6,0.1,6936.060813605583,13.208307838373614,3.5446269680886306,False,-3,0,True,True,False,299338.6552644734,3927.446692663117,3008.6141209424654,False,3,3,1241,200,beta_minus|sigma_low|mode_inconsistent,109,2695,2695,0.27081319408733995,3.3833129722748083,False,0.8789534940512178,0.44221500280661513,0.7529228557700743,0.42857142857142855,0.700206715747619,52,
lcand_0052,1.0,3.0,0.8,0.0,6989.280114828568,14.6639867855028,5.000305915217817,False,-2,0,True,True,False,293083.98889642366,3816.561448515277,3172.718666313291,False,3,3,1242,129,beta_minus|sigma_low|mode_inconsistent,109,2695,2695,0.2398533266521794,3.79979276058107,False,0.9648733341055313,0.6120074187142127,0.9947100125423287,0.5714285714285714,0.8453086570416473,69,
lcand_0053,1.0,3.0,0.8,0.1,7011.03779747806,11.196785021306578,1.533104151021595,False,-4,0,True,True,False,296376.32696438336,3914.1955174077298,3096.8422800703306,False,3,3,1240,211,beta_minus|sigma_low|mode_inconsistent,109,2695,2695,0.34076734834951594,4.352305782351161,False,1.0,0.20758818524039407,0.882915816626654,0.2857142857142857,0.7031453331831632,53,
lcand_0054,1.0,5.0,0.4,0.0,6681.343762959518,11.856702614137788,2.193021743852805,False,0,0,True,True,False,298000.9755240454,3899.128377368303,2782.215385591215,False,3,3,1244,51,beta_minus|sigma_low|mode_inconsistent,109,2695,2695,0.04837417579409964,1.260726136066302,False,0.46772584265988276,0.28456189060840437,0.4193531402346718,0.8571428571428571,0.42257296728354576,18,
lcand_0055,1.0,5.0,0.4,0.1,6824.058014158815,17.4511959614467,7.787515091161717,False,-1,0,True,True,False,302455.37094025634,3944.118714474742,2879.9392996840734,False,3,3,1243,102,beta_minus|sigma_low|mode_inconsistent,109,2695,2695,0.0894354260466339,1.6245976953337555,False,0.6981307024519681,0.9371113714481942,0.5633368872038698,0.7142857142857143,0.7436738906929035,60,
lcand_0056,1.0,5.0,0.6,0.0,6981.386779032331,10.45747423950656,0.7937933692215768,False,0,0,True,True,False,296488.1944568637,3886.9180984939107,3094.4686805384204,False,3,3,1244,52,beta_minus|sigma_low|mode_inconsistent,109,2695,2695,0.07256126369114924,1.8910892040994531,False,0.9521299471477419,0.12135394794794561,0.8794186198802769,0.8571428571428571,0.6836055274340658,47,
lcand_0057,1.0,5.0,0.6,0.1,6987.187017109931,15.251912616615538,5.588231746330555,False,-2,0,True,True,False,300576.92284963356,3954.897402493073,3032.2896146168578,False,3,3,1242,127,beta_minus|sigma_low|mode_inconsistent,109,2695,2695,0.1281251565301158,2.4001631989068954,False,0.9614941348851236,0.6805839049208617,0.7878056817623426,0.5714285714285714,0.8229800970984612,67,
lcand_0058,1.0,5.0,0.8,0.0,6982.080570622301,11.308030111318113,1.6443492410331295,False,-1,0,True,True,False,294862.40128713596,3869.69508325422,3112.3854873680807,False,3,3,1243,54,beta_minus|sigma_low|mode_inconsistent,109,2695,2695,0.09674835158819928,2.521452272132604,False,0.9532500381874845,0.22056396717923962,0.9058167538990036,0.7142857142857143,0.7120093438322264,55,
lcand_0059,1.0,5.0,0.8,0.1,6981.405906350082,15.392953398054068,5.729272527769085,False,-2,0,True,True,False,298558.1381136335,3960.7254136126808,3020.680492737401,False,3,3,1242,157,beta_minus|sigma_low|mode_inconsistent,109,2695,2695,0.16675506253029404,3.132522078629075,False,0.9521608272240307,0.697035097726234,0.7707011185370303,0.5714285714285714,0.8202945538475187,66,
lcand_0060,1.0,8.0,0.4,0.0,6538.553276202733,9.417072133001572,-0.24660873728341137,True,1,0,False,True,False,299004.6974786397,3878.8670790006386,2659.6861972020947,False,3,3,1245,49,beta_minus|sigma_low|mode_inconsistent,109,2695,2695,0.01971168619022068,0.6980722412096034,False,0.23719790445911318,0.0,0.2388219793501773,1.0,0.2045034528766364,9,
lcand_0061,1.0,8.0,0.4,0.1,6824.596802735631,14.29261448522254,4.628933614937557,False,-1,0,True,True,False,303698.3247484167,3928.0670706216415,2896.5297321139897,False,3,3,1243,65,beta_minus|sigma_low|mode_inconsistent,109,2695,2695,0.04045819369886816,1.1195349308914353,False,0.6990005490542215,0.5686900373712296,0.5877807773946456,0.7142857142857143,0.6384276994789834,35,
lcand_0062,1.0,8.0,0.6,0.0,6516.724810939717,9.93206138128118,0.268380510996197,False,0,0,True,True,False,298102.15880097495,3890.1189629572013,2626.6058479825156,False,3,3,1244,49,beta_minus|sigma_low|mode_inconsistent,109,2695,2695,0.02956752928533124,1.0471083618144053,False,0.20195696365511262,0.060069061797094314,0.19008229596870008,0.8571428571428571,0.18977495423481183,6,
lcand_0063,1.0,8.0,0.6,0.1,6824.495801746967,17.990358161992283,8.3266772917073,False,-1,0,True,True,False,302575.86275793327,3928.8606694354066,2895.6351323115605,False,3,3,1243,79,beta_minus|sigma_low|mode_inconsistent,109,2695,2695,0.05842483568664569,1.4318527611014673,False,0.6988374881234704,1.0,0.586462698470082,0.7142857142857143,0.7674836950638637,64,
lcand_0064,1.0,8.0,0.8,0.0,6980.2808786099395,11.940389649646166,2.276708779361183,False,0,0,True,True,False,297171.9464715899,3898.6924957484334,3081.588382861506,False,3,3,1244,51,beta_minus|sigma_low|mode_inconsistent,109,2695,2695,0.0394233723804418,1.3961444824192069,False,0.9503445274743463,0.2943232627620207,0.8604411409405921,0.8571428571428571,0.7308973872373233,58,
lcand_0065,1.0,8.0,0.8,0.1,6994.320812064153,17.896604566071314,8.232923695786331,False,-1,0,True,True,False,301418.97966801975,3948.8495722317352,3045.4712398324177,False,3,3,1243,96,beta_minus|sigma_low|mode_inconsistent,109,2695,2695,0.07608340943384428,1.877599004042041,False,0.9730112819983275,0.9890644502465052,0.8072271284706329,0.7142857142857143,0.9317341233816112,72,
lcand_0066,1.0,12.0,0.4,0.0,6435.681270865243,9.509872616227517,-0.15380825405746634,True,1,0,False,True,False,299767.97697455756,3883.520455659589,2552.160815205654,False,3,3,1245,48,beta_minus|sigma_low|mode_inconsistent,109,2695,2695,0.008897600024127872,0.36495583684861427,False,0.07111631297729633,0.010824377363841429,0.08039701717120867,1.0,0.10132905748317751,2,
lcand_0067,1.0,12.0,0.4,0.1,6824.724632680021,11.415005087378365,1.7513242170933818,False,-1,0,True,True,False,304646.7670833981,3927.234381957142,2897.4902507228794,False,3,3,1243,59,beta_minus|sigma_low|mode_inconsistent,109,2695,2695,0.01926211616363549,1.035632137226596,False,0.6992069239618915,0.2330416770909951,0.589195979288935,0.7142857142857143,0.5381091004822224,25,
lcand_0068,1.0,12.0,0.6,0.0,6585.250981747325,9.488530965109863,-0.17514990517511997,True,1,0,False,True,False,299276.2278786836,3885.8647763290282,2699.3862054182964,False,3,3,1245,49,beta_minus|sigma_low|mode_inconsistent,109,2695,2695,0.013346400036191586,0.5474337552729219,False,0.31258896182162177,0.008335057510813492,0.2973148875675571,1.0,0.2526285275864853,12,
lcand_0069,1.0,12.0,0.6,0.1,6824.691200488743,11.956406116200393,2.2927252459154097,False,-1,0,True,True,False,304034.7749120748,3927.5844279181497,2897.106772570593,False,3,3,1243,61,beta_minus|sigma_low|mode_inconsistent,109,2695,2695,0.028303021607824164,1.0740029132153808,False,0.6991529493988792,0.2961914456851224,0.5886309730490645,0.7142857142857143,0.5569167412591309,26,
lcand_0070,1.0,12.0,0.8,0.0,6529.430468819975,9.431637167038234,-0.23204370324674883,True,1,0,False,True,False,298777.6514710283,3878.28580269908,2651.1446661208956,False,3,3,1245,49,beta_minus|sigma_low|mode_inconsistent,109,2695,2695,0.0177952000482553,0.7299116736972283,False,0.22246959850318437,0.0016988858166414407,0.22623712065575066,1.0,0.19586840920257553,7,
lcand_0071,1.0,12.0,0.8,0.1,6824.657317111977,14.914986624335178,5.251305754050195,False,-1,0,True,True,False,303414.28451909224,3927.9393084344288,2896.7180086775484,False,3,3,1243,65,beta_minus|sigma_low|mode_inconsistent,109,2695,2695,0.0368732177454385,1.1123736892041656,False,0.6990982464199732,0.6412843888262115,0.5880581789430722,0.7142857142857143,0.6603054490397515,41,
