source_file,parse_status,n_rows_raw,n_rows_valid,note
data/mercury/messenger/data-tnf/2011/110031550sc236dss25_tnf.dat,pass,19099,19094,tnf_decode_ok_dop=19085_rng=9
data/mercury/messenger/data-tnf/2011/110051735sc236dss34_tnf.dat,pass,14695,14690,tnf_decode_ok_dop=14684_rng=6
data/mercury/messenger/data-tnf/2011/110071735sc236dss34_tnf.dat,pass,24,24,tnf_decode_ok_dop=24_rng=0
data/mercury/messenger/data-tnf/2011/110071735sc236dss45_tnf.dat,pass,25206,25201,tnf_decode_ok_dop=25189_rng=12
data/mercury/messenger/data-tnf/2011/110101350sc236dss25_tnf.dat,pass,26536,26531,tnf_decode_ok_dop=26518_rng=13
data/mercury/messenger/data-tnf/2011/110121515sc236dss24_tnf.dat,pass,20176,20171,tnf_decode_ok_dop=20162_rng=9
data/mercury/messenger/data-tnf/2011/110130900sc236dss55_tnf.dat,pass,8482,8474,tnf_decode_ok_dop=8472_rng=2
data/mercury/messenger/data-tnf/2011/110140930sc236dss55_tnf.dat,pass,14987,14980,tnf_decode_ok_dop=14974_rng=6
data/mercury/messenger/data-tnf/2011/110171750sc236dss34_tnf.dat,pass,15970,15965,tnf_decode_ok_dop=15958_rng=7
data/mercury/messenger/data-tnf/2011/110191410sc236dss25_tnf.dat,pass,26349,26344,tnf_decode_ok_dop=26331_rng=13
data/mercury/messenger/data-tnf/2011/110200700sc236dss63_tnf.dat,pass,14625,14620,tnf_decode_ok_dop=14614_rng=6
data/mercury/messenger/data-tnf/2011/110211755sc236dss45_tnf.dat,pass,21347,21342,tnf_decode_ok_dop=21332_rng=10
data/mercury/messenger/data-tnf/2011/110231420sc236dss26_tnf.dat,pass,14810,14805,tnf_decode_ok_dop=14799_rng=6
data/mercury/messenger/data-tnf/2011/110241415sc236dss26_tnf.dat,pass,15875,15870,tnf_decode_ok_dop=15863_rng=7
data/mercury/messenger/data-tnf/2011/110261510sc236dss26_tnf.dat,pass,23054,23049,tnf_decode_ok_dop=23038_rng=11
data/mercury/messenger/data-tnf/2011/110282135sc236dss45_tnf.dat,pass,14742,14737,tnf_decode_ok_dop=14731_rng=6
data/mercury/messenger/data-tnf/2011/110291830sc236dss14_tnf.dat,pass,12772,12765,tnf_decode_ok_dop=12765_rng=0
data/mercury/messenger/data-tnf/2011/110291830sc236dss25_tnf.dat,pass,11986,11981,tnf_decode_ok_dop=11981_rng=0
data/mercury/messenger/data-tnf/2011/110291900sc236dss24_tnf.dat,pass,15030,15025,tnf_decode_ok_dop=15025_rng=0
data/mercury/messenger/data-tnf/2011/110291930sc236dss26_tnf.dat,pass,8795,8794,tnf_decode_ok_dop=8794_rng=0
data/mercury/messenger/data-tnf/2011/110301820sc236dss34_tnf.dat,pass,14783,14778,tnf_decode_ok_dop=14772_rng=6
data/mercury/messenger/data-tnf/2011/110310900sc236dss55_tnf.dat,pass,18249,18244,tnf_decode_ok_dop=18236_rng=8
data/mercury/messenger/data-tnf/2011/110321425sc236dss25_tnf.dat,pass,24989,24979,tnf_decode_ok_dop=24968_rng=11
data/mercury/messenger/data-tnf/2011/110341425sc236dss14_tnf.dat,pass,18803,18798,tnf_decode_ok_dop=18791_rng=7
data/mercury/messenger/data-tnf/2011/110351435sc236dss26_tnf.dat,pass,23656,23651,tnf_decode_ok_dop=23640_rng=11
data/mercury/messenger/data-tnf/2011/110381405sc236dss26_tnf.dat,pass,23032,23027,tnf_decode_ok_dop=23016_rng=11
data/mercury/messenger/data-tnf/2011/110381435sc236dss65_tnf.dat,pass,488,488,tnf_decode_ok_dop=488_rng=0
data/mercury/messenger/data-tnf/2011/110391630sc236dss25_tnf.dat,pass,21648,21643,tnf_decode_ok_dop=21633_rng=10
data/mercury/messenger/data-tnf/2011/110401430sc236dss26_tnf.dat,pass,29439,29429,tnf_decode_ok_dop=29415_rng=14
data/mercury/messenger/data-tnf/2011/110411630sc236dss25_tnf.dat,pass,14488,14483,tnf_decode_ok_dop=14478_rng=5
data/mercury/messenger/data-tnf/2011/110412030sc236dss45_tnf.dat,pass,1442,1442,tnf_decode_ok_dop=1442_rng=0
data/mercury/messenger/data-tnf/2011/110421430sc236dss14_tnf.dat,pass,30967,30962,tnf_decode_ok_dop=30948_rng=14
data/mercury/messenger/data-tnf/2011/110432020sc236dss25_tnf.dat,pass,1683,1683,tnf_decode_ok_dop=1683_rng=0
data/mercury/messenger/data-tnf/2011/110432020sc236dss34_tnf.dat,pass,1400,1400,tnf_decode_ok_dop=1400_rng=0
data/mercury/messenger/data-tnf/2011/110441435sc236dss26_tnf.dat,pass,14619,14614,tnf_decode_ok_dop=14608_rng=6
data/mercury/messenger/data-tnf/2011/110441505sc236dss65_tnf.dat,pass,488,488,tnf_decode_ok_dop=488_rng=0
data/mercury/messenger/data-tnf/2011/110451900sc236dss25_tnf.dat,pass,14632,14627,tnf_decode_ok_dop=14621_rng=6
data/mercury/messenger/data-tnf/2011/110461435sc236dss26_tnf.dat,pass,40980,40970,tnf_decode_ok_dop=40960_rng=10
data/mercury/messenger/data-tnf/2011/110471445sc236dss26_tnf.dat,pass,19494,19489,tnf_decode_ok_dop=19480_rng=9
data/mercury/messenger/data-tnf/2011/110471515sc236dss63_tnf.dat,pass,490,490,tnf_decode_ok_dop=490_rng=0
data/mercury/messenger/data-tnf/2012/120010705sc236dss55_tnf.dat,pass,23474,23466,tnf_decode_ok_dop=23456_rng=10
data/mercury/messenger/data-tnf/2012/120011315sc236dss26_tnf.dat,pass,17282,17277,tnf_decode_ok_dop=17253_rng=24
data/mercury/messenger/data-tnf/2012/120020640sc236dss65_tnf.dat,pass,14409,14409,tnf_decode_ok_dop=14409_rng=0
data/mercury/messenger/data-tnf/2012/120021315sc236dss15_tnf.dat,pass,15564,15559,tnf_decode_ok_dop=15539_rng=20
data/mercury/messenger/data-tnf/2012/120030630sc236dss55_tnf.dat,pass,27942,27935,tnf_decode_ok_dop=27918_rng=17
data/mercury/messenger/data-tnf/2012/120031325sc236dss25_tnf.dat,pass,12204,12199,tnf_decode_ok_dop=12184_rng=15
data/mercury/messenger/data-tnf/2012/120040635sc236dss55_tnf.dat,pass,22091,22086,tnf_decode_ok_dop=22071_rng=15
data/mercury/messenger/data-tnf/2012/120041320sc236dss15_tnf.dat,pass,11725,11725,tnf_decode_ok_dop=11725_rng=0
data/mercury/messenger/data-tnf/2012/120050610sc236dss65_tnf.dat,pass,26467,26451,tnf_decode_ok_dop=26439_rng=12
data/mercury/messenger/data-tnf/2012/120051320sc236dss15_tnf.dat,pass,11118,11113,tnf_decode_ok_dop=11101_rng=12
data/mercury/messenger/data-tnf/2012/120060615sc236dss54_tnf.dat,pass,27327,27319,tnf_decode_ok_dop=27294_rng=25
data/mercury/messenger/data-tnf/2012/120061335sc236dss25_tnf.dat,pass,9130,9125,tnf_decode_ok_dop=9116_rng=9
data/mercury/messenger/data-tnf/2012/120070620sc236dss54_tnf.dat,pass,27281,27276,tnf_decode_ok_dop=27247_rng=29
data/mercury/messenger/data-tnf/2012/120071335sc236dss24_tnf.dat,pass,7743,7738,tnf_decode_ok_dop=7732_rng=6
data/mercury/messenger/data-tnf/2012/120080415sc236dss34_tnf.dat,pass,7778,7778,tnf_decode_ok_dop=7778_rng=0
data/mercury/messenger/data-tnf/2012/120080620sc236dss54_tnf.dat,pass,27207,27196,tnf_decode_ok_dop=27169_rng=27
data/mercury/messenger/data-tnf/2012/120081335sc236dss26_tnf.dat,pass,6272,6267,tnf_decode_ok_dop=6267_rng=0
data/mercury/messenger/data-tnf/2012/120091650sc236dss15_tnf.dat,pass,17218,17203,tnf_decode_ok_dop=17198_rng=5
data/mercury/messenger/data-tnf/2012/120092105sc236dss34_tnf.dat,pass,20821,20816,tnf_decode_ok_dop=20786_rng=30
data/mercury/messenger/data-tnf/2012/120101800sc236dss25_tnf.dat,pass,5560,5555,tnf_decode_ok_dop=5555_rng=0
data/mercury/messenger/data-tnf/2012/120101920sc236dss45_tnf.dat,pass,23390,23380,tnf_decode_ok_dop=23347_rng=33
data/mercury/messenger/data-tnf/2012/120111500sc236dss25_tnf.dat,pass,23085,23076,tnf_decode_ok_dop=23065_rng=11
data/mercury/messenger/data-tnf/2012/120112100sc236dss34_tnf.dat,pass,18336,18331,tnf_decode_ok_dop=18306_rng=25
data/mercury/messenger/data-tnf/2012/120121435sc236dss26_tnf.dat,pass,18095,18087,tnf_decode_ok_dop=18083_rng=4
data/mercury/messenger/data-tnf/2012/120121915sc236dss45_tnf.dat,pass,22768,22763,tnf_decode_ok_dop=22730_rng=33
data/mercury/messenger/data-tnf/2012/120131410sc236dss26_tnf.dat,pass,26063,26056,tnf_decode_ok_dop=26038_rng=18
data/mercury/messenger/data-tnf/2012/120132105sc236dss45_tnf.dat,pass,14835,14830,tnf_decode_ok_dop=14810_rng=20
data/mercury/messenger/data-tnf/2012/120141415sc236dss25_tnf.dat,pass,26143,26135,tnf_decode_ok_dop=26115_rng=20
data/mercury/messenger/data-tnf/2012/120142115sc236dss43_tnf.dat,pass,9067,9062,tnf_decode_ok_dop=9052_rng=10
data/mercury/messenger/data-tnf/2012/120151415sc236dss25_tnf.dat,pass,26399,26389,tnf_decode_ok_dop=26368_rng=21
data/mercury/messenger/data-tnf/2012/120152110sc236dss43_tnf.dat,pass,13117,13112,tnf_decode_ok_dop=13095_rng=17
data/mercury/messenger/data-tnf/2012/120161355sc236dss15_tnf.dat,pass,28009,27998,tnf_decode_ok_dop=27975_rng=23
data/mercury/messenger/data-tnf/2012/120162120sc236dss34_tnf.dat,pass,9470,9460,tnf_decode_ok_dop=9448_rng=12
data/mercury/messenger/data-tnf/2012/120171250sc236dss54_tnf.dat,pass,5014,5014,tnf_decode_ok_dop=5014_rng=0
data/mercury/messenger/data-tnf/2012/120171400sc236dss25_tnf.dat,pass,26157,26148,tnf_decode_ok_dop=26122_rng=26
data/mercury/messenger/data-tnf/2012/120172110sc236dss45_tnf.dat,pass,8394,8384,tnf_decode_ok_dop=8376_rng=8
data/mercury/messenger/data-tnf/2012/120181200sc236dss54_tnf.dat,pass,10188,10188,tnf_decode_ok_dop=10188_rng=0
data/mercury/messenger/data-tnf/2012/120181400sc236dss15_tnf.dat,pass,27431,27421,tnf_decode_ok_dop=27386_rng=35
data/mercury/messenger/data-tnf/2012/120191230sc236dss65_tnf.dat,pass,6812,6807,tnf_decode_ok_dop=6807_rng=0
data/mercury/messenger/data-tnf/2012/120191405sc236dss26_tnf.dat,pass,25876,25871,tnf_decode_ok_dop=25837_rng=34
data/mercury/messenger/data-tnf/2013/130011430sc236dss25_tnf.dat,pass,21867,21852,tnf_decode_ok_dop=21830_rng=22
data/mercury/messenger/data-tnf/2013/130012205sc236dss45_tnf.dat,pass,7224,7224,tnf_decode_ok_dop=7224_rng=0
data/mercury/messenger/data-tnf/2013/130021430sc236dss26_tnf.dat,pass,22220,22215,tnf_decode_ok_dop=22192_rng=23
data/mercury/messenger/data-tnf/2013/130022145sc236dss45_tnf.dat,pass,24325,24320,tnf_decode_ok_dop=24298_rng=22
data/mercury/messenger/data-tnf/2013/130031530sc236dss25_tnf.dat,pass,23238,23233,tnf_decode_ok_dop=23203_rng=30
data/mercury/messenger/data-tnf/2013/130040730sc236dss65_tnf.dat,pass,18870,18865,tnf_decode_ok_dop=18841_rng=24
data/mercury/messenger/data-tnf/2013/130041440sc236dss26_tnf.dat,pass,21325,21320,tnf_decode_ok_dop=21297_rng=23
data/mercury/messenger/data-tnf/2013/130050735sc236dss55_tnf.dat,pass,21311,21304,tnf_decode_ok_dop=21278_rng=26
data/mercury/messenger/data-tnf/2013/130051440sc236dss25_tnf.dat,pass,21404,21399,tnf_decode_ok_dop=21377_rng=22
data/mercury/messenger/data-tnf/2013/130052125sc236dss34_tnf.dat,pass,8832,8832,tnf_decode_ok_dop=8832_rng=0
data/mercury/messenger/data-tnf/2013/130060830sc236dss65_tnf.dat,pass,12874,12865,tnf_decode_ok_dop=12854_rng=11
data/mercury/messenger/data-tnf/2013/130061445sc236dss26_tnf.dat,pass,22200,22195,tnf_decode_ok_dop=22171_rng=24
data/mercury/messenger/data-tnf/2013/130062145sc236dss34_tnf.dat,pass,7501,7501,tnf_decode_ok_dop=7501_rng=0
data/mercury/messenger/data-tnf/2013/130071450sc236dss25_tnf.dat,pass,23132,23127,tnf_decode_ok_dop=23104_rng=23
data/mercury/messenger/data-tnf/2013/130081500sc236dss25_tnf.dat,pass,39196,39170,tnf_decode_ok_dop=39150_rng=20
data/mercury/messenger/data-tnf/2013/130081645sc236dss26_tnf.dat,pass,15557,15552,tnf_decode_ok_dop=15552_rng=0
data/mercury/messenger/data-tnf/2013/130082150sc236dss34_tnf.dat,pass,26632,26627,tnf_decode_ok_dop=26588_rng=39
data/mercury/messenger/data-tnf/2013/130091450sc236dss26_tnf.dat,pass,21714,21699,tnf_decode_ok_dop=21699_rng=0
data/mercury/messenger/data-tnf/2013/130092300sc236dss34_tnf.dat,pass,18980,18975,tnf_decode_ok_dop=18975_rng=0
data/mercury/messenger/data-tnf/2013/130100805sc236dss55_tnf.dat,pass,17104,17099,tnf_decode_ok_dop=17092_rng=7
data/mercury/messenger/data-tnf/2013/130101455sc236dss26_tnf.dat,pass,20113,20108,tnf_decode_ok_dop=20097_rng=11
data/mercury/messenger/data-tnf/2013/130111010sc236dss65_tnf.dat,pass,13346,13341,tnf_decode_ok_dop=13340_rng=1
data/mercury/messenger/data-tnf/2013/130111500sc236dss15_tnf.dat,pass,21315,21305,tnf_decode_ok_dop=21305_rng=0
data/mercury/messenger/data-tnf/2013/130121510sc236dss26_tnf.dat,pass,20388,20383,tnf_decode_ok_dop=20383_rng=0
data/mercury/messenger/data-tnf/2013/130130830sc236dss55_tnf.dat,pass,16206,16201,tnf_decode_ok_dop=16201_rng=0
data/mercury/messenger/data-tnf/2013/130131505sc236dss15_tnf.dat,pass,25125,25120,tnf_decode_ok_dop=25120_rng=0
data/mercury/messenger/data-tnf/2013/130132150sc236dss45_tnf.dat,pass,7149,7149,tnf_decode_ok_dop=7149_rng=0
data/mercury/messenger/data-tnf/2013/130141505sc236dss25_tnf.dat,pass,21080,21070,tnf_decode_ok_dop=21062_rng=8
data/mercury/messenger/data-tnf/2013/130151600sc236dss25_tnf.dat,pass,21977,21972,tnf_decode_ok_dop=21972_rng=0
data/mercury/messenger/data-tnf/2013/130152205sc236dss34_tnf.dat,pass,25292,25287,tnf_decode_ok_dop=25276_rng=11
data/mercury/messenger/data-tnf/2013/130161510sc236dss15_tnf.dat,pass,21556,21541,tnf_decode_ok_dop=21521_rng=20
data/mercury/messenger/data-tnf/2013/130181540sc236dss26_tnf.dat,pass,19673,19668,tnf_decode_ok_dop=19654_rng=14
data/mercury/messenger/data-tnf/2013/130182200sc236dss34_tnf.dat,pass,23542,23537,tnf_decode_ok_dop=23537_rng=0
data/mercury/messenger/data-tnf/2013/130191515sc236dss15_tnf.dat,pass,27350,27345,tnf_decode_ok_dop=27345_rng=0
data/mercury/messenger/data-tnf/2013/130192210sc236dss34_tnf.dat,pass,8492,8492,tnf_decode_ok_dop=8492_rng=0
data/mercury/messenger/data-tnf/2013/130201515sc236dss14_tnf.dat,pass,20912,20907,tnf_decode_ok_dop=20907_rng=0
data/mercury/messenger/data-tnf/2013/130202145sc236dss34_tnf.dat,pass,7410,7410,tnf_decode_ok_dop=7410_rng=0
data/mercury/messenger/data-tnf/2013/130211515sc236dss26_tnf.dat,pass,25042,25033,tnf_decode_ok_dop=25029_rng=4
data/mercury/messenger/data-tnf/2013/130212200sc236dss45_tnf.dat,pass,7146,7146,tnf_decode_ok_dop=7146_rng=0
data/mercury/messenger/data-tnf/2013/130221610sc236dss15_tnf.dat,pass,20355,20350,tnf_decode_ok_dop=20350_rng=0
data/mercury/messenger/data-tnf/2014/140010020sc236dss45_tnf.dat,pass,21293,21288,tnf_decode_ok_dop=21288_rng=0
data/mercury/messenger/data-tnf/2014/140011745sc236dss26_tnf.dat,pass,17399,17394,tnf_decode_ok_dop=17394_rng=0
data/mercury/messenger/data-tnf/2014/140021750sc236dss26_tnf.dat,pass,17658,17653,tnf_decode_ok_dop=17653_rng=0
data/mercury/messenger/data-tnf/2014/140031835sc236dss25_tnf.dat,pass,14614,14609,tnf_decode_ok_dop=14609_rng=0
data/mercury/messenger/data-tnf/2014/140040305sc236dss45_tnf.dat,pass,16466,16461,tnf_decode_ok_dop=16456_rng=5
data/mercury/messenger/data-tnf/2014/140041845sc236dss26_tnf.dat,pass,14892,14887,tnf_decode_ok_dop=14887_rng=0
data/mercury/messenger/data-tnf/2014/140050255sc236dss43_tnf.dat,pass,11195,11190,tnf_decode_ok_dop=11190_rng=0
data/mercury/messenger/data-tnf/2014/140050915sc236dss55_tnf.dat,pass,20654,20649,tnf_decode_ok_dop=20649_rng=0
data/mercury/messenger/data-tnf/2014/140061630sc236dss25_tnf.dat,pass,22186,22181,tnf_decode_ok_dop=22181_rng=0
data/mercury/messenger/data-tnf/2014/140071920sc236dss15_tnf.dat,pass,13986,13981,tnf_decode_ok_dop=13965_rng=16
data/mercury/messenger/data-tnf/2014/140080120sc236dss45_tnf.dat,pass,22069,22064,tnf_decode_ok_dop=22040_rng=24
data/mercury/messenger/data-tnf/2014/140081730sc236dss26_tnf.dat,pass,21047,21037,tnf_decode_ok_dop=21014_rng=23
data/mercury/messenger/data-tnf/2014/140091815sc236dss25_tnf.dat,pass,16768,16763,tnf_decode_ok_dop=16741_rng=22
data/mercury/messenger/data-tnf/2014/140101700sc236dss25_tnf.dat,pass,22358,22353,tnf_decode_ok_dop=22330_rng=23
data/mercury/messenger/data-tnf/2014/140110130sc236dss34_tnf.dat,pass,20988,20983,tnf_decode_ok_dop=20959_rng=24
data/mercury/messenger/data-tnf/2014/140111620sc236dss26_tnf.dat,pass,25521,25516,tnf_decode_ok_dop=25491_rng=25
data/mercury/messenger/data-tnf/2014/140120330sc236dss34_tnf.dat,pass,13512,13507,tnf_decode_ok_dop=13491_rng=16
data/mercury/messenger/data-tnf/2014/140121610sc236dss26_tnf.dat,pass,26837,26832,tnf_decode_ok_dop=26807_rng=25
data/mercury/messenger/data-tnf/2014/140131800sc236dss24_tnf.dat,pass,19260,19255,tnf_decode_ok_dop=19231_rng=24
data/mercury/messenger/data-tnf/2014/140141855sc236dss15_tnf.dat,pass,14311,14306,tnf_decode_ok_dop=14289_rng=17
data/mercury/messenger/data-tnf/2014/140150315sc236dss45_tnf.dat,pass,11830,11825,tnf_decode_ok_dop=11813_rng=12
data/mercury/messenger/data-tnf/2014/140151845sc236dss26_tnf.dat,pass,14796,14791,tnf_decode_ok_dop=14773_rng=18
data/mercury/messenger/data-tnf/2014/140161555sc236dss25_tnf.dat,pass,27283,27277,tnf_decode_ok_dop=27252_rng=25
data/mercury/messenger/data-tnf/2014/140171125sc236dss65_tnf.dat,pass,16172,16167,tnf_decode_ok_dop=16149_rng=18
data/mercury/messenger/data-tnf/2014/140171710sc236dss25_tnf.dat,pass,24404,24394,tnf_decode_ok_dop=24369_rng=25
data/mercury/messenger/data-tnf/2014/140180315sc236dss43_tnf.dat,pass,11289,11254,tnf_decode_ok_dop=11245_rng=9
data/mercury/messenger/data-tnf/2014/140181550sc236dss26_tnf.dat,pass,27928,27923,tnf_decode_ok_dop=27898_rng=25
data/mercury/messenger/data-tnf/2014/140191810sc236dss26_tnf.dat,pass,20515,20510,tnf_decode_ok_dop=20485_rng=25
data/mercury/messenger/data-tnf/2014/140201915sc236dss25_tnf.dat,pass,17599,17594,tnf_decode_ok_dop=17575_rng=19
data/mercury/messenger/data-tnf/2014/140211555sc236dss25_tnf.dat,pass,28896,28886,tnf_decode_ok_dop=28861_rng=25
data/mercury/messenger/data-tnf/2014/140220310sc236dss45_tnf.dat,pass,15334,15329,tnf_decode_ok_dop=15309_rng=20
data/mercury/messenger/data-tnf/2014/140221630sc236dss26_tnf.dat,pass,26718,26713,tnf_decode_ok_dop=26688_rng=25
data/mercury/messenger/data-tnf/2014/140231800sc236dss25_tnf.dat,pass,22880,22870,tnf_decode_ok_dop=22845_rng=25
data/mercury/messenger/data-tnf/2014/140240730sc236dss65_tnf.dat,pass,15858,15855,tnf_decode_ok_dop=15847_rng=8
data/mercury/messenger/data-tnf/2014/140241130sc236dss65_tnf.dat,pass,16648,16640,tnf_decode_ok_dop=16632_rng=8
data/mercury/messenger/data-tnf/2014/140241615sc236dss25_tnf.dat,pass,27769,27764,tnf_decode_ok_dop=27739_rng=25
data/mercury/messenger/data-tnf/2014/140250540sc236dss45_tnf.dat,pass,8701,8701,tnf_decode_ok_dop=8701_rng=0
data/mercury/messenger/data-tnf/2014/140251550sc236dss26_tnf.dat,pass,28982,28977,tnf_decode_ok_dop=28952_rng=25
data/mercury/messenger/data-tnf/2014/140260555sc236dss34_tnf.dat,pass,7402,7402,tnf_decode_ok_dop=7402_rng=0
data/mercury/messenger/data-tnf/2014/140261615sc236dss25_tnf.dat,pass,19754,19747,tnf_decode_ok_dop=19732_rng=15
data/mercury/messenger/data-tnf/2015/150011630sc236dss25_tnf.dat,pass,2986,2986,tnf_decode_ok_dop=2986_rng=0
data/mercury/messenger/data-tnf/2015/150020325sc236dss34_tnf.dat,pass,16542,16537,tnf_decode_ok_dop=16515_rng=22
data/mercury/messenger/data-tnf/2015/150021710sc236dss25_tnf.dat,pass,2699,2699,tnf_decode_ok_dop=2699_rng=0
data/mercury/messenger/data-tnf/2015/150022020sc236dss35_tnf.dat,pass,20380,20375,tnf_decode_ok_dop=20356_rng=19
data/mercury/messenger/data-tnf/2015/150030340sc236dss45_tnf.dat,pass,17350,17345,tnf_decode_ok_dop=17323_rng=22
data/mercury/messenger/data-tnf/2015/150030935sc236dss65_tnf.dat,pass,4111,4111,tnf_decode_ok_dop=4111_rng=0
data/mercury/messenger/data-tnf/2015/150031735sc236dss25_tnf.dat,pass,4248,4238,tnf_decode_ok_dop=4238_rng=0
data/mercury/messenger/data-tnf/2015/150040200sc236dss43_tnf.dat,pass,20873,20868,tnf_decode_ok_dop=20850_rng=18
data/mercury/messenger/data-tnf/2015/150042025sc236dss34_tnf.dat,pass,14123,14118,tnf_decode_ok_dop=14101_rng=17
data/mercury/messenger/data-tnf/2015/150050315sc236dss34_tnf.dat,pass,32874,32864,tnf_decode_ok_dop=32829_rng=35
data/mercury/messenger/data-tnf/2015/150060515sc236dss34_tnf.dat,pass,11397,11392,tnf_decode_ok_dop=11379_rng=13
data/mercury/messenger/data-tnf/2015/150062035sc236dss35_tnf.dat,pass,15600,15595,tnf_decode_ok_dop=15581_rng=14
data/mercury/messenger/data-tnf/2015/150072035sc236dss35_tnf.dat,pass,16112,16107,tnf_decode_ok_dop=16095_rng=12
data/mercury/messenger/data-tnf/2015/150081255sc236dss65_tnf.dat,pass,2209,2209,tnf_decode_ok_dop=2209_rng=0
data/mercury/messenger/data-tnf/2015/150090525sc236dss34_tnf.dat,pass,3174,3174,tnf_decode_ok_dop=3174_rng=0
data/mercury/messenger/data-tnf/2015/150091615sc236dss25_tnf.dat,pass,15890,15885,tnf_decode_ok_dop=15864_rng=21
data/mercury/messenger/data-tnf/2015/150092040sc236dss35_tnf.dat,pass,4874,4874,tnf_decode_ok_dop=4874_rng=0
data/mercury/messenger/data-tnf/2015/150100855sc236dss55_tnf.dat,pass,20503,20498,tnf_decode_ok_dop=20478_rng=20
data/mercury/messenger/data-tnf/2015/150101610sc236dss25_tnf.dat,pass,27542,27517,tnf_decode_ok_dop=27498_rng=19
data/mercury/messenger/data-tnf/2015/150111650sc236dss24_tnf.dat,pass,17532,17517,tnf_decode_ok_dop=17492_rng=25
data/mercury/messenger/data-tnf/2015/150121820sc236dss15_tnf.dat,pass,13501,13491,tnf_decode_ok_dop=13473_rng=18
data/mercury/messenger/data-tnf/2015/150130730sc236dss45_tnf.dat,pass,1270,1270,tnf_decode_ok_dop=1270_rng=0
data/mercury/messenger/data-tnf/2015/150130950sc236dss54_tnf.dat,pass,12845,12840,tnf_decode_ok_dop=12823_rng=17
data/mercury/messenger/data-tnf/2015/150131750sc236dss25_tnf.dat,pass,17730,17725,tnf_decode_ok_dop=17702_rng=23
data/mercury/messenger/data-tnf/2015/150132335sc236dss35_tnf.dat,pass,24096,24091,tnf_decode_ok_dop=24064_rng=27
data/mercury/messenger/data-tnf/2015/150141100sc236dss65_tnf.dat,pass,12328,12323,tnf_decode_ok_dop=12307_rng=16
data/mercury/messenger/data-tnf/2015/150151235sc236dss54_tnf.dat,pass,12999,12994,tnf_decode_ok_dop=12977_rng=17
data/mercury/messenger/data-tnf/2015/150151645sc236dss25_tnf.dat,pass,1510,1510,tnf_decode_ok_dop=1510_rng=0
data/mercury/messenger/data-tnf/2015/150160130sc236dss34_tnf.dat,pass,1980,1980,tnf_decode_ok_dop=1980_rng=0
data/mercury/messenger/data-tnf/2015/150160950sc236dss65_tnf.dat,pass,1288,1288,tnf_decode_ok_dop=1288_rng=0
data/mercury/messenger/data-tnf/2015/150161245sc236dss55_tnf.dat,pass,14238,14233,tnf_decode_ok_dop=14214_rng=19
data/mercury/messenger/data-tnf/2015/150162035sc236dss45_tnf.dat,pass,17912,17907,tnf_decode_ok_dop=17884_rng=23
data/mercury/messenger/data-tnf/2015/150170215sc236dss43_tnf.dat,pass,1322,1322,tnf_decode_ok_dop=1322_rng=0
data/mercury/messenger/data-tnf/2015/150171015sc236dss54_tnf.dat,pass,1195,1195,tnf_decode_ok_dop=1195_rng=0
data/mercury/messenger/data-tnf/2015/150171250sc236dss55_tnf.dat,pass,13443,13438,tnf_decode_ok_dop=13438_rng=0
data/mercury/messenger/data-tnf/2015/150171840sc236dss15_tnf.dat,pass,683,683,tnf_decode_ok_dop=683_rng=0
data/mercury/messenger/data-tnf/2015/150172105sc236dss45_tnf.dat,pass,12749,12749,tnf_decode_ok_dop=12749_rng=0
data/mercury/messenger/data-tnf/2015/150180255sc236dss43_tnf.dat,pass,1568,1568,tnf_decode_ok_dop=1568_rng=0
data/mercury/messenger/data-tnf/2015/150181015sc236dss54_tnf.dat,pass,1105,1105,tnf_decode_ok_dop=1105_rng=0
data/mercury/messenger/data-tnf/2015/150181845sc236dss15_tnf.dat,pass,909,909,tnf_decode_ok_dop=909_rng=0
