session,archive_path,archive_bytes,identity_status,identity_session_values,fit_ok,fit_rc,n_points,beta_est,beta_sigma,delta_beta,chi2,dof,weighted_rmse_s,max_abs_bendsun_ns,pull_vs_weighted_mean,chi2_contrib
17APR18XA,C:\develop\waveP\data\temp\17APR18XA.tgz,12993075,watch,R1788,True,0,7733,1.2401493998855839e+01,3.6277067951051567e-01,1.1401493998855839e+01,1.8924023033117676e+10,7623,1.2361801501123956e-08,4.1893592172643963e+00,2.3228374815149845e+01,5.3955739655308764e+02
17APR19XA,C:\develop\waveP\data\temp\17APR19XA.tgz,2420161,watch,RD1705,True,0,1060,1.9458934781717527e+01,2.0426358540585636e+00,1.8458934781717527e+01,3.2311732916327548e+09,1018,1.2490747362607386e-08,5.1648788186464056e+00,7.5804084549446129e+00,5.7462592343795777e+01
17APR24XA,C:\develop\waveP\data\temp\17APR24XA.tgz,7600247,watch,R1789,True,0,4020,-1.7400900309279359e+02,1.9881501322843064e+02,-1.7500900309279359e+02,1.7944494469014525e+15,3948,2.3682371219233704e-06,5.0960720227472951e+00,-8.9522376044879493e-01,8.0142558127208141e-01
17APR25XA,C:\develop\waveP\data\temp\17APR25XA.tgz,14873608,watch,RV122,True,0,9806,8.7193660739557970e+00,3.0534295571454001e-01,7.7193660739557970e+00,1.0301284695510571e+10,9652,9.8928367687079317e-09,5.0848542637982739e+00,1.5538086934457784e+01,2.4143214558276770e+02
17MAY01XA,C:\develop\waveP\data\temp\17MAY01XA.tgz,7092399,pass,AUA020,True,0,4010,1.1866902903646863e+00,6.9614570068410556e-02,1.8669029036468632e-01,1.3951957220063677e+10,3968,9.7862278135770652e-09,5.7691633352725638e+01,-4.0052396935501974e+01,1.6041945002790080e+03
17MAY02XA,C:\develop\waveP\data\temp\17MAY02XA.tgz,13048394,watch,R1790,True,0,8367,7.4069932158781118e+00,2.8861551247487627e-01,6.4069932158781118e+00,1.4520527151760952e+10,8259,1.3272793665348512e-08,5.0185142535271128e+00,1.1891504040129826e+01,1.4140786833642397e+02
17MAY03XA,C:\develop\waveP\data\temp\17MAY03XA.tgz,11099326,watch,EUR145,True,0,7840,8.1598402971496977e+00,3.0719320446389126e-01,7.1598402971496977e+00,1.6754492926731744e+09,7770,7.7667665935020837e-09,4.0942890202392412e+00,1.3623086556273837e+01,1.8558848731972893e+02
17MAY08XA,C:\develop\waveP\data\temp\17MAY08XA.tgz,6968725,watch,R1791,True,0,3872,9.3492264108937082e+00,4.8607785075056287e-01,8.3492264108937082e+00,6.2037995186273851e+09,3806,1.6225490480154730e-08,8.1555694487923329e+00,1.1056471138020690e+01,1.2224555402588453e+02
17MAY09XA,C:\develop\waveP\data\temp\17MAY09XA.tgz,3304020,watch,AUA021,True,0,1734,6.3332217940087849e+00,6.4047900057548912e-01,5.3332217940087849e+00,1.3910121336443930e+09,1722,1.5348537828129136e-08,9.8173343564242455e+00,3.6820896682807742e+00,1.3557784325260021e+01
17MAY15XA,C:\develop\waveP\data\temp\17MAY15XA.tgz,12344885,watch,R1792,True,0,3529,2.8926025617257430e+01,8.9496403397491031e-01,2.7926025617257430e+01,6.3622890667825975e+09,3457,1.1948400217740626e-08,6.2939619921174863e+00,2.7879449884930164e+01,7.7726372588633251e+02
17MAY22XA,C:\develop\waveP\data\temp\17MAY22XA.tgz,9735943,watch,R1793,True,0,5908,1.4016383151481223e+01,4.7039921875132129e-01,1.3016383151481223e+01,5.0001335380694523e+09,5800,1.3799363132301036e-08,7.1257454529447388e+00,2.1346681856524739e+01,4.5568082628368251e+02
17MAY30XA,C:\develop\waveP\data\temp\17MAY30XA.tgz,12816446,watch,R1794,True,0,7405,1.6570057789330221e+01,7.2299218050773750e-01,1.5570057789330221e+01,2.6318597442664471e+10,7283,1.2884077561632139e-08,3.9374033165260771e+00,1.7420848310207202e+01,3.0348595584724910e+02
18APR09XA,C:\develop\waveP\data\temp\18APR09XA.tgz,5716537,watch,R1837,True,0,3018,1.0977885202263790e+01,1.4394517034395167e+00,9.9778852022637903e+00,2.1025009181814255e+10,2950,1.7286693641246590e-08,4.2311514351484796e+00,4.8650222180372458e+00,2.3668441181996041e+01
18APR10XA,C:\develop\waveP\data\temp\18APR10XA.tgz,8248916,watch,APSG42,True,0,3650,1.6452653706522550e+01,5.8463888027417332e-01,1.5452653706522550e+01,1.1218574011059866e+09,3578,1.0662646362229907e-08,6.1935903316736045e+00,2.1342632938527778e+01,4.5550798074873086e+02
18APR11XA,C:\develop\waveP\data\temp\18APR11XA.tgz,3438864,watch,AUA041,True,0,1947,2.1903437822370009e+01,1.4964415926484129e+00,2.0903437822370009e+01,6.6198127787835598e+09,1935,3.2758770460587878e-08,4.1642987219559897e+00,1.1980766390889343e+01,1.4353876331306367e+02
18APR16XA,C:\develop\waveP\data\temp\18APR16XA.tgz,6444347,watch,R1838,True,0,3806,1.3678061546210872e+01,6.1435127238699749e-01,1.2678061546210872e+01,3.8927076472123365e+09,3736,1.2161484328523806e-08,3.6666939437855022e+00,1.5794125118796211e+01,2.4945438826818943e+02
18APR18XA,C:\develop\waveP\data\temp\18APR18XA.tgz,2218561,watch,AUA042,True,0,998,5.3926950172467203e-01,1.5003357769784442e+00,-4.6073049827532797e-01,2.9572300168029892e+08,978,1.2755349172210809e-08,2.6919085890502519e+00,-2.2899215190571769e+00,5.2437405634411283e+00
18APR23XA,C:\develop\waveP\data\temp\18APR23XA.tgz,7724362,watch,R1839,True,0,4639,1.1084718359015062e+01,4.9081267666884937e-01,1.0084718359015062e+01,9.8005760423719997e+09,4551,8.1739574525981294e-09,4.0828430890998968e+00,1.4485766186868583e+01,2.0983742202062516e+02
18JUN04XA,C:\develop\waveP\data\temp\18JUN04XA.tgz,5197853,watch,R1845,True,0,2728,1.1963474277870860e+01,4.8962787307229888e-01,1.0963474277870860e+01,4.0468019293530302e+09,2676,1.3002575636431633e-08,5.4332030699589087e+00,1.6315561335398655e+01,2.6619754168915557e+02
18JUN06XA,C:\develop\waveP\data\temp\18JUN06XA.tgz,2869383,watch,AUA045,True,0,825,4.9085756586441050e+01,3.5434643248427151e+00,4.8085756586441050e+01,1.3211921321356556e+09,813,1.9763110697889505e-08,1.8552650077889883e+00,1.2730715415119755e+01,1.6207111498076776e+02
18MAY01XA,C:\develop\waveP\data\temp\18MAY01XA.tgz,18372197,watch,AOV022,True,0,12427,1.4021809170205990e+00,5.5657027442395014e-02,4.0218091702059899e-01,2.5210052395348907e+10,12337,9.6002050459550156e-09,3.8915678326779855e+01,-4.6224886316129002e+01,2.1367401149390503e+03
18MAY02XA,C:\develop\waveP\data\temp\18MAY02XA.tgz,11899509,watch,R1840,True,0,6191,1.0049414744141368e+01,2.8430414311791036e-01,9.0494147441413677e+00,5.2907112392915506e+09,6083,1.3967392632792134e-08,5.0094054565353412e+00,2.1366181984843930e+01,4.5651373260946929e+02
18MAY07XA,C:\develop\waveP\data\temp\18MAY07XA.tgz,13119798,watch,EURD05,True,0,9390,5.0729205042146601e+00,2.2638263373767045e-01,4.0729205042146601e+00,7.9450549387014160e+09,9334,6.8381697649600330e-09,6.3471650879528294e+00,4.8501945703486644e+00,2.3524387370239666e+01
18MAY08XA,C:\develop\waveP\data\temp\18MAY08XA.tgz,8393215,watch,R1841,True,0,4462,9.2632976891095566e+00,5.7373911750776951e-01,8.2632976891095566e+00,5.3567870038622227e+09,4366,1.5038141984123993e-08,8.9715117525470500e+00,9.2173896541034797e+00,8.4960272035573865e+01
18MAY09XA,C:\develop\waveP\data\temp\18MAY09XA.tgz,4323349,watch,Mixed,True,0,1198,1.1834619400513070e+01,1.9944069521639842e+00,1.0834619400513070e+01,7.8958356666860533e+08,1168,1.7982041776851630e-08,2.5749820776747092e+00,3.9408700961186023e+00,1.5530457114481841e+01
18MAY14XA,C:\develop\waveP\data\temp\18MAY14XA.tgz,12864372,watch,R1842,True,0,7507,1.0555746211401772e+01,3.4973879518156115e-01,9.5557462114017717e+00,1.0039727672119526e+10,7407,1.6313539041602941e-08,3.7456246572622121e+00,1.8816401322439688e+01,3.5405695872711004e+02
18MAY15XH,C:\develop\waveP\data\temp\18MAY15XH.tgz,8353097,watch,T2125,True,0,3794,8.4700851101210279e+00,4.4211448787057844e-01,7.4700851101210279e+00,1.3621727115058806e+09,3592,1.0633203728232877e-08,3.5839378587426176e+00,1.0167421675170099e+01,1.0337646352071873e+02
18MAY16XA,C:\develop\waveP\data\temp\18MAY16XA.tgz,2227092,watch,AUA044,True,0,1091,4.1211044898768733e+01,2.4232934567012299e+00,4.0211044898768733e+01,9.2781294634749413e+08,1085,2.3908109581997367e-08,1.1837298175438098e+00,1.5365916213143405e+01,2.3611138106934337e+02
18MAY21XA,C:\develop\waveP\data\temp\18MAY21XA.tgz,10172684,watch,AOV023,True,0,5197,9.7889493753452541e+00,4.1732767553676098e-01,8.7889493753452541e+00,4.1268956956504250e+08,5157,1.0298319644043172e-08,2.7323672247792157e+00,1.3931567525753836e+01,1.9408857372463888e+02
18MAY22XA,C:\develop\waveP\data\temp\18MAY22XA.tgz,8423674,watch,R1843,True,0,4822,8.7448550113038603e+00,4.1944150967176219e-01,7.7448550113038603e+00,6.7814374052363520e+09,4754,1.2026971641588563e-08,9.7574260734025575e+00,1.1372108430082744e+01,1.2932485014555900e+02
19MAY06XA,C:\develop\waveP\data\temp\19MAY06XA.tgz,12413388,watch,EURD10,True,0,8248,7.7503076885209738e+00,4.8413603665796068e-01,6.7503076885209738e+00,3.7313340446854294e+10,8206,1.0850831611685266e-08,4.8960320474525281e+00,7.7981945556952672e+00,6.0811838328475304e+01
19MAY07XA,C:\develop\waveP\data\temp\19MAY07XA.tgz,12077793,watch,R1893,True,0,7716,9.0907145153144562e+00,3.5672889859236917e-01,8.0907145153144562e+00,8.4500757895166531e+09,7596,1.3636978163273477e-08,8.8213384764383189e+00,1.4340844972925073e+01,2.0565983453747032e+02
19MAY08XA,C:\develop\waveP\data\temp\19MAY08XA.tgz,3533753,watch,RD1904,True,0,1407,8.8760585232112188e+00,1.0698683326645908e+00,7.8760585232112188e+00,2.8725191455363178e+09,1353,1.8159370282622760e-08,7.8157882170352444e+00,4.5810663708173980e+00,2.0986169093834086e+01
20MAY04XA,C:\develop\waveP\data\temp\20MAY04XA.tgz,18628283,watch,R1945,True,0,7257,8.0452693397762385e+00,4.1617458301543042e-01,7.0452693397762385e+00,1.7432541991137650e+10,9872,8.6955173547233483e-09,1.0106397771203248e+01,1.4565111398450769e+01,2.1214247004928052e+02
20MAY06XA,C:\develop\waveP\data\temp\20MAY06XA.tgz,1805538,watch,RD2004,True,0,719,9.2325738013260708e+00,1.2206749153850662e+00,8.2325738013260708e+00,7.4084924832771051e+08,693,8.9076111795327156e-09,1.1452581368343477e+01,4.3071689700681235e+00,1.8551704536717700e+01
21MAY03XA,C:\develop\waveP\data\temp\21MAY03XA.tgz,14555377,watch,R1997,True,0,6695,1.4110002772018085e+01,4.4978147222428611e-01,1.3110002772018085e+01,6.5274999856613274e+09,6609,8.3989037134033257e-09,6.0123973583810866e+00,2.2533347224505476e+01,5.0775173714012868e+02
21MAY05XA,C:\develop\waveP\data\temp\21MAY05XA.tgz,4055437,watch,RD2104,True,0,1501,8.1072045343050902e+00,9.0685806721784890e-01,7.1072045343050902e+00,9.0670408746069860e+08,1473,9.1114382909385925e-09,3.5415712800280130e+00,4.5567040758026760e+00,2.0763552034436721e+01
21MAY10XA,C:\develop\waveP\data\temp\21MAY10XA.tgz,9523739,watch,R1998,True,0,3960,8.5306399955109704e+00,4.7796293125863376e-01,7.5306399955109704e+00,2.4828614770968161e+09,3920,8.6401469162083481e-09,3.9231793956574657e+00,9.5315327075162095e+00,9.0850115754451281e+01
21MAY17XA,C:\develop\waveP\data\temp\21MAY17XA.tgz,7919790,watch,AOV059,True,0,2872,1.3644890582673060e+01,7.9933948618352146e-01,1.2644890582673060e+01,1.0112303462127110e+09,2818,1.2128927951711579e-08,3.4968322298975880e+00,1.2097450540825575e+01,1.4634830958772099e+02
21MAY18XA,C:\develop\waveP\data\temp\21MAY18XA.tgz,15543876,watch,R1999,True,0,8271,1.2395093035314225e+01,3.7201229650695583e-01,1.1395093035314225e+01,5.7882678949617062e+09,8149,1.1624919746382919e-08,2.9706243743926186e+00,2.2634123740363528e+01,5.1230355749408784e+02
21MAY19XA,C:\develop\waveP\data\temp\21MAY19XA.tgz,25865823,watch,RV147,True,0,16993,9.2240235889905318e+00,2.0671736091106691e-01,8.2240235889905318e+00,2.6520403948702110e+10,16737,6.5536790985664271e-09,5.3656492413026733e+00,2.5392656343023837e+01,6.4478699615490871e+02
21MAY25XA,C:\develop\waveP\data\temp\21MAY25XA.tgz,14901603,watch,R11000,True,0,8567,6.7373957033256282e+00,2.9195044506348505e-01,5.7373957033256282e+00,1.0634122683341137e+10,8461,9.9798760923045378e-09,5.3974932309631090e+00,9.4621366974999592e+00,8.9532030882175434e+01
21MAY26XA,C:\develop\waveP\data\temp\21MAY26XA.tgz,7736781,watch,AUA076,True,0,4923,1.2278871471934563e+01,6.4774639607957918e-01,1.1278871471934563e+01,1.6442832294064164e+09,4893,1.0018983392267658e-08,3.0263566990850150e+00,1.2819756063413738e+01,1.6434614552543331e+02
21MAY31XA,C:\develop\waveP\data\temp\21MAY31XA.tgz,6256855,watch,R11001,True,0,2530,1.3098005853534733e+01,8.0952567701970835e-01,1.2098005853534733e+01,8.9799069658700800e+08,2484,1.5015364747228262e-08,2.9993246204083723e+00,1.1269667447588134e+01,1.2700540437922764e+02
22MAY03XA,C:\develop\waveP\data\temp\22MAY03XA.tgz,13190257,watch,R11049,True,0,8479,7.7822037576289791e+00,3.2180945993781102e-01,6.7822037576289791e+00,1.0954700606142994e+10,8371,1.1500006435372158e-08,6.2311991067156116e+00,1.1830861265314413e+01,1.3996927827911693e+02
22MAY04XA,C:\develop\waveP\data\temp\22MAY04XA.tgz,24670789,watch,RV153,True,0,14287,6.0531354014350995e+00,2.3521652670556448e-01,5.0531354014350995e+00,1.6718221926096966e+10,14075,6.8178610230139238e-09,4.4420263215455336e+00,8.8353261027340686e+00,7.8062987341653979e+01
22MAY09XA,C:\develop\waveP\data\temp\22MAY09XA.tgz,8690198,watch,R11050,True,0,4874,5.4609783256794806e+00,3.8943244120781795e-01,4.4609783256794806e+00,9.7154996008064117e+09,4804,1.6516879590187318e-08,1.1981812554125794e+01,3.8159574940174941e+00,1.4561531596148273e+01
22MAY11XA,C:\develop\waveP\data\temp\22MAY11XA.tgz,3829849,watch,RD2205,True,0,2193,5.0208758228919335e+00,5.1197987055564964e-01,4.0208758228919335e+00,1.9657118237868280e+09,2153,1.0457573504515192e-08,9.6543758444478129e+00,2.0429614518199362e+00,4.1736914936222211e+00
22MAY16XA,C:\develop\waveP\data\temp\22MAY16XA.tgz,4290120,watch,R11051,True,0,2393,1.1374223588058493e+01,5.9541821576791076e-01,1.0374223588058493e+01,6.2336977662960348e+09,2363,8.5857074142401799e-09,3.3026319272835152e+00,1.2427068418248899e+01,1.5443202947183920e+02
22MAY23XA,C:\develop\waveP\data\temp\22MAY23XA.tgz,12012837,watch,R11052,True,0,6983,1.7409277658075329e+01,5.7728015937692978e-01,1.6409277658075329e+01,9.8960523652603836e+09,6895,1.2192076153394807e-08,3.7076754943432282e+00,2.3271814831357315e+01,5.4157736554498229e+02
22MAY24XA,C:\develop\waveP\data\temp\22MAY24XA.tgz,7206871,watch,AUA088,True,0,4678,1.3532848768598063e+01,6.9668388484978161e-01,1.2532848768598063e+01,1.4246852592536016e+09,4658,1.4279899373447595e-08,3.3231998451978337e+00,1.3719174927406215e+01,1.8821576068877133e+02
22MAY30XA,C:\develop\waveP\data\temp\22MAY30XA.tgz,14215414,watch,AOV071,True,0,5476,1.2362919988641284e+01,5.3217584809712604e-01,1.1362919988641284e+01,1.0616721011926891e+09,5420,1.3873730810280657e-08,2.6267589395969675e+00,1.5761706089058425e+01,2.4843137883786142e+02
22MAY31XA,C:\develop\waveP\data\temp\22MAY31XA.tgz,11632588,watch,R11053,True,0,5809,1.6005663847034342e+01,7.5631589517928088e-01,1.5005663847034342e+01,6.9221654726063480e+09,5723,1.5166366068153696e-08,2.9458619930484069e+00,1.5907034666967476e+01,2.5303375189610509e+02
