session,source,n_points,max_abs_bendsun_ns,beta_source,beta_source_sigma,delta_beta_from_1,beta_all_session,beta_all_session_sigma,delta_beta_vs_session_all
18MAY01XA,0003-066,299,3.8915678326779855e+01,-3.1734601884391910e+01,6.4346360657590136e+00,-3.2734601884391907e+01,1.4021809170205990e+00,5.5657027442395014e-02,-3.3136782801412508e+01
17MAY01XA,0016+731,91,2.9980768003362140e+01,-3.2418730183053661e+01,2.8167900001025417e+00,-3.3418730183053661e+01,1.1866902903646863e+00,6.9614570068410556e-02,-3.3605420473418349e+01
18MAY01XA,0016+731,63,3.8915678326779855e+01,-1.2899225038584300e+01,3.9588548610889083e+00,-1.3899225038584300e+01,1.4021809170205990e+00,5.5657027442395014e-02,-1.4301405955604899e+01
17MAY01XA,0017+200,176,2.9980768003362140e+01,-8.2042693117424470e+00,4.7708426712577063e+00,-9.2042693117424470e+00,1.1866902903646863e+00,6.9614570068410556e-02,-9.3909596021071327e+00
18MAY01XA,0017+200,382,3.8915678326779855e+01,-1.0680873650818144e+01,1.8367342805945051e+00,-1.1680873650818144e+01,1.4021809170205990e+00,5.5657027442395014e-02,-1.2083054567838744e+01
20MAY04XA,0017+200,260,1.0106397771203248e+01,1.5391682295508218e+01,3.7081315830343384e+00,1.4391682295508218e+01,8.0497082639269522e+00,2.7976357126395818e-01,7.3419740315812660e+00
20MAY04XA,0019+058,137,1.0106397771203248e+01,2.8956911798076550e+01,9.6097493333438315e+00,2.7956911798076550e+01,8.0497082639269522e+00,2.7976357126395818e-01,2.0907203534149598e+01
17MAY01XA,0059+581,56,2.9980768003362140e+01,9.1811162502098949e+00,2.0918595553455218e-17,8.1811162502098949e+00,1.1866902903646863e+00,6.9614570068410556e-02,7.9944259598452083e+00
18MAY01XA,0059+581,74,3.8915678326779855e+01,-1.7254285601288771e+01,9.9246681061318434e+00,-1.8254285601288771e+01,1.4021809170205990e+00,5.5657027442395014e-02,-1.8656466518309369e+01
20MAY04XA,0059+581,1015,1.0106397771203248e+01,-6.8905942374493385e+00,5.9108135526400418e-01,-7.8905942374493385e+00,8.0497082639269522e+00,2.7976357126395818e-01,-1.4940302501376291e+01
20MAY06XA,0059+581,53,1.1452581368343477e+01,-2.6839149996547164e+01,2.8275369351066670e+00,-2.7839149996547164e+01,9.2325738013260708e+00,1.2206749153850662e+00,-3.6071723797873233e+01
22MAY09XA,0059+581,288,1.1981812554125794e+01,2.8947774965084498e+00,2.7413399449116929e+00,1.8947774965084498e+00,5.4609783256794806e+00,3.8943244120781795e-01,-2.5662008291710308e+00
18MAY01XA,0104-408,56,3.8915678326779855e+01,-6.9962720643737683e+01,5.3295321525531826e+01,-7.0962720643737683e+01,1.4021809170205990e+00,5.5657027442395014e-02,-7.1364901560758284e+01
20MAY04XA,0119+115,159,1.0106397771203248e+01,1.4408758620634801e+01,0.0000000000000000e+00,1.3408758620634801e+01,8.0497082639269522e+00,2.7976357126395818e-01,6.3590503567078489e+00
17MAY01XA,0133+476,27,2.9980768003362140e+01,-6.1743254872654887e+01,4.3993214370818737e-17,-6.2743254872654887e+01,1.1866902903646863e+00,6.9614570068410556e-02,-6.2929945163019575e+01
18MAY01XA,0133+476,38,3.8915678326779855e+01,-1.0788887829241855e+03,1.4819528266290183e+03,-1.0798887829241855e+03,1.4021809170205990e+00,5.5657027442395014e-02,-1.0802909638412061e+03
17MAY01XA,0202+319,225,2.9980768003362140e+01,-6.6760537526899943e+00,1.7703590537746201e+00,-7.6760537526899943e+00,1.1866902903646863e+00,6.9614570068410556e-02,-7.8627440430546809e+00
18MAY01XA,0202+319,245,3.8915678326779855e+01,8.4400460376059776e+00,3.6348221933122131e+00,7.4400460376059776e+00,1.4021809170205990e+00,5.5657027442395014e-02,7.0378651205853782e+00
22MAY09XA,0202+319,186,1.1981812554125794e+01,-1.7723391211960875e+00,1.6563832821461108e-15,-2.7723391211960875e+00,5.4609783256794806e+00,3.8943244120781795e-01,-7.2333174468755681e+00
20MAY04XA,0215+015,122,1.0106397771203248e+01,1.1208365837771932e+01,1.1401084798694756e+01,1.0208365837771932e+01,8.0497082639269522e+00,2.7976357126395818e-01,3.1586575738449802e+00
22MAY09XA,0215+015,190,1.1981812554125794e+01,-8.9603082451813787e-01,2.4270556434435248e-01,-1.8960308245181379e+00,5.4609783256794806e+00,3.8943244120781795e-01,-6.3570091501976185e+00
17MAY01XA,0229+131,577,2.9980768003362140e+01,-1.1705949911251115e+00,2.8042058295002104e-01,-2.1705949911251112e+00,1.1866902903646863e+00,6.9614570068410556e-02,-2.3572852814897978e+00
18MAY01XA,0229+131,2104,3.8915678326779855e+01,2.8096351508207495e-01,1.3075369807083062e-01,-7.1903648491792505e-01,1.4021809170205990e+00,5.5657027442395014e-02,-1.1212174019385239e+00
17MAY01XA,0235+164,452,2.9980768003362140e+01,-2.3863890946696303e-01,2.8361199278677984e-01,-1.2386389094669630e+00,1.1866902903646863e+00,6.9614570068410556e-02,-1.4253291998316493e+00
18MAY01XA,0235+164,541,3.8915678326779855e+01,8.1991381024113719e-01,2.0190161236160697e-01,-1.8008618975886281e-01,1.4021809170205990e+00,5.5657027442395014e-02,-5.8226710677946181e-01
22MAY09XA,0235+164,276,1.1981812554125794e+01,-3.4907367148843177e-01,2.9525345944365755e-01,-1.3490736714884317e+00,5.4609783256794806e+00,3.8943244120781795e-01,-5.8100519971679123e+00
20MAY04XA,0306+102,78,1.0106397771203248e+01,-1.2382176328749511e+01,1.0809542565948483e+01,-1.3382176328749511e+01,8.0497082639269522e+00,2.7976357126395818e-01,-2.0431884592676461e+01
18MAY01XA,0307+380,42,3.8915678326779855e+01,-2.7503785834316250e-11,0.0000000000000000e+00,-1.0000000000275038e+00,1.4021809170205990e+00,5.5657027442395014e-02,-1.4021809170481028e+00
20MAY04XA,0308-611,22,1.0106397771203248e+01,-6.1361917300112800e+01,8.4850426392474226e-19,-6.2361917300112800e+01,8.0497082639269522e+00,2.7976357126395818e-01,-6.9411625564039753e+01
22MAY09XA,0342+147,48,1.1981812554125794e+01,-2.5275302830335921e+01,2.1628242886777573e+00,-2.6275302830335921e+01,5.4609783256794806e+00,3.8943244120781795e-01,-3.0736281156015401e+01
18MAY01XA,0402-362,85,3.8915678326779855e+01,-7.9000243035806621e+00,1.7497670044145014e+01,-8.9000243035806612e+00,1.4021809170205990e+00,5.5657027442395014e-02,-9.3022052206012606e+00
20MAY06XA,0410+110,23,1.1452581368343477e+01,-5.8519682778517170e+00,1.6777905279714393e+00,-6.8519682778517170e+00,9.2325738013260708e+00,1.2206749153850662e+00,-1.5084542079177787e+01
18MAY01XA,0420+022,149,3.8915678326779855e+01,-1.5596206331092292e+01,9.0431782836824919e+00,-1.6596206331092290e+01,1.4021809170205990e+00,5.5657027442395014e-02,-1.6998387248112891e+01
22MAY09XA,0420+022,57,1.1981812554125794e+01,3.0352339509478110e+01,9.0778078334971468e+00,2.9352339509478110e+01,5.4609783256794806e+00,3.8943244120781795e-01,2.4891361183798629e+01
17MAY01XA,0420-014,155,2.9980768003362140e+01,2.9851685421913260e+01,3.7567742016773531e+00,2.8851685421913260e+01,1.1866902903646863e+00,6.9614570068410556e-02,2.8664995131548572e+01
20MAY04XA,0454+844,34,1.0106397771203248e+01,-1.7034049178183659e+00,3.6005878858806190e-01,-2.7034049178183661e+00,8.0497082639269522e+00,2.7976357126395818e-01,-9.7531131817453183e+00
17MAY01XA,0454-234,48,2.9980768003362140e+01,-1.4108610897234612e+02,5.0185362647477923e+01,-1.4208610897234612e+02,1.1866902903646863e+00,6.9614570068410556e-02,-1.4227279926271081e+02
18MAY01XA,0454-234,178,3.8915678326779855e+01,2.4271894974081306e+01,9.0457244689929972e+00,2.3271894974081306e+01,1.4021809170205990e+00,5.5657027442395014e-02,2.2869714057060708e+01
22MAY09XA,0454-234,88,1.1981812554125794e+01,3.6780510017894372e+01,4.2693428817005184e+01,3.5780510017894372e+01,5.4609783256794806e+00,3.8943244120781795e-01,3.1319531692214891e+01
17MAY01XA,0458-020,61,2.9980768003362140e+01,6.1749454257826521e+01,1.7209681326530038e+01,6.0749454257826521e+01,1.1866902903646863e+00,6.9614570068410556e-02,6.0562763967461834e+01
18MAY01XA,0458-020,348,3.8915678326779855e+01,4.2705313039404809e+00,4.6154077838469272e+00,3.2705313039404809e+00,1.4021809170205990e+00,5.5657027442395014e-02,2.8683503869198819e+00
20MAY04XA,0458-020,151,1.0106397771203248e+01,-3.4325894615522010e+01,5.8285569803466188e+00,-3.5325894615522010e+01,8.0497082639269522e+00,2.7976357126395818e-01,-4.2375602879448962e+01
20MAY04XA,0529+483,551,1.0106397771203248e+01,-4.5982791318355281e+00,1.7958229112940403e+00,-5.5982791318355281e+00,8.0497082639269522e+00,2.7976357126395818e-01,-1.2647987395762481e+01
20MAY04XA,0530-727,22,1.0106397771203248e+01,-1.3586708279421634e+01,9.5880563908809311e+00,-1.4586708279421634e+01,8.0497082639269522e+00,2.7976357126395818e-01,-2.1636416543348588e+01
20MAY04XA,0537-286,23,1.0106397771203248e+01,-1.5026076143880791e+01,6.2123136582196473e+01,-1.6026076143880793e+01,8.0497082639269522e+00,2.7976357126395818e-01,-2.3075784407807745e+01
20MAY04XA,0537-441,21,1.0106397771203248e+01,2.1068942618861726e+02,7.7797172784886342e+01,2.0968942618861726e+02,8.0497082639269522e+00,2.7976357126395818e-01,2.0263971792469030e+02
17MAY01XA,0552+398,104,2.9980768003362140e+01,7.4602882442991302e+01,1.0112836742176356e+01,7.3602882442991302e+01,1.1866902903646863e+00,6.9614570068410556e-02,7.3416192152626621e+01
18MAY01XA,0552+398,263,3.8915678326779855e+01,-6.8366813917294227e+00,2.0101641181793131e+00,-7.8366813917294227e+00,1.4021809170205990e+00,5.5657027442395014e-02,-8.2388623087500221e+00
20MAY04XA,0602+673,309,1.0106397771203248e+01,-3.7666151223418898e+00,1.1249301963654761e+00,-4.7666151223418893e+00,8.0497082639269522e+00,2.7976357126395818e-01,-1.1816323386268841e+01
22MAY09XA,0613+570,304,1.1981812554125794e+01,-5.9554428814844876e+01,4.4780296351689017e+00,-6.0554428814844876e+01,5.4609783256794806e+00,3.8943244120781795e-01,-6.5015407140524360e+01
20MAY04XA,0641+392,54,1.0106397771203248e+01,4.6109424865370313e-01,4.5617400742056421e-16,-5.3890575134629692e-01,8.0497082639269522e+00,2.7976357126395818e-01,-7.5886140152732491e+00
17MAY01XA,0642+449,46,2.9980768003362140e+01,1.0429149854333801e+02,1.6690710841172610e+01,1.0329149854333801e+02,1.1866902903646863e+00,6.9614570068410556e-02,1.0310480825297333e+02
18MAY01XA,0642+449,73,3.8915678326779855e+01,1.4069895972065574e+01,3.0047416558170241e+01,1.3069895972065574e+01,1.4021809170205990e+00,5.5657027442395014e-02,1.2667715055044974e+01
20MAY04XA,0656+082,40,1.0106397771203248e+01,9.7200168592520182e+00,0.0000000000000000e+00,8.7200168592520182e+00,8.0497082639269522e+00,2.7976357126395818e-01,1.6703085953250660e+00
17MAY01XA,0700-197,36,2.9980768003362140e+01,-5.7124787806300651e+02,3.7017280494244528e+02,-5.7224787806300651e+02,1.1866902903646863e+00,6.9614570068410556e-02,-5.7243456835337122e+02
18MAY01XA,0700-197,36,3.8915678326779855e+01,6.7087509321699795e-12,6.1659044694827865e-02,-9.9999999999329126e-01,1.4021809170205990e+00,5.5657027442395014e-02,-1.4021809170138901e+00
17MAY01XA,0716+714,127,2.9980768003362140e+01,3.9864425869576179e+00,2.0535093110506550e+00,2.9864425869576179e+00,1.1866902903646863e+00,6.9614570068410556e-02,2.7997522965929313e+00
18MAY01XA,0716+714,92,3.8915678326779855e+01,4.8446656936464505e+00,2.8988631329320995e+00,3.8446656936464505e+00,1.4021809170205990e+00,5.5657027442395014e-02,3.4424847766258515e+00
20MAY06XA,0716+714,26,1.1452581368343477e+01,-4.3524268042594521e+01,8.3774702911323544e+00,-4.4524268042594521e+01,9.2325738013260708e+00,1.2206749153850662e+00,-5.2756841843920590e+01
22MAY09XA,0718+793,135,1.1981812554125794e+01,-1.1418162640264827e+01,7.6499638466899322e-01,-1.2418162640264827e+01,5.4609783256794806e+00,3.8943244120781795e-01,-1.6879140965944309e+01
22MAY09XA,0723+219,31,1.1981812554125794e+01,5.5614866136053330e+01,8.0989196772913559e+00,5.4614866136053330e+01,5.4609783256794806e+00,3.8943244120781795e-01,5.0153887810373845e+01
17MAY01XA,0727-115,67,2.9980768003362140e+01,6.2210966858691293e+01,5.6495256263794271e+00,6.1210966858691293e+01,1.1866902903646863e+00,6.9614570068410556e-02,6.1024276568326606e+01
18MAY01XA,0727-115,312,3.8915678326779855e+01,2.1808175417217505e+01,1.3241436643687415e+01,2.0808175417217505e+01,1.4021809170205990e+00,5.5657027442395014e-02,2.0405994500196908e+01
20MAY04XA,0727-115,122,1.0106397771203248e+01,5.2578924545303146e+01,2.0550687095619651e+01,5.1578924545303146e+01,8.0497082639269522e+00,2.7976357126395818e-01,4.4529216281376193e+01
22MAY09XA,0727-115,107,1.1981812554125794e+01,1.2661443794404468e+02,8.6978527864961313e-17,1.2561443794404468e+02,5.4609783256794806e+00,3.8943244120781795e-01,1.2115345961836520e+02
20MAY04XA,0729+259,22,1.0106397771203248e+01,-1.5595854544137057e-12,0.0000000000000000e+00,-1.0000000000015596e+00,8.0497082639269522e+00,2.7976357126395818e-01,-8.0497082639285118e+00
17MAY01XA,0748+126,47,2.9980768003362140e+01,7.4442172462366500e+01,1.1100698346683816e-16,7.3442172462366500e+01,1.1866902903646863e+00,6.9614570068410556e-02,7.3255482172001820e+01
18MAY01XA,0748+126,409,3.8915678326779855e+01,8.0939071956868798e+00,1.0740653366353283e+00,7.0939071956868798e+00,1.4021809170205990e+00,5.5657027442395014e-02,6.6917262786662803e+00
18MAY01XA,0800+618,32,3.8915678326779855e+01,6.0703217919061800e+01,1.0984651871928611e+01,5.9703217919061800e+01,1.4021809170205990e+00,5.5657027442395014e-02,5.9301037002041198e+01
20MAY04XA,0800+618,165,1.0106397771203248e+01,-7.9499723369087383e-01,3.0980154287228716e+00,-1.7949972336908737e+00,8.0497082639269522e+00,2.7976357126395818e-01,-8.8447054976178254e+00
22MAY09XA,0800+618,37,1.1981812554125794e+01,-3.7447498084041371e+00,2.1328809340062587e+00,-4.7447498084041371e+00,5.4609783256794806e+00,3.8943244120781795e-01,-9.2057281340836177e+00
18MAY01XA,0805+410,57,3.8915678326779855e+01,2.5442290831592182e+01,4.2613757806308193e+01,2.4442290831592182e+01,1.4021809170205990e+00,5.5657027442395014e-02,2.4040109914571584e+01
20MAY04XA,0808+019,111,1.0106397771203248e+01,1.9884489564050916e+01,1.3867268431039598e+01,1.8884489564050916e+01,8.0497082639269522e+00,2.7976357126395818e-01,1.1834781300123964e+01
20MAY04XA,0814+425,462,1.0106397771203248e+01,2.9616837061537424e+01,0.0000000000000000e+00,2.8616837061537424e+01,8.0497082639269522e+00,2.7976357126395818e-01,2.1567128797610472e+01
22MAY09XA,0814+425,240,1.1981812554125794e+01,1.6319988017361847e+01,5.0473589945941422e+00,1.5319988017361847e+01,5.4609783256794806e+00,3.8943244120781795e-01,1.0859009691682367e+01
20MAY04XA,0826-373,30,1.0106397771203248e+01,-4.1478256751170175e+00,1.0948624873529331e+01,-5.1478256751170175e+00,8.0497082639269522e+00,2.7976357126395818e-01,-1.2197533939043970e+01
18MAY01XA,0834-201,35,3.8915678326779855e+01,1.4922696329295030e+02,2.8035236495179998e+01,1.4822696329295030e+02,1.4021809170205990e+00,5.5657027442395014e-02,1.4782478237592971e+02
20MAY04XA,0854-108,42,1.0106397771203248e+01,-1.3421120698963347e+00,1.0048479144246515e+02,-2.3421120698963347e+00,8.0497082639269522e+00,2.7976357126395818e-01,-9.3918203338232864e+00
18MAY01XA,0955+476,91,3.8915678326779855e+01,3.0321612300821347e+01,5.3334547598146846e+00,2.9321612300821347e+01,1.4021809170205990e+00,5.5657027442395014e-02,2.8919431383800749e+01
20MAY04XA,0955+476,524,1.0106397771203248e+01,2.9035959094953288e+01,3.0391814617011907e+00,2.8035959094953288e+01,8.0497082639269522e+00,2.7976357126395818e-01,2.0986250831026336e+01
20MAY06XA,0955+476,48,1.1452581368343477e+01,2.2524339952431344e+01,6.3599550817500932e+00,2.1524339952431344e+01,9.2325738013260708e+00,1.2206749153850662e+00,1.3291766151105273e+01
20MAY04XA,1014+615,118,1.0106397771203248e+01,2.0465019482361097e+01,3.8518472690877421e+00,1.9465019482361097e+01,8.0497082639269522e+00,2.7976357126395818e-01,1.2415311218434145e+01
20MAY04XA,1015+359,105,1.0106397771203248e+01,6.4913318531376589e+01,1.4294867996837418e+01,6.3913318531376589e+01,8.0497082639269522e+00,2.7976357126395818e-01,5.6863610267449637e+01
17MAY01XA,1030+415,80,2.9980768003362140e+01,5.9290934759006880e+01,6.6718788032740548e+00,5.8290934759006880e+01,1.1866902903646863e+00,6.9614570068410556e-02,5.8104244468642193e+01
18MAY01XA,1030+415,145,3.8915678326779855e+01,-2.0190400631650038e+00,4.6596803986043902e+00,-3.0190400631650038e+00,1.4021809170205990e+00,5.5657027442395014e-02,-3.4212209801856028e+00
22MAY09XA,1038+52A,40,1.1981812554125794e+01,5.5454052555371220e+01,2.9899963570591211e+01,5.4454052555371220e+01,5.4609783256794806e+00,3.8943244120781795e-01,4.9993074229691743e+01
18MAY01XA,1039+811,57,3.8915678326779855e+01,6.6431111116715416e+00,9.8224790945971663e-01,5.6431111116715416e+00,1.4021809170205990e+00,5.5657027442395014e-02,5.2409301946509430e+00
22MAY09XA,1040+244,71,1.1981812554125794e+01,2.3031054159578378e+01,1.6599720116576606e+01,2.2031054159578378e+01,5.4609783256794806e+00,3.8943244120781795e-01,1.7570075833898898e+01
22MAY09XA,1053+704,99,1.1981812554125794e+01,1.7362952587396027e+01,4.2590282781104074e+00,1.6362952587396027e+01,5.4609783256794806e+00,3.8943244120781795e-01,1.1901974261716546e+01
18MAY01XA,1057-797,39,3.8915678326779855e+01,2.5986237414841142e+01,2.3683650894805449e+01,2.4986237414841142e+01,1.4021809170205990e+00,5.5657027442395014e-02,2.4584056497820544e+01
22MAY09XA,1057-797,31,1.1981812554125794e+01,-1.4132722981767321e+02,1.9392319544239729e+01,-1.4232722981767321e+02,5.4609783256794806e+00,3.8943244120781795e-01,-1.4678820814335270e+02
20MAY06XA,1104+728,36,1.1452581368343477e+01,-1.1554436737639740e+01,1.1355151748706531e+01,-1.2554436737639740e+01,9.2325738013260708e+00,1.2206749153850662e+00,-2.0787010538965809e+01
17MAY01XA,1123+264,95,2.9980768003362140e+01,7.4873507219585051e+01,9.1751361106741367e+00,7.3873507219585051e+01,1.1866902903646863e+00,6.9614570068410556e-02,7.3686816929220370e+01
20MAY04XA,1123+264,65,1.0106397771203248e+01,7.8158516974261332e+01,1.7929451148427937e+01,7.7158516974261332e+01,8.0497082639269522e+00,2.7976357126395818e-01,7.0108808710334387e+01
18MAY01XA,1124-186,82,3.8915678326779855e+01,-1.5694698349945043e+01,5.7342545878682316e+01,-1.6694698349945043e+01,1.4021809170205990e+00,5.5657027442395014e-02,-1.7096879266965640e+01
20MAY06XA,1125+366,25,1.1452581368343477e+01,8.1605473610136855e+01,1.3697792136919395e+01,8.0605473610136855e+01,9.2325738013260708e+00,1.2206749153850662e+00,7.2372899808810786e+01
18MAY01XA,1128+385,244,3.8915678326779855e+01,5.4993821762710070e+01,4.2799635623106536e+00,5.3993821762710070e+01,1.4021809170205990e+00,5.5657027442395014e-02,5.3591640845689469e+01
22MAY09XA,1144+402,159,1.1981812554125794e+01,6.7361314572259133e+01,7.6341684794958171e+00,6.6361314572259133e+01,5.4609783256794806e+00,3.8943244120781795e-01,6.1900336246579656e+01
18MAY01XA,1144-379,123,3.8915678326779855e+01,6.0612061642471289e+01,1.4239928035233266e+01,5.9612061642471289e+01,1.4021809170205990e+00,5.5657027442395014e-02,5.9209880725450688e+01
17MAY01XA,1149-084,99,2.9980768003362140e+01,9.0936536306961273e+01,9.1653116079788273e+00,8.9936536306961273e+01,1.1866902903646863e+00,6.9614570068410556e-02,8.9749846016596592e+01
18MAY01XA,1149-084,299,3.8915678326779855e+01,1.1165833491912386e+02,7.8459730962627781e+00,1.1065833491912386e+02,1.4021809170205990e+00,5.5657027442395014e-02,1.1025615400210326e+02
20MAY04XA,1149-084,69,1.0106397771203248e+01,-7.2629332397866719e+01,3.2426488720923750e+01,-7.3629332397866719e+01,8.0497082639269522e+00,2.7976357126395818e-01,-8.0679040661793664e+01
20MAY06XA,1149-084,27,1.1452581368343477e+01,3.6889107060734112e+01,3.2826410258180239e+01,3.5889107060734112e+01,9.2325738013260708e+00,1.2206749153850662e+00,2.7656533259408043e+01
22MAY09XA,1149-084,68,1.1981812554125794e+01,-1.1987565699075294e+01,3.3592908703459827e+01,-1.2987565699075294e+01,5.4609783256794806e+00,3.8943244120781795e-01,-1.7448544024754774e+01
17MAY01XA,1156+295,40,2.9980768003362140e+01,8.9122565367574211e+01,2.0088764705985979e-17,8.8122565367574211e+01,1.1866902903646863e+00,6.9614570068410556e-02,8.7935875077209531e+01
18MAY01XA,1156+295,344,3.8915678326779855e+01,7.1220359983983315e+01,4.7835119956272560e+00,7.0220359983983315e+01,1.4021809170205990e+00,5.5657027442395014e-02,6.9818179066962713e+01
17MAY01XA,1213-172,75,2.9980768003362140e+01,1.2931456921808905e+02,2.2306646813168980e-18,1.2831456921808905e+02,1.1866902903646863e+00,6.9614570068410556e-02,1.2812787892772437e+02
20MAY06XA,1215+303,42,1.1452581368343477e+01,1.2720093047601097e+02,1.8426263167735481e+01,1.2620093047601097e+02,9.2325738013260708e+00,1.2206749153850662e+00,1.1796835667468490e+02
20MAY04XA,1244-255,39,1.0106397771203248e+01,4.3980999574995870e+01,0.0000000000000000e+00,4.2980999574995870e+01,8.0497082639269522e+00,2.7976357126395818e-01,3.5931291311068918e+01
18MAY01XA,1300+580,75,3.8915678326779855e+01,3.1813927143762342e+01,5.9997585054618332e+00,3.0813927143762342e+01,1.4021809170205990e+00,5.5657027442395014e-02,3.0411746226741744e+01
20MAY04XA,1324+224,189,1.0106397771203248e+01,6.6815728467370135e+01,3.1850208768249995e+00,6.5815728467370135e+01,8.0497082639269522e+00,2.7976357126395818e-01,5.8766020203443183e+01
20MAY06XA,1330+476,48,1.1452581368343477e+01,6.5524368767678311e+01,1.0332191143414985e+01,6.4524368767678311e+01,9.2325738013260708e+00,1.2206749153850662e+00,5.6291794966352242e+01
17MAY01XA,1334-127,77,2.9980768003362140e+01,1.0445255857351866e+02,1.3841273045567373e+01,1.0345255857351866e+02,1.1866902903646863e+00,6.9614570068410556e-02,1.0326586828315398e+02
18MAY01XA,1334-127,325,3.8915678326779855e+01,1.4014628844933424e+02,2.8021241801172991e-16,1.3914628844933424e+02,1.4021809170205990e+00,5.5657027442395014e-02,1.3874410753231365e+02
20MAY04XA,1334-127,130,1.0106397771203248e+01,6.5902784879474154e+01,6.5418119912239293e-16,6.4902784879474154e+01,8.0497082639269522e+00,2.7976357126395818e-01,5.7853076615547202e+01
22MAY09XA,1334-127,75,1.1981812554125794e+01,-1.0121360846207128e+03,6.9031049783760523e-16,-1.0131360846207128e+03,5.4609783256794806e+00,3.8943244120781795e-01,-1.0175970629463923e+03
20MAY04XA,1417+385,141,1.0106397771203248e+01,6.3221613791413667e+01,1.2742143558481676e+01,6.2221613791413667e+01,8.0497082639269522e+00,2.7976357126395818e-01,5.5171905527486715e+01
18MAY01XA,1418+546,50,3.8915678326779855e+01,4.7717309848860637e+01,3.0406217686897627e+01,4.6717309848860637e+01,1.4021809170205990e+00,5.5657027442395014e-02,4.6315128931840036e+01
20MAY04XA,1418+546,372,1.0106397771203248e+01,4.6941261234350868e+01,1.8553457149792767e+00,4.5941261234350868e+01,8.0497082639269522e+00,2.7976357126395818e-01,3.8891552970423916e+01
17MAY01XA,1424-418,21,2.9980768003362140e+01,6.3592662241118639e+01,1.2218593040890858e-18,6.2592662241118639e+01,1.1866902903646863e+00,6.9614570068410556e-02,6.2405971950753951e+01
18MAY01XA,1424-418,176,3.8915678326779855e+01,7.4461768361850503e+01,0.0000000000000000e+00,7.3461768361850503e+01,1.4021809170205990e+00,5.5657027442395014e-02,7.3059587444829901e+01
22MAY09XA,1424-418,29,1.1981812554125794e+01,4.3665529161697265e+01,1.4114070609330886e+01,4.2665529161697265e+01,5.4609783256794806e+00,3.8943244120781795e-01,3.8204550836017788e+01
18MAY01XA,1428+422,75,3.8915678326779855e+01,2.4111623173463318e+01,3.9051516257069072e+00,2.3111623173463318e+01,1.4021809170205990e+00,5.5657027442395014e-02,2.2709442256442721e+01
18MAY01XA,1502+036,131,3.8915678326779855e+01,-1.5915324312933357e+01,2.7237285137473972e+01,-1.6915324312933357e+01,1.4021809170205990e+00,5.5657027442395014e-02,-1.7317505229953955e+01
20MAY04XA,1502+036,89,1.0106397771203248e+01,5.3225526964958325e+00,1.0480118104372560e+01,4.3225526964958325e+00,8.0497082639269522e+00,2.7976357126395818e-01,-2.7271555674311196e+00
18MAY01XA,1508+572,66,3.8915678326779855e+01,1.9165604825657113e+01,1.7301900534081909e+00,1.8165604825657113e+01,1.4021809170205990e+00,5.5657027442395014e-02,1.7763423908636515e+01
18MAY01XA,1519-273,47,3.8915678326779855e+01,6.6482193140260776e+01,1.2689813727290729e+02,6.5482193140260776e+01,1.4021809170205990e+00,5.5657027442395014e-02,6.5080012223240175e+01
18MAY01XA,1546+027,317,3.8915678326779855e+01,6.9608213547927122e+01,6.1951726157753377e+00,6.8608213547927122e+01,1.4021809170205990e+00,5.5657027442395014e-02,6.8206032630906520e+01
20MAY04XA,1616+063,162,1.0106397771203248e+01,4.4565663675645677e+00,1.5614199079561406e+01,3.4565663675645677e+00,8.0497082639269522e+00,2.7976357126395818e-01,-3.5931418963623845e+00
20MAY04XA,1617+229,85,1.0106397771203248e+01,5.5575940135956124e+01,1.7744691492374582e+01,5.4575940135956124e+01,8.0497082639269522e+00,2.7976357126395818e-01,4.7526231872029172e+01
22MAY09XA,1636+473,20,1.1981812554125794e+01,-9.0470302520039823e+01,4.5860641798643506e+01,-9.1470302520039823e+01,5.4609783256794806e+00,3.8943244120781795e-01,-9.5931280845719300e+01
20MAY06XA,1639+230,22,1.1452581368343477e+01,1.5237797290136326e+01,2.5314948568656366e+01,1.4237797290136326e+01,9.2325738013260708e+00,1.2206749153850662e+00,6.0052234888102554e+00
17MAY01XA,1639-062,140,2.9980768003362140e+01,2.9887098089273856e+01,1.3561492614938119e+01,2.8887098089273856e+01,1.1866902903646863e+00,6.9614570068410556e-02,2.8700407798909168e+01
18MAY01XA,1639-062,94,3.8915678326779855e+01,6.0762284180195067e+01,2.2445951595044267e+01,5.9762284180195067e+01,1.4021809170205990e+00,5.5657027442395014e-02,5.9360103263174466e+01
20MAY04XA,1639-062,148,1.0106397771203248e+01,1.5849374316345163e+01,0.0000000000000000e+00,1.4849374316345163e+01,8.0497082639269522e+00,2.7976357126395818e-01,7.7996660524182104e+00
18MAY01XA,1657-261,35,3.8915678326779855e+01,3.7162395700374624e+01,9.9806100403383212e+01,3.6162395700374624e+01,1.4021809170205990e+00,5.5657027442395014e-02,3.5760214783354023e+01
20MAY04XA,1657-261,32,1.0106397771203248e+01,1.3344934162951591e+02,3.8690030299185845e-16,1.3244934162951591e+02,8.0497082639269522e+00,2.7976357126395818e-01,1.2539963336558895e+02
22MAY09XA,1657-261,22,1.1981812554125794e+01,-4.3829190608913945e+02,4.5034591304987350e+02,-4.3929190608913945e+02,5.4609783256794806e+00,3.8943244120781795e-01,-4.4375288441481894e+02
18MAY01XA,1705+018,129,3.8915678326779855e+01,-6.4420643116526549e+01,4.3097136253236897e+01,-6.5420643116526549e+01,1.4021809170205990e+00,5.5657027442395014e-02,-6.5822824033547150e+01
17MAY01XA,1741-038,74,2.9980768003362140e+01,6.3299163303969863e+01,5.3813879433878853e+00,6.2299163303969863e+01,1.1866902903646863e+00,6.9614570068410556e-02,6.2112473013605175e+01
18MAY01XA,1741-038,285,3.8915678326779855e+01,2.3104948475145520e+01,1.2030700900559074e+01,2.2104948475145520e+01,1.4021809170205990e+00,5.5657027442395014e-02,2.1702767558124922e+01
20MAY04XA,1741-038,180,1.0106397771203248e+01,2.3599933773505587e+01,1.9170403124512536e+01,2.2599933773505587e+01,8.0497082639269522e+00,2.7976357126395818e-01,1.5550225509578635e+01
20MAY06XA,1741-038,23,1.1452581368343477e+01,-1.9191732157828285e+00,5.0593673936507813e+01,-2.9191732157828287e+00,9.2325738013260708e+00,1.2206749153850662e+00,-1.1151747017108899e+01
18MAY01XA,1749+096,252,3.8915678326779855e+01,6.0937650798459210e+01,4.6345121942112728e+00,5.9937650798459210e+01,1.4021809170205990e+00,5.5657027442395014e-02,5.9535469881438608e+01
17MAY01XA,1751+288,149,2.9980768003362140e+01,4.2459736390528093e+01,9.0542067593690145e+00,4.1459736390528093e+01,1.1866902903646863e+00,6.9614570068410556e-02,4.1273046100163405e+01
18MAY01XA,1751+288,107,3.8915678326779855e+01,7.2951415081265310e+01,3.3744093817928260e+01,7.1951415081265310e+01,1.4021809170205990e+00,5.5657027442395014e-02,7.1549234164244709e+01
18MAY01XA,1759-396,44,3.8915678326779855e+01,1.8074172458715387e+02,9.5130545122112271e-17,1.7974172458715387e+02,1.4021809170205990e+00,5.5657027442395014e-02,1.7933954367013328e+02
17MAY01XA,1803+784,66,2.9980768003362140e+01,1.9305821599903592e+00,1.7830746059877083e+00,9.3058215999035920e-01,1.1866902903646863e+00,6.9614570068410556e-02,7.4389186962567289e-01
18MAY01XA,1803+784,60,3.8915678326779855e+01,5.2941084452466391e+00,1.1331025249036188e+00,4.2941084452466391e+00,1.4021809170205990e+00,5.5657027442395014e-02,3.8919275282260402e+00
22MAY09XA,1803+784,501,1.1981812554125794e+01,1.5864150883757842e+01,4.8392563133525995e-01,1.4864150883757842e+01,5.4609783256794806e+00,3.8943244120781795e-01,1.0403172558078362e+01
20MAY04XA,1806+456,322,1.0106397771203248e+01,3.1575921931539476e+01,2.7595736849260297e+00,3.0575921931539476e+01,8.0497082639269522e+00,2.7976357126395818e-01,2.3526213667612524e+01
22MAY09XA,1846+322,25,1.1981812554125794e+01,4.0544644851614812e+01,1.7773926014475823e+01,3.9544644851614812e+01,5.4609783256794806e+00,3.8943244120781795e-01,3.5083666525935328e+01
18MAY01XA,1849+670,67,3.8915678326779855e+01,7.1979800476432469e+00,9.4189128969652263e+00,6.1979800476432469e+00,1.4021809170205990e+00,5.5657027442395014e-02,5.7957991306226475e+00
22MAY09XA,1908-201,24,1.1981812554125794e+01,1.2682766429823161e+02,3.4427315901248676e+01,1.2582766429823161e+02,5.4609783256794806e+00,3.8943244120781795e-01,1.2136668597255213e+02
18MAY01XA,1921-293,23,3.8915678326779855e+01,-1.4673160006478747e+03,2.2073302218576689e+01,-1.4683160006478747e+03,1.4021809170205990e+00,5.5657027442395014e-02,-1.4687181815648953e+03
18MAY01XA,1936-155,167,3.8915678326779855e+01,5.3267915963572129e+01,8.7231404038606417e+00,5.2267915963572129e+01,1.4021809170205990e+00,5.5657027442395014e-02,5.1865735046551528e+01
18MAY01XA,1954-388,45,3.8915678326779855e+01,6.4940592707224127e+01,9.0498576429428610e+01,6.3940592707224127e+01,1.4021809170205990e+00,5.5657027442395014e-02,6.3538411790203526e+01
20MAY04XA,1954-388,21,1.0106397771203248e+01,3.3396731740735383e+01,4.3464055889998832e+01,3.2396731740735383e+01,8.0497082639269522e+00,2.7976357126395818e-01,2.5347023476808431e+01
22MAY09XA,1954-388,52,1.1981812554125794e+01,7.9906913443129739e+01,2.3643990228045631e+01,7.8906913443129739e+01,5.4609783256794806e+00,3.8943244120781795e-01,7.4445935117450261e+01
18MAY01XA,1958-179,75,3.8915678326779855e+01,-3.1186748311839858e+02,3.9039721140830943e+02,-3.1286748311839858e+02,1.4021809170205990e+00,5.5657027442395014e-02,-3.1326966403541917e+02
18MAY01XA,2000+472,38,3.8915678326779855e+01,7.3379454422036190e+00,8.9704134981719860e-05,6.3379454422036190e+00,1.4021809170205990e+00,5.5657027442395014e-02,5.9357645251830196e+00
20MAY04XA,2000+472,348,1.0106397771203248e+01,3.7234665546344473e+01,2.9979101687226177e+00,3.6234665546344473e+01,8.0497082639269522e+00,2.7976357126395818e-01,2.9184957282417521e+01
20MAY04XA,2008-159,48,1.0106397771203248e+01,1.3174848007752149e+02,1.8187609146199783e+01,1.3074848007752149e+02,8.0497082639269522e+00,2.7976357126395818e-01,1.2369877181359453e+02
22MAY09XA,2008-159,92,1.1981812554125794e+01,2.7562545082959463e+01,2.1603848356442531e-16,2.6562545082959463e+01,5.4609783256794806e+00,3.8943244120781795e-01,2.2101566757279983e+01
20MAY04XA,2059+034,104,1.0106397771203248e+01,6.0869250534797343e+00,2.8530191410915840e+01,5.0869250534797343e+00,8.0497082639269522e+00,2.7976357126395818e-01,-1.9627832104472178e+00
22MAY09XA,2059+034,52,1.1981812554125794e+01,1.1515346214906671e+01,2.8793057663805438e+01,1.0515346214906671e+01,5.4609783256794806e+00,3.8943244120781795e-01,6.0543678892271906e+00
18MAY01XA,2101+600,40,3.8915678326779855e+01,-6.7511372412486426e-01,6.4165967846450185e+00,-1.6751137241248641e+00,1.4021809170205990e+00,5.5657027442395014e-02,-2.0772946411454631e+00
20MAY04XA,2113+293,261,1.0106397771203248e+01,2.8922634673468476e+01,2.7630667318351252e+00,2.7922634673468476e+01,8.0497082639269522e+00,2.7976357126395818e-01,2.0872926409541524e+01
18MAY01XA,2144+092,57,3.8915678326779855e+01,-3.6590536373407034e-12,1.5994620945110696e-02,-1.0000000000036591e+00,1.4021809170205990e+00,5.5657027442395014e-02,-1.4021809170242581e+00
22MAY09XA,2144+092,69,1.1981812554125794e+01,2.4414891389357169e+02,3.7646018673331426e+01,2.4314891389357169e+02,5.4609783256794806e+00,3.8943244120781795e-01,2.3868793556789220e+02
20MAY04XA,2204-540,25,1.0106397771203248e+01,6.5800295897539655e+01,1.1695451541684548e+01,6.4800295897539655e+01,8.0497082639269522e+00,2.7976357126395818e-01,5.7750587633612703e+01
18MAY01XA,2209+236,108,3.8915678326779855e+01,-4.9544121475390810e+00,9.2804968249540263e+00,-5.9544121475390810e+00,1.4021809170205990e+00,5.5657027442395014e-02,-6.3565930645596804e+00
17MAY01XA,2215+150,169,2.9980768003362140e+01,1.7494541325557147e+01,6.1286706956467896e+00,1.6494541325557147e+01,1.1866902903646863e+00,6.9614570068410556e-02,1.6307851035192460e+01
18MAY01XA,2215+150,71,3.8915678326779855e+01,3.5380164966867618e+01,2.3635426629130549e-03,3.4380164966867618e+01,1.4021809170205990e+00,5.5657027442395014e-02,3.3977984049847016e+01
17MAY01XA,2227-088,118,2.9980768003362140e+01,2.2140294547922107e+01,1.6256341881925056e+01,2.1140294547922107e+01,1.1866902903646863e+00,6.9614570068410556e-02,2.0953604257557419e+01
18MAY01XA,2227-088,241,3.8915678326779855e+01,-9.8308787337279455e+01,1.5358535891776981e+01,-9.9308787337279455e+01,1.4021809170205990e+00,5.5657027442395014e-02,-9.9710968254300056e+01
22MAY09XA,2227-088,153,1.1981812554125794e+01,-9.0679097092395253e+01,1.5504525576725639e+01,-9.1679097092395253e+01,5.4609783256794806e+00,3.8943244120781795e-01,-9.6140075418074730e+01
20MAY04XA,2229+695,277,1.0106397771203248e+01,1.3712046666233516e-01,5.1013860011405354e-01,-8.6287953333766487e-01,8.0497082639269522e+00,2.7976357126395818e-01,-7.9125877972646173e+00
22MAY09XA,2229+695,278,1.1981812554125794e+01,1.6266346918914167e+01,1.4317388231020924e+00,1.5266346918914167e+01,5.4609783256794806e+00,3.8943244120781795e-01,1.0805368593234686e+01
20MAY04XA,2255-282,20,1.0106397771203248e+01,1.6552781109493063e+02,1.4061819441810839e-17,1.6452781109493063e+02,8.0497082639269522e+00,2.7976357126395818e-01,1.5747810283100367e+02
22MAY09XA,2255-282,30,1.1981812554125794e+01,-3.0199957310830666e+02,9.4875633278831245e+01,-3.0299957310830666e+02,5.4609783256794806e+00,3.8943244120781795e-01,-3.0746055143398615e+02
18MAY01XA,2318+049,153,3.8915678326779855e+01,5.7678611580344374e+01,2.0942993454677662e+01,5.6678611580344374e+01,1.4021809170205990e+00,5.5657027442395014e-02,5.6276430663323772e+01
20MAY06XA,2318+049,29,1.1452581368343477e+01,5.5605220113579911e+01,1.9582263239985540e+01,5.4605220113579911e+01,9.2325738013260708e+00,1.2206749153850662e+00,4.6372646312253842e+01
18MAY01XA,2355-106,101,3.8915678326779855e+01,-8.6984386033506553e+01,2.7753177210741086e+01,-8.7984386033506553e+01,1.4021809170205990e+00,5.5657027442395014e-02,-8.8386566950527154e+01
18MAY01XA,3C274,235,3.8915678326779855e+01,8.5471229894015110e+01,0.0000000000000000e+00,8.4471229894015110e+01,1.4021809170205990e+00,5.5657027442395014e-02,8.4069048976994509e+01
20MAY04XA,3C274,65,1.0106397771203248e+01,6.1810241830921086e+01,2.7767809586105199e-16,6.0810241830921086e+01,8.0497082639269522e+00,2.7976357126395818e-01,5.3760533566994134e+01
18MAY01XA,3C371,29,3.8915678326779855e+01,1.0383095272460581e+01,4.9694885636385749e+01,9.3830952724605812e+00,1.4021809170205990e+00,5.5657027442395014e-02,8.9809143554399817e+00
20MAY04XA,3C371,1024,1.0106397771203248e+01,1.3772879339687409e+01,4.6178831616092963e-01,1.2772879339687409e+01,8.0497082639269522e+00,2.7976357126395818e-01,5.7231710757604564e+00
18MAY01XA,3C418,118,3.8915678326779855e+01,2.5162193699327080e+01,6.6593391538172533e+00,2.4162193699327080e+01,1.4021809170205990e+00,5.5657027442395014e-02,2.3760012782306482e+01
20MAY06XA,3C418,29,1.1452581368343477e+01,5.2861241018443323e+01,8.4141626059917325e+00,5.1861241018443323e+01,9.2325738013260708e+00,1.2206749153850662e+00,4.3628667217117254e+01
22MAY09XA,3C418,463,1.1981812554125794e+01,7.0038154526925851e+01,3.3179763586335751e+00,6.9038154526925851e+01,5.4609783256794806e+00,3.8943244120781795e-01,6.4577176201246374e+01
17MAY01XA,3C446,122,2.9980768003362140e+01,5.2510735337406032e+01,9.5701362904855234e+00,5.1510735337406032e+01,1.1866902903646863e+00,6.9614570068410556e-02,5.1324045047041345e+01
18MAY01XA,3C446,194,3.8915678326779855e+01,-1.3525343080355416e+01,9.9975431858401365e+00,-1.4525343080355416e+01,1.4021809170205990e+00,5.5657027442395014e-02,-1.4927523997376015e+01
20MAY04XA,3C446,145,1.0106397771203248e+01,3.4268848424655033e+01,1.7225202656776407e+01,3.3268848424655033e+01,8.0497082639269522e+00,2.7976357126395818e-01,2.6219140160728081e+01
17MAY01XA,CTA26,33,2.9980768003362140e+01,-1.0389980991114442e+02,1.4532003347048434e+01,-1.0489980991114442e+02,1.1866902903646863e+00,6.9614570068410556e-02,-1.0508650020150910e+02
18MAY01XA,CTA26,343,3.8915678326779855e+01,1.3300218221309354e+01,3.1574540845323202e+00,1.2300218221309354e+01,1.4021809170205990e+00,5.5657027442395014e-02,1.1898037304288755e+01
20MAY04XA,CTA26,34,1.0106397771203248e+01,8.4168299066835973e-12,4.8823299635925299e-03,-9.9999999999158318e-01,8.0497082639269522e+00,2.7976357126395818e-01,-8.0497082639185358e+00
18MAY01XA,NRAO150,120,3.8915678326779855e+01,-2.2425997174940402e+01,2.5945481938698127e+00,-2.3425997174940402e+01,1.4021809170205990e+00,5.5657027442395014e-02,-2.3828178091961000e+01
20MAY04XA,NRAO150,35,1.0106397771203248e+01,-1.2017035724311778e+02,1.8194577196020617e+01,-1.2117035724311778e+02,8.0497082639269522e+00,2.7976357126395818e-01,-1.2822006550704472e+02
18MAY01XA,NRAO512,130,3.8915678326779855e+01,2.9779129328378044e+01,1.9164673405357531e+00,2.8779129328378044e+01,1.4021809170205990e+00,5.5657027442395014e-02,2.8376948411357446e+01
20MAY04XA,NRAO512,379,1.0106397771203248e+01,4.0214551279950179e+01,1.4754022733166217e+00,3.9214551279950179e+01,8.0497082639269522e+00,2.7976357126395818e-01,3.2164843016023227e+01
17MAY01XA,OJ287,49,2.9980768003362140e+01,3.5244935154440462e+01,3.0984884902172436e+01,3.4244935154440462e+01,1.1866902903646863e+00,6.9614570068410556e-02,3.4058244864075775e+01
18MAY01XA,OJ287,351,3.8915678326779855e+01,5.9257612403926473e+01,5.9926586242058200e+00,5.8257612403926473e+01,1.4021809170205990e+00,5.5657027442395014e-02,5.7855431486905871e+01
20MAY04XA,OJ287,243,1.0106397771203248e+01,1.1623050498098650e+01,5.0525180873635724e+00,1.0623050498098650e+01,8.0497082639269522e+00,2.7976357126395818e-01,3.5733422341716974e+00
20MAY06XA,OJ287,45,1.1452581368343477e+01,5.2445951139718694e+01,8.0906306867890194e+00,5.1445951139718694e+01,9.2325738013260708e+00,1.2206749153850662e+00,4.3213377338392625e+01
22MAY09XA,OJ287,245,1.1981812554125794e+01,4.5234148633330511e+00,1.8782069175997712e-16,3.5234148633330511e+00,5.4609783256794806e+00,3.8943244120781795e-01,-9.3756346234642951e-01
