session,group_type,group_label,n_removed,beta_all,beta_all_sigma,beta_drop,beta_drop_sigma,impact_beta_all_minus_drop,sigma_combined,abs_z_impact
17MAY01XA,baseline,BADARY-HARTRAO,180,1.1866902903646863e+00,6.9614570068410556e-02,1.2330639031509942e+00,8.0656962782135258e-02,-4.6373612786307916e-02,1.0654451656959354e-01,4.3525105072880266e-01
17MAY01XA,baseline,HARTRAO-ZELENCHK,242,1.1866902903646863e+00,6.9614570068410556e-02,1.1669407961786809e+00,7.4301170704174441e-02,1.9749494186005467e-02,1.0181774076171850e-01,1.9396908670586899e-01
17MAY01XA,baseline,BADARY-SESHAN25,338,1.1866902903646863e+00,6.9614570068410556e-02,1.1671936838407995e+00,6.8300798473315605e-02,1.9496606523886850e-02,9.7525316907468268e-02,1.9991328551523879e-01
17MAY01XA,baseline,SVETLOE-ZELENCHK,243,1.1866902903646863e+00,6.9614570068410556e-02,1.1710839655079708e+00,6.7250511062678237e-02,1.5606324856715537e-02,9.6792662965748857e-02,1.6123458512798647e-01
17MAY01XA,baseline,HARTRAO-SVETLOE,220,1.1866902903646863e+00,6.9614570068410556e-02,1.1953147278001990e+00,7.8639692853167367e-02,-8.6244374355126663e-03,1.0502566190150930e-01,8.2117429962978661e-02
17MAY01XA,baseline,SESHAN25-ZELENCHK,180,1.1866902903646863e+00,6.9614570068410556e-02,1.1940399740154848e+00,6.7574790458490297e-02,-7.3496836507984664e-03,9.7018249166424944e-02,7.5755682193262744e-02
17MAY01XA,baseline,BADARY-ZELENCHK,201,1.1866902903646863e+00,6.9614570068410556e-02,1.1796030576195591e+00,6.9397319801297208e-02,7.0872327451272366e-03,9.8296370031721730e-02,7.2100655831340246e-02
17MAY01XA,baseline,BADARY-SVETLOE,230,1.1866902903646863e+00,6.9614570068410556e-02,1.1826630396905757e+00,6.6578745803625397e-02,4.0272506741105829e-03,9.6327139263000058e-02,4.1808058506908018e-02
17MAY01XA,baseline,SESHAN25-SVETLOE,191,1.1866902903646863e+00,6.9614570068410556e-02,1.1834477670014294e+00,6.8063660291457190e-02,3.2425233632569217e-03,9.7359386902755959e-02,3.3304681411927987e-02
17MAY01XA,baseline,BADARY-SEJONG,342,1.1866902903646863e+00,6.9614570068410556e-02,1.1855618509558155e+00,7.2571804708473034e-02,1.1284394088708627e-03,1.0056269290574110e-01,1.1221252894734687e-02
17MAY01XA,baseline,HOBART26-SEJONG,243,1.1866902903646863e+00,6.9614570068410556e-02,1.1872504434980051e+00,7.1868968221204421e-02,-5.6015313331880812e-04,1.0005666873822121e-01,5.5983588138871559e-03
17MAY01XA,baseline,SEJONG-SESHAN25,311,1.1866902903646863e+00,6.9614570068410556e-02,1.1866344487796374e+00,7.2459054061938560e-02,5.5841585048899134e-05,1.0048135588934187e-01,5.5574075961312033e-04
17MAY01XA,source,0235+164,452,1.1866902903646863e+00,6.9614570068410556e-02,1.3422497051252413e+00,1.1449766385974276e-01,-1.5555941476055501e-01,1.3399963953365054e-01,1.1608942777901301e+00
17MAY01XA,source,0229+131,577,1.1866902903646863e+00,6.9614570068410556e-02,1.3220230993824726e+00,9.6032662625439455e-02,-1.3533280901778633e-01,1.1861054192921099e-01,1.1409846613680890e+00
17MAY01XA,source,0202+319,225,1.1866902903646863e+00,6.9614570068410556e-02,1.1440743079752729e+00,6.9515049121397249e-02,4.2615982389413443e-02,9.8379522361922017e-02,4.3317939919078158e-01
17MAY01XA,source,0552+398,104,1.1866902903646863e+00,6.9614570068410556e-02,1.1682150887552447e+00,6.6581040704762146e-02,1.8475201609441605e-02,9.6328725451647265e-02,1.9179327373863506e-01
17MAY01XA,source,0017+200,176,1.1866902903646863e+00,6.9614570068410556e-02,1.1794543661202372e+00,7.0108706636578089e-02,7.2359242444490768e-03,9.8799894291762336e-02,7.3238177999269266e-02
17MAY01XA,source,1751+288,149,1.1866902903646863e+00,6.9614570068410556e-02,1.1819569289102754e+00,7.0337754259896620e-02,4.7333614544109448e-03,9.8962558779243620e-02,4.7829820821121680e-02
17MAY01XA,source,0420-014,155,1.1866902903646863e+00,6.9614570068410556e-02,1.1828031187592680e+00,7.0727094522650552e-02,3.8871716054182937e-03,9.9239660748239103e-02,3.9169537421935081e-02
17MAY01XA,source,3C446,122,1.1866902903646863e+00,6.9614570068410556e-02,1.1838064728938915e+00,6.9828578932369378e-02,2.8838174707948028e-03,9.8601312372218364e-02,2.9247252408856773e-02
17MAY01XA,source,2227-088,118,1.1866902903646863e+00,6.9614570068410556e-02,1.1841850111575247e+00,6.8503716412111587e-02,2.5052792071615926e-03,9.7667535691654719e-02,2.5651094700197889e-02
17MAY01XA,source,2215+150,169,1.1866902903646863e+00,6.9614570068410556e-02,1.1842714529619798e+00,7.0572144919889654e-02,2.4188374027065418e-03,9.9129289336722021e-02,2.4400834696698404e-02
17MAY01XA,source,0716+714,127,1.1866902903646863e+00,6.9614570068410556e-02,1.1848847838414345e+00,7.0474349804926534e-02,1.8055065232518430e-03,9.9059690824455898e-02,1.8226450216278070e-02
17MAY01XA,source,1639-062,140,1.1866902903646863e+00,6.9614570068410556e-02,1.1850522554838556e+00,7.0471162918631078e-02,1.6380348808306966e-03,9.9057423593155725e-02,1.6536215272046254e-02
17MAY01XA,time_quartile,Q2,1000,1.1866902903646863e+00,6.9614570068410556e-02,1.2498630956740644e+00,8.1279195867836565e-02,-6.3172805309378077e-02,1.0701633542002727e-01,5.9030992849298947e-01
17MAY01XA,time_quartile,Q1,1008,1.1866902903646863e+00,6.9614570068410556e-02,1.2415167613225899e+00,6.0402554089125288e-02,-5.4826470957903606e-02,9.2166463023701559e-02,5.9486356706348176e-01
17MAY01XA,time_quartile,Q3,1006,1.1866902903646863e+00,6.9614570068410556e-02,1.1970290104997405e+00,1.0297446427254800e-01,-1.0338720135054214e-02,1.2429774196673046e-01,8.3177055121576346e-02
17MAY01XA,time_quartile,Q4,996,1.1866902903646863e+00,6.9614570068410556e-02,1.1934242940485840e+00,7.9083887881232717e-02,-6.7340036838976491e-03,1.0535867163276609e-01,6.3915039735594037e-02
18MAY01XA,baseline,BADARY-KUNMING,392,1.4021809170205990e+00,5.5657027442395014e-02,1.4768402782904126e+00,6.0465025679408591e-02,-7.4659361269813651e-02,8.2181044250697208e-02,9.0847423454564169e-01
18MAY01XA,baseline,BADARY-ISHIOKA,439,1.4021809170205990e+00,5.5657027442395014e-02,1.3665625792670684e+00,5.5533827620938100e-02,3.5618337753530627e-02,7.8623855883285063e-02,4.5302201670705472e-01
18MAY01XA,baseline,BADARY-KATH12M,331,1.4021809170205990e+00,5.5657027442395014e-02,1.4132958671883560e+00,5.7113695235372977e-02,-1.1114950167756987e-02,7.9747594867573143e-02,1.3937661927252096e-01
18MAY01XA,baseline,BADARY-SESHAN25,395,1.4021809170205990e+00,5.5657027442395014e-02,1.3918157274523599e+00,5.7060415369772556e-02,1.0365189568239064e-02,7.9709445524946965e-02,1.3003715557141884e-01
18MAY01XA,baseline,SESHAN25-YARRA12M,361,1.4021809170205990e+00,5.5657027442395014e-02,1.3987326579157187e+00,5.6405460955028963e-02,3.4482591048803357e-03,7.9241912705794837e-02,4.3515596571764348e-02
18MAY01XA,baseline,ISHIOKA-KUNMING,393,1.4021809170205990e+00,5.5657027442395014e-02,1.4042068945923580e+00,5.6285377919693798e-02,-2.0259775717590411e-03,7.9156480917776190e-02,2.5594588696578435e-02
18MAY01XA,baseline,KATH12M-SESHAN25,393,1.4021809170205990e+00,5.5657027442395014e-02,1.4041048565172196e+00,5.6762019955598729e-02,-1.9239394966206191e-03,7.9496110679474749e-02,2.4201680814019556e-02
18MAY01XA,baseline,HOBART26-KATH12M,332,1.4021809170205990e+00,5.5657027442395014e-02,1.4038747889653524e+00,5.6357392461777740e-02,-1.6938719447534556e-03,7.9207704100133808e-02,2.1385191806747420e-02
18MAY01XA,baseline,ISHIOKA-KATH12M,462,1.4021809170205990e+00,5.5657027442395014e-02,1.4034903634702600e+00,5.6670540813679428e-02,-1.3094464496610225e-03,7.9430818325373034e-02,1.6485370253862017e-02
18MAY01XA,baseline,KATH12M-YARRA12M,518,1.4021809170205990e+00,5.5657027442395014e-02,1.4009418242974347e+00,5.6535730693711185e-02,1.2390927231642479e-03,7.9334693223049327e-02,1.5618548113377602e-02
18MAY01XA,baseline,KUNMING-SESHAN25,398,1.4021809170205990e+00,5.5657027442395014e-02,1.4028243792258497e+00,5.6609602942444659e-02,-6.4346220525068887e-04,7.9387353205814526e-02,8.1053490167695887e-03
18MAY01XA,baseline,ISHIOKA-SESHAN25,451,1.4021809170205990e+00,5.5657027442395014e-02,1.4027421953700128e+00,5.6321919324677810e-02,-5.6127834941377408e-04,7.9182468388772950e-02,7.0884169290857330e-03
18MAY01XA,source,0229+131,2104,1.4021809170205990e+00,5.5657027442395014e-02,2.8856185048910836e+00,1.4061692070867873e-01,-1.4834375878704846e+00,1.5123102556457901e-01,9.8090823779874707e+00
18MAY01XA,source,0235+164,541,1.4021809170205990e+00,5.5657027442395014e-02,1.4786945873130477e+00,6.1259371846139811e-02,-7.6513670292448710e-02,8.2767235925256921e-02,9.2444394737966717e-01
18MAY01XA,source,OJ287,351,1.4021809170205990e+00,5.5657027442395014e-02,1.3412174132250381e+00,5.1860665260931971e-02,6.0963503795560925e-02,7.6073867425219988e-02,8.0137247991877858e-01
18MAY01XA,source,0727-115,312,1.4021809170205990e+00,5.5657027442395014e-02,1.4271490953075039e+00,5.3212463549777399e-02,-2.4968178286904896e-02,7.7001759595218988e-02,3.2425464584390046e-01
18MAY01XA,source,1156+295,344,1.4021809170205990e+00,5.5657027442395014e-02,1.3776764745225725e+00,5.4790880905467368e-02,2.4504442498026524e-02,7.8100866410819161e-02,3.1375378563831108e-01
18MAY01XA,source,1334-127,325,1.4021809170205990e+00,5.5657027442395014e-02,1.4182846774430489e+00,5.5180925756884922e-02,-1.6103760422449875e-02,7.8374991362745020e-02,2.0547065004341014e-01
18MAY01XA,source,0017+200,382,1.4021809170205990e+00,5.5657027442395014e-02,1.3898024472460264e+00,5.6375624742429450e-02,1.2378469774572576e-02,7.9220677659451608e-02,1.5625301550416279e-01
18MAY01XA,source,1546+027,317,1.4021809170205990e+00,5.5657027442395014e-02,1.3901315745517320e+00,5.5592799283179874e-02,1.2049342468867019e-02,7.8665519993599706e-02,1.5317184034183418e-01
18MAY01XA,source,CTA26,343,1.4021809170205990e+00,5.5657027442395014e-02,1.3910616950923431e+00,5.6267375724256219e-02,1.1119221928255874e-02,7.9143681204617525e-02,1.4049412105949829e-01
18MAY01XA,source,0748+126,409,1.4021809170205990e+00,5.5657027442395014e-02,1.3961165826080408e+00,5.6083132774545290e-02,6.0643344125581589e-03,7.9012799504452363e-02,7.6751291570379479e-02
18MAY01XA,source,1149-084,299,1.4021809170205990e+00,5.5657027442395014e-02,1.4080598674459943e+00,5.5939986127037107e-02,-5.8789504253953240e-03,7.8911258712661622e-02,7.4500781273838981e-02
18MAY01XA,source,0458-020,348,1.4021809170205990e+00,5.5657027442395014e-02,1.3963431808134243e+00,5.5642787046819658e-02,5.8377362071746486e-03,7.8700854214304644e-02,7.4176275028455585e-02
18MAY01XA,time_quartile,Q2,3127,1.4021809170205990e+00,5.5657027442395014e-02,1.6527802082732979e+00,8.5841636771156415e-02,-2.5059929125269886e-01,1.0230587132356904e-01,2.4495103556677909e+00
18MAY01XA,time_quartile,Q4,3102,1.4021809170205990e+00,5.5657027442395014e-02,1.3654288856991408e+00,5.2416586605154324e-02,3.6752031321458212e-02,7.6453928970715138e-02,4.8070820971850492e-01
18MAY01XA,time_quartile,Q1,3108,1.4021809170205990e+00,5.5657027442395014e-02,1.4326625664691635e+00,5.3172952144977116e-02,-3.0481649448564463e-02,7.6974460332863259e-02,3.9599692309308354e-01
18MAY01XA,time_quartile,Q3,3090,1.4021809170205990e+00,5.5657027442395014e-02,1.3957658257093248e+00,7.5857969523684912e-02,6.4150913112741570e-03,9.4085791934700860e-02,6.8183422590803885e-02
20MAY04XA,baseline,SVETLOE-ZELENCHK,288,8.0497082639269522e+00,2.7976357126395818e-01,7.3458549172124865e+00,2.7321301056690328e-01,7.0385334671446564e-01,3.9104092490351261e-01,1.7999480409579585e+00
20MAY04XA,baseline,BADARY-ZELENCHK,340,8.0497082639269522e+00,2.7976357126395818e-01,8.3963603662729209e+00,2.9061392680262282e-01,-3.4665210234596877e-01,4.0339076620319908e-01,8.5934565535233531e-01
20MAY04XA,baseline,NYALES20-WETTZELL,376,8.0497082639269522e+00,2.7976357126395818e-01,7.8142837318334859e+00,2.8069988998789752e-01,2.3542453209346625e-01,3.9630806709626992e-01,5.9404425909977165e-01
20MAY04XA,baseline,NYALES20-ZELENCHK,336,8.0497082639269522e+00,2.7976357126395818e-01,7.8507303647589666e+00,2.8151491333382578e-01,1.9897789916798558e-01,3.9688575463943682e-01,5.0134805001694560e-01
20MAY04XA,baseline,BADARY-WETTZELL,309,8.0497082639269522e+00,2.7976357126395818e-01,8.2090090382566050e+00,2.8612066210454629e-01,-1.5930077432965284e-01,4.0016582698864694e-01,3.9808690194370933e-01
20MAY04XA,baseline,ONSALA60-ZELENCHK,346,8.0497082639269522e+00,2.7976357126395818e-01,7.9257836066736207e+00,2.8209754077361748e-01,1.2392465725333146e-01,3.9729923019921221e-01,3.1191768781226598e-01
20MAY04XA,baseline,ONSALA60-WETTZELL,393,8.0497082639269522e+00,2.7976357126395818e-01,7.9565945118803532e+00,2.8178707613348403e-01,9.3113752046598997e-02,3.9707884869660548e-01,2.3449688229992846e-01
20MAY04XA,baseline,WETTZELL-ZELENCHK,359,8.0497082639269522e+00,2.7976357126395818e-01,7.9747026431522166e+00,2.8040802019000555e-01,7.5005620774735604e-02,3.9610139307157499e-01,1.8935964903607949e-01
20MAY04XA,baseline,BADARY-ONSALA60,295,8.0497082639269522e+00,2.7976357126395818e-01,8.1234441435500990e+00,2.8511134059898008e-01,-7.3735879623146872e-02,3.9944478009420958e-01,1.8459592739140607e-01
20MAY04XA,baseline,NYALES20-ONSALA60,360,8.0497082639269522e+00,2.7976357126395818e-01,8.0097706629975249e+00,2.8408856976780517e-01,3.9937600929427219e-02,3.9871540135675837e-01,1.0016568407823372e-01
20MAY04XA,baseline,BADARY-NYALES20,327,8.0497082639269522e+00,2.7976357126395818e-01,8.0120910015464801e+00,2.8359798484473014e-01,3.7617262380472027e-02,3.9836600358759983e-01,9.4428897149101410e-02
20MAY04XA,baseline,BADARY-ISHIOKA,295,8.0497082639269522e+00,2.7976357126395818e-01,8.0540444213757212e+00,2.8333065609479791e-01,-4.3361574487690291e-03,3.9817573568648357e-01,1.0890059489167972e-02
20MAY04XA,source,0059+581,1015,8.0497082639269522e+00,2.7976357126395818e-01,9.3376059464879226e+00,2.9992813093938819e-01,-1.2878976825609705e+00,4.1015184936210952e-01,3.1400508971591350e+00
20MAY04XA,source,0814+425,462,8.0497082639269522e+00,2.7976357126395818e-01,7.5782543246217573e+00,2.8353929929769545e-01,4.7145393930519486e-01,3.9832422729805417e-01,1.1835934321725801e+00
20MAY04XA,source,2000+472,348,8.0497082639269522e+00,2.7976357126395818e-01,7.6398406614308287e+00,2.7996901440571337e-01,4.0986760249612342e-01,3.9579073363795464e-01,1.0355664437334844e+00
20MAY04XA,source,0955+476,524,8.0497082639269522e+00,2.7976357126395818e-01,7.8251395965913861e+00,2.8182119518838300e-01,2.2456866733556602e-01,3.9710306201762341e-01,5.6551733999371601e-01
20MAY04XA,source,3C371,1024,8.0497082639269522e+00,2.7976357126395818e-01,7.8614424288468516e+00,2.9484063925803039e-01,1.8826583508010053e-01,4.0644637821543916e-01,4.6319968677469475e-01
20MAY04XA,source,NRAO512,379,8.0497082639269522e+00,2.7976357126395818e-01,7.9119337748048686e+00,2.8302996182927481e-01,1.3777448912208357e-01,3.9796182618367376e-01,3.4620026358632616e-01
20MAY04XA,source,2113+293,261,8.0497082639269522e+00,2.7976357126395818e-01,7.9324874139518338e+00,2.8401282378624537e-01,1.1722084997511839e-01,3.9866143515695202e-01,2.9403609087236854e-01
20MAY04XA,source,1418+546,372,8.0497082639269522e+00,2.7976357126395818e-01,7.9476892527416032e+00,2.8411896602091868e-01,1.0201901118534895e-01,3.9873705955072669e-01,2.5585535315001301e-01
20MAY04XA,source,0602+673,309,8.0497082639269522e+00,2.7976357126395818e-01,8.0784096464915578e+00,2.8434806057682738e-01,-2.8701382564605638e-02,3.9890033261476093e-01,7.1951262553405976e-02
20MAY04XA,source,1806+456,322,8.0497082639269522e+00,2.7976357126395818e-01,8.0372699626670201e+00,2.8399809106977270e-01,1.2438301259932061e-02,3.9865093946664509e-01,3.1200983187380064e-02
20MAY04XA,source,0529+483,551,8.0497082639269522e+00,2.7976357126395818e-01,8.0614160080473791e+00,2.8811294493202350e-01,-1.1707744120426966e-02,4.0159273504854021e-01,2.9153276687168807e-02
20MAY04XA,source,2229+695,277,8.0497082639269522e+00,2.7976357126395818e-01,8.0582313467894924e+00,2.8407098965683442e-01,-8.5230828625402211e-03,3.9870287554891942e-01,2.1377028823295931e-02
20MAY04XA,time_quartile,Q2,2512,8.0497082639269522e+00,2.7976357126395818e-01,8.9808629862644533e+00,3.1549258950302295e-01,-9.3115472233750118e-01,4.2166720270574370e-01,2.2082692615467612e+00
20MAY04XA,time_quartile,Q1,2511,8.0497082639269522e+00,2.7976357126395818e-01,8.6644156928060774e+00,3.0703416829190316e-01,-6.1470742887912522e-01,4.1537649946171068e-01,1.4798801320626682e+00
20MAY04XA,time_quartile,Q3,2497,8.0497082639269522e+00,2.7976357126395818e-01,8.4413381613947376e+00,4.1343851555223082e-01,-3.9162989746778543e-01,4.9919841941696491e-01,7.8451750293037115e-01
20MAY04XA,time_quartile,Q4,2474,8.0497082639269522e+00,2.7976357126395818e-01,7.9985826817136942e+00,3.2843606579995149e-01,5.1125582213257914e-02,4.3143702335858225e-01,1.1850068363457457e-01
20MAY06XA,baseline,HARTRAO-WETTZELL,45,9.2325738013260708e+00,1.2206749153850662e+00,1.4902620558190836e+01,1.6528756827367863e+00,-5.6700467568647657e+00,2.0547616094410897e+00,2.7594669526685678e+00
20MAY06XA,baseline,NYALES20-WETTZELL,124,9.2325738013260708e+00,1.2206749153850662e+00,5.6919214170736891e+00,9.6552112550050295e-01,3.5406523842523816e+00,1.5563670173959923e+00,2.2749469403279705e+00
20MAY06XA,baseline,ONSALA60-WETTZELL,145,9.2325738013260708e+00,1.2206749153850662e+00,8.4651981005973305e+00,1.2619046311501996e+00,7.6737570072874028e-01,1.7556909030830741e+00,4.3707904357264321e-01
20MAY06XA,baseline,NYALES20-ONSALA60,116,9.2325738013260708e+00,1.2206749153850662e+00,8.8429551676798646e+00,1.3081194525039102e+00,3.8961863364620619e-01,1.7891963981266754e+00,2.1776180303858467e-01
20MAY06XA,baseline,HARTRAO-HOBART26,43,9.2325738013260708e+00,1.2206749153850662e+00,9.5087540037729230e+00,1.2695131624814591e+00,-2.7618020244685226e-01,1.7611674874253198e+00,1.5681654608023948e-01
20MAY06XA,baseline,HARTRAO-NYALES20,16,9.2325738013260708e+00,1.2206749153850662e+00,9.4481674761372201e+00,1.2603033457379382e+00,-2.1559367481114933e-01,1.7545403307785716e+00,1.2287758282277862e-01
20MAY06XA,baseline,FORTLEZA-WETTZELL,62,9.2325738013260708e+00,1.2206749153850662e+00,9.3368541585055596e+00,1.3047684792615306e+00,-1.0428035717948880e-01,1.7867478931076948e+00,5.8363218214358005e-02
20MAY06XA,baseline,FORTLEZA-NYALES20,25,9.2325738013260708e+00,1.2206749153850662e+00,9.1643536439239561e+00,1.2384762467410309e+00,6.8220157402114623e-02,1.7389280211647891e+00,3.9231156535403114e-02
20MAY06XA,baseline,HARTRAO-ONSALA60,16,9.2325738013260708e+00,1.2206749153850662e+00,9.1722648772834852e+00,1.2367617015971666e+00,6.0308924042585588e-02,1.7377073273678332e+00,3.4706030810112108e-02
20MAY06XA,baseline,FORTLEZA-ONSALA60,73,9.2325738013260708e+00,1.2206749153850662e+00,9.1963902179667372e+00,1.2890589039360445e+00,3.6183583359333582e-02,1.7753084540065522e+00,2.0381575538421921e-02
20MAY06XA,baseline,FORTLEZA-HARTRAO,36,9.2325738013260708e+00,1.2206749153850662e+00,9.2128269561104066e+00,1.2491591993052120e+00,1.9746845215664166e-02,1.7465525913235986e+00,1.1306184144560638e-02
20MAY06XA,baseline,FORTLEZA-HOBART26,10,9.2325738013260708e+00,1.2206749153850662e+00,9.2250027349026080e+00,1.2274252215319505e+00,7.5710664234627245e-03,1.7310747885354627e+00,4.3736217947394733e-03
20MAY06XA,source,3C418,29,9.2325738013260708e+00,1.2206749153850662e+00,7.2664534010287936e+00,1.1864855007474588e+00,1.9661204002972772e+00,1.7022911303693875e+00,1.1549848114820642e+00
20MAY06XA,source,1741-038,23,9.2325738013260708e+00,1.2206749153850662e+00,7.5571377713092325e+00,9.8664567959543603e-01,1.6754360300168383e+00,1.5695594751759738e+00,1.0674562235553349e+00
20MAY06XA,source,0059+581,53,9.2325738013260708e+00,1.2206749153850662e+00,9.7097238870656160e+00,1.3594449596856588e+00,-4.7715008573954520e-01,1.8270571549530357e+00,2.6115772265034060e-01
20MAY06XA,source,2318+049,29,9.2325738013260708e+00,1.2206749153850662e+00,8.8621241618887616e+00,1.2406728888936231e+00,3.7044963943730913e-01,1.7404931675493551e+00,2.1284176596849771e-01
20MAY06XA,source,OJ287,45,9.2325738013260708e+00,1.2206749153850662e+00,9.4044079352844197e+00,1.2150345083988459e+00,-1.7183413395834890e-01,1.7223112685140174e+00,9.9769499915427384e-02
20MAY06XA,source,0716+714,26,9.2325738013260708e+00,1.2206749153850662e+00,9.0836163493392732e+00,1.2422871975806968e+00,1.4895745198679755e-01,1.7416442605547322e+00,8.5526910035780224e-02
20MAY06XA,source,1149-084,27,9.2325738013260708e+00,1.2206749153850662e+00,9.1288635751693192e+00,1.2312618047278174e+00,1.0371022615675152e-01,1.7337972432876749e+00,5.9816813389374918e-02
20MAY06XA,source,1215+303,42,9.2325738013260708e+00,1.2206749153850662e+00,9.1513714474867527e+00,1.2543182705617222e+00,8.1202353839318064e-02,1.7502461463792138e+00,4.6394819384292768e-02
20MAY06XA,source,1330+476,48,9.2325738013260708e+00,1.2206749153850662e+00,9.2240733686197327e+00,1.2620679243248647e+00,8.5004327063380458e-03,1.7558082738898375e+00,4.8413217050777939e-03
20MAY06XA,source,1125+366,25,9.2325738013260708e+00,1.2206749153850662e+00,9.2246598521022865e+00,1.2432494978886530e+00,7.9139492237843001e-03,1.7423307846246439e+00,4.5421623113255320e-03
20MAY06XA,source,0955+476,48,9.2325738013260708e+00,1.2206749153850662e+00,9.2249803339566121e+00,1.2652356694985201e+00,7.5934673694586508e-03,1.7580866157336239e+00,4.3191656779037633e-03
20MAY06XA,source,1104+728,36,9.2325738013260708e+00,1.2206749153850662e+00,9.2323425669479278e+00,1.2536906987775054e+00,2.3123437814298597e-04,1.7497964502340175e+00,1.3214930120132587e-04
20MAY06XA,time_quartile,Q3,179,9.2325738013260708e+00,1.2206749153850662e+00,2.4085805264713702e+01,2.4379464456106699e+00,-1.4853231463387631e+01,2.7264684338381833e+00,5.4477914649750812e+00
20MAY06XA,time_quartile,Q1,181,9.2325738013260708e+00,1.2206749153850662e+00,6.7423336749593101e+00,1.3125498864968244e+00,2.4902401263667606e+00,1.7924381310363728e+00,1.3893032530650999e+00
20MAY06XA,time_quartile,Q2,181,9.2325738013260708e+00,1.2206749153850662e+00,6.9967275772646600e+00,1.0245171748634447e+00,2.2358462240614108e+00,1.5936381931418790e+00,1.4029823291655743e+00
20MAY06XA,time_quartile,Q4,178,9.2325738013260708e+00,1.2206749153850662e+00,1.0591213112578702e+01,1.5389056511918748e+00,-1.3586393112526309e+00,1.9642499464988226e+00,6.9168351699555219e-01
22MAY09XA,baseline,RAEGSMAR-WETTZELL,336,5.4609783256794806e+00,3.8943244120781795e-01,4.5313168555484165e+00,2.9465067335600059e-01,9.2966147013106415e-01,4.8834070644809568e-01,1.9037148815483298e+00
22MAY09XA,baseline,NYALES20-RAEGSMAR,286,5.4609783256794806e+00,3.8943244120781795e-01,5.2260499879226261e+00,4.0181260839129562e-01,2.3492833775685451e-01,5.5956322120677060e-01,4.1984234998540665e-01
22MAY09XA,baseline,HART15M-RAEGSMAR,183,5.4609783256794806e+00,3.8943244120781795e-01,5.6803762758368457e+00,4.0252753356051751e-01,-2.1939795015736507e-01,5.6007681753433980e-01,3.9172831884603615e-01
22MAY09XA,baseline,NYALES20-WETTZELL,324,5.4609783256794806e+00,3.8943244120781795e-01,5.3011513511507857e+00,4.0746428018986869e-01,1.5982697452869488e-01,5.6363531285373558e-01,2.8356451571402924e-01
22MAY09XA,baseline,NYALE13S-WETTZELL,147,5.4609783256794806e+00,3.8943244120781795e-01,5.3432541822797521e+00,3.9659520863672837e-01,1.1772414339972848e-01,5.5582855790134666e-01,2.1179937901035878e-01
22MAY09XA,baseline,MATERA-WETTZELL,387,5.4609783256794806e+00,3.8943244120781795e-01,5.4020009661440085e+00,4.0365772091988583e-01,5.8977359535472118e-02,5.6088963435181882e-01,1.0514966924576553e-01
22MAY09XA,baseline,MATERA-NYALES20,306,5.4609783256794806e+00,3.8943244120781795e-01,5.4132344823862102e+00,4.0343216467273346e-01,4.7743843293270416e-02,5.6072732924087809e-01,8.5146274853246079e-02
22MAY09XA,baseline,KOKEE-NYALES20,149,5.4609783256794806e+00,3.8943244120781795e-01,5.4422082056147341e+00,3.9682912633109474e-01,1.8770120064746543e-02,5.5599548718472580e-01,3.3759482760892079e-02
22MAY09XA,baseline,KOKEE-SEJONG,144,5.4609783256794806e+00,3.8943244120781795e-01,5.4747560218822402e+00,3.9620044587143938e-01,-1.3777696202759593e-02,5.5554695532763743e-01,2.4800237082811670e-02
22MAY09XA,baseline,MATERA-RAEGSMAR,366,5.4609783256794806e+00,3.8943244120781795e-01,5.4490576151039507e+00,3.9753413971474838e-01,1.1920710575529903e-02,5.5649889353333459e-01,2.1420906158218345e-02
22MAY09XA,baseline,SEJONG-YARRA12M,182,5.4609783256794806e+00,3.8943244120781795e-01,5.4544506317275125e+00,3.9682937636438642e-01,6.5276939519680610e-03,5.5599566564032532e-01,1.1740548272890384e-02
22MAY09XA,baseline,NYALE13S-NYALES20,215,5.4609783256794806e+00,3.8943244120781795e-01,5.4609740558953845e+00,3.9834909839937577e-01,4.2697840960670419e-06,5.5708134994870917e-01,7.6645611928314663e-06
22MAY09XA,source,0235+164,276,5.4609783256794806e+00,3.8943244120781795e-01,1.0312790069658700e+01,6.2748360291461114e-01,-4.8518117439792192e+00,7.3850748011904521e-01,6.5697530148200007e+00
22MAY09XA,source,0059+581,288,5.4609783256794806e+00,3.8943244120781795e-01,4.9885952628713079e+00,3.6206128182595737e-01,4.7238306280817266e-01,5.3173865579110935e-01,8.8837450063766998e-01
22MAY09XA,source,OJ287,245,5.4609783256794806e+00,3.8943244120781795e-01,5.0242213673541025e+00,3.8787879830308925e-01,4.3675695832537809e-01,5.4964314644879286e-01,7.9461912906080101e-01
22MAY09XA,source,3C418,463,5.4609783256794806e+00,3.8943244120781795e-01,5.0443249164897042e+00,3.8860061784951805e-01,4.1665340918977645e-01,5.5015276647319311e-01,7.5734129605631717e-01
22MAY09XA,source,1803+784,501,5.4609783256794806e+00,3.8943244120781795e-01,5.1398654659799812e+00,4.0335319890889870e-01,3.2111285969949943e-01,5.6067051762610287e-01,5.7273006089048817e-01
22MAY09XA,source,2227-088,153,5.4609783256794806e+00,3.8943244120781795e-01,5.2020849746157447e+00,3.8603424237395262e-01,2.5889335106373590e-01,5.4834301541125896e-01,4.7213759232360258e-01
22MAY09XA,source,0202+319,186,5.4609783256794806e+00,3.8943244120781795e-01,5.7108401540349965e+00,4.2217040343844647e-01,-2.4986182835551585e-01,5.7435657548639696e-01,4.3502910738667699e-01
22MAY09XA,source,2229+695,278,5.4609783256794806e+00,3.8943244120781795e-01,5.2940887082583066e+00,3.9763160897444799e-01,1.6688961742117403e-01,5.5656852473050333e-01,2.9985457316685998e-01
22MAY09XA,source,0613+570,304,5.4609783256794806e+00,3.8943244120781795e-01,5.3085407791031258e+00,3.8626375103800659e-01,1.5243754657635478e-01,5.4850461404716711e-01,2.7791479355403625e-01
22MAY09XA,source,0215+015,190,5.4609783256794806e+00,3.8943244120781795e-01,5.3113850792204165e+00,4.1782232146901016e-01,1.4959324645906413e-01,5.7116820515749422e-01,2.6190751709965232e-01
22MAY09XA,source,0814+425,240,5.4609783256794806e+00,3.8943244120781795e-01,5.3372208886914558e+00,3.9796019479190103e-01,1.2375743698802477e-01,5.5680332515520092e-01,2.2226418449194635e-01
22MAY09XA,source,1144+402,159,5.4609783256794806e+00,3.8943244120781795e-01,5.4474169329446376e+00,3.9479175419443435e-01,1.3561392734843025e-02,5.5454319529230478e-01,2.4455070136952434e-02
22MAY09XA,time_quartile,Q4,1218,5.4609783256794806e+00,3.8943244120781795e-01,7.5387902755938878e+00,5.7937181459952991e-01,-2.0778119499144072e+00,6.9808976916828724e-01,2.9764251557359707e+00
22MAY09XA,time_quartile,Q3,1218,5.4609783256794806e+00,3.8943244120781795e-01,4.9833665727788361e+00,4.8648807927859594e-01,4.7761175290064450e-01,6.2315991330095843e-01,7.6643529647257547e-01
22MAY09XA,time_quartile,Q1,1219,5.4609783256794806e+00,3.8943244120781795e-01,5.8378895957590515e+00,4.2136626135107608e-01,-3.7691127007957093e-01,5.7376576446322058e-01,6.5690791159731454e-01
22MAY09XA,time_quartile,Q2,1219,5.4609783256794806e+00,3.8943244120781795e-01,5.7859273898920494e+00,3.6444379068253940e-01,-3.2494906421256875e-01,5.3336376220375081e-01,6.0924473546898872e-01
