medium,filename,verb,data_type,model,start_utc,stop_utc,dsn_complex,scid
ion,c32easc2002_152_2002_182.ion,ADJUST,DOPRNG,CHPART,2002-06-01T06:05:00+00:00,2002-06-01T20:51:00+00:00,60,82
ion,c32easc2002_152_2002_182.ion,ADJUST,DOPRNG,CHPART,2002-06-01T13:50:00+00:00,2002-06-02T04:06:00+00:00,10,82
ion,c32easc2002_152_2002_182.ion,ADJUST,DOPRNG,CHPART,2002-06-01T22:25:00+00:00,2002-06-02T08:02:00+00:00,40,82
ion,c32easc2002_152_2002_182.ion,ADJUST,DOPRNG,CHPART,2002-06-02T06:02:00+00:00,2002-06-02T20:48:00+00:00,60,82
ion,c32easc2002_152_2002_182.ion,ADJUST,DOPRNG,CHPART,2002-06-02T13:46:00+00:00,2002-06-03T04:03:00+00:00,10,82
ion,c32easc2002_152_2002_182.ion,ADJUST,DOPRNG,CHPART,2002-06-02T22:21:00+00:00,2002-06-03T07:59:00+00:00,40,82
ion,c32easc2002_152_2002_182.ion,ADJUST,DOPRNG,CHPART,2002-06-03T05:59:00+00:00,2002-06-03T20:45:00+00:00,60,82
ion,c32easc2002_152_2002_182.ion,ADJUST,DOPRNG,CHPART,2002-06-03T13:43:00+00:00,2002-06-04T03:59:00+00:00,10,82
ion,c32easc2002_152_2002_182.ion,ADJUST,DOPRNG,CHPART,2002-06-03T22:18:00+00:00,2002-06-04T07:56:00+00:00,40,82
ion,c32easc2002_152_2002_182.ion,ADJUST,DOPRNG,CHPART,2002-06-04T05:55:00+00:00,2002-06-04T20:41:00+00:00,60,82
ion,c32easc2002_152_2002_182.ion,ADJUST,DOPRNG,CHPART,2002-06-04T13:40:00+00:00,2002-06-05T03:56:00+00:00,10,82
ion,c32easc2002_152_2002_182.ion,ADJUST,DOPRNG,CHPART,2002-06-04T22:15:00+00:00,2002-06-05T07:52:00+00:00,40,82
ion,c32easc2002_152_2002_182.ion,ADJUST,DOPRNG,CHPART,2002-06-05T05:52:00+00:00,2002-06-05T20:38:00+00:00,60,82
ion,c32easc2002_152_2002_182.ion,ADJUST,DOPRNG,CHPART,2002-06-05T13:36:00+00:00,2002-06-06T03:53:00+00:00,10,82
ion,c32easc2002_152_2002_182.ion,ADJUST,DOPRNG,CHPART,2002-06-05T22:11:00+00:00,2002-06-06T07:49:00+00:00,40,82
ion,c32easc2002_152_2002_182.ion,ADJUST,DOPRNG,CHPART,2002-06-06T05:48:00+00:00,2002-06-06T20:35:00+00:00,60,82
ion,c32easc2002_152_2002_182.ion,ADJUST,DOPRNG,CHPART,2002-06-06T13:33:00+00:00,2002-06-07T03:49:00+00:00,10,82
ion,c32easc2002_152_2002_182.ion,ADJUST,DOPRNG,CHPART,2002-06-06T22:08:00+00:00,2002-06-07T07:46:00+00:00,40,82
ion,c32easc2002_152_2002_182.ion,ADJUST,DOPRNG,CHPART,2002-06-07T05:45:00+00:00,2002-06-07T20:32:00+00:00,60,82
ion,c32easc2002_152_2002_182.ion,ADJUST,DOPRNG,CHPART,2002-06-07T13:30:00+00:00,2002-06-08T03:46:00+00:00,10,82
ion,c32easc2002_152_2002_182.ion,ADJUST,DOPRNG,CHPART,2002-06-07T22:05:00+00:00,2002-06-08T07:42:00+00:00,40,82
ion,c32easc2002_152_2002_182.ion,ADJUST,DOPRNG,CHPART,2002-06-08T05:42:00+00:00,2002-06-08T20:28:00+00:00,60,82
ion,c32easc2002_152_2002_182.ion,ADJUST,DOPRNG,CHPART,2002-06-08T13:26:00+00:00,2002-06-09T03:43:00+00:00,10,82
ion,c32easc2002_152_2002_182.ion,ADJUST,DOPRNG,CHPART,2002-06-08T22:02:00+00:00,2002-06-09T07:39:00+00:00,40,82
ion,c32easc2002_152_2002_182.ion,ADJUST,DOPRNG,CHPART,2002-06-09T05:38:00+00:00,2002-06-09T20:25:00+00:00,60,82
ion,c32easc2002_152_2002_182.ion,ADJUST,DOPRNG,CHPART,2002-06-09T13:23:00+00:00,2002-06-10T03:39:00+00:00,10,82
ion,c32easc2002_152_2002_182.ion,ADJUST,DOPRNG,CHPART,2002-06-09T21:58:00+00:00,2002-06-10T07:36:00+00:00,40,82
ion,c32easc2002_152_2002_182.ion,ADJUST,DOPRNG,CHPART,2002-06-10T05:35:00+00:00,2002-06-10T20:22:00+00:00,60,82
ion,c32easc2002_152_2002_182.ion,ADJUST,DOPRNG,CHPART,2002-06-10T13:20:00+00:00,2002-06-11T03:36:00+00:00,10,82
ion,c32easc2002_152_2002_182.ion,ADJUST,DOPRNG,CHPART,2002-06-10T21:55:00+00:00,2002-06-11T07:32:00+00:00,40,82
ion,c32easc2002_152_2002_182.ion,ADJUST,DOPRNG,CHPART,2002-06-11T05:32:00+00:00,2002-06-11T20:18:00+00:00,60,82
ion,c32easc2002_152_2002_182.ion,ADJUST,DOPRNG,CHPART,2002-06-11T13:16:00+00:00,2002-06-12T03:33:00+00:00,10,82
ion,c32easc2002_152_2002_182.ion,ADJUST,DOPRNG,CHPART,2002-06-11T21:52:00+00:00,2002-06-12T07:29:00+00:00,40,82
ion,c32easc2002_152_2002_182.ion,ADJUST,DOPRNG,CHPART,2002-06-12T05:28:00+00:00,2002-06-12T20:15:00+00:00,60,82
ion,c32easc2002_152_2002_182.ion,ADJUST,DOPRNG,CHPART,2002-06-12T13:13:00+00:00,2002-06-13T03:29:00+00:00,10,82
ion,c32easc2002_152_2002_182.ion,ADJUST,DOPRNG,CHPART,2002-06-12T21:48:00+00:00,2002-06-13T07:26:00+00:00,40,82
ion,c32easc2002_152_2002_182.ion,ADJUST,DOPRNG,CHPART,2002-06-13T05:25:00+00:00,2002-06-13T20:12:00+00:00,60,82
ion,c32easc2002_152_2002_182.ion,ADJUST,DOPRNG,CHPART,2002-06-13T13:10:00+00:00,2002-06-14T03:26:00+00:00,10,82
ion,c32easc2002_152_2002_182.ion,ADJUST,DOPRNG,CHPART,2002-06-13T21:45:00+00:00,2002-06-14T07:22:00+00:00,40,82
ion,c32easc2002_152_2002_182.ion,ADJUST,DOPRNG,CHPART,2002-06-14T05:22:00+00:00,2002-06-14T20:08:00+00:00,60,82
ion,c32easc2002_152_2002_182.ion,ADJUST,DOPRNG,CHPART,2002-06-14T13:06:00+00:00,2002-06-15T03:23:00+00:00,10,82
ion,c32easc2002_152_2002_182.ion,ADJUST,DOPRNG,CHPART,2002-06-14T21:42:00+00:00,2002-06-15T07:19:00+00:00,40,82
ion,c32easc2002_152_2002_182.ion,ADJUST,DOPRNG,CHPART,2002-06-15T05:18:00+00:00,2002-06-15T20:05:00+00:00,60,82
ion,c32easc2002_152_2002_182.ion,ADJUST,DOPRNG,CHPART,2002-06-15T13:03:00+00:00,2002-06-16T03:20:00+00:00,10,82
ion,c32easc2002_152_2002_182.ion,ADJUST,DOPRNG,CHPART,2002-06-15T21:38:00+00:00,2002-06-16T07:16:00+00:00,40,82
ion,c32easc2002_152_2002_182.ion,ADJUST,DOPRNG,CHPART,2002-06-16T05:15:00+00:00,2002-06-16T20:02:00+00:00,60,82
ion,c32easc2002_152_2002_182.ion,ADJUST,DOPRNG,CHPART,2002-06-16T13:00:00+00:00,2002-06-17T03:16:00+00:00,10,82
ion,c32easc2002_152_2002_182.ion,ADJUST,DOPRNG,CHPART,2002-06-16T21:35:00+00:00,2002-06-17T07:12:00+00:00,40,82
ion,c32easc2002_152_2002_182.ion,ADJUST,DOPRNG,CHPART,2002-06-17T05:12:00+00:00,2002-06-17T19:58:00+00:00,60,82
ion,c32easc2002_152_2002_182.ion,ADJUST,DOPRNG,CHPART,2002-06-17T12:56:00+00:00,2002-06-18T03:13:00+00:00,10,82
ion,c32easc2002_152_2002_182.ion,ADJUST,DOPRNG,CHPART,2002-06-17T21:32:00+00:00,2002-06-18T07:09:00+00:00,40,82
ion,c32easc2002_152_2002_182.ion,ADJUST,DOPRNG,CHPART,2002-06-18T05:08:00+00:00,2002-06-18T19:55:00+00:00,60,82
ion,c32easc2002_152_2002_182.ion,ADJUST,DOPRNG,CHPART,2002-06-18T12:53:00+00:00,2002-06-19T03:10:00+00:00,10,82
ion,c32easc2002_152_2002_182.ion,ADJUST,DOPRNG,CHPART,2002-06-18T21:28:00+00:00,2002-06-19T07:06:00+00:00,40,82
ion,c32easc2002_152_2002_182.ion,ADJUST,DOPRNG,CHPART,2002-06-19T05:05:00+00:00,2002-06-19T19:52:00+00:00,60,82
ion,c32easc2002_152_2002_182.ion,ADJUST,DOPRNG,CHPART,2002-06-19T12:50:00+00:00,2002-06-20T03:06:00+00:00,10,82
ion,c32easc2002_152_2002_182.ion,ADJUST,DOPRNG,CHPART,2002-06-19T21:25:00+00:00,2002-06-20T07:02:00+00:00,40,82
ion,c32easc2002_152_2002_182.ion,ADJUST,DOPRNG,CHPART,2002-06-20T05:02:00+00:00,2002-06-20T19:48:00+00:00,60,82
ion,c32easc2002_152_2002_182.ion,ADJUST,DOPRNG,CHPART,2002-06-20T12:46:00+00:00,2002-06-21T03:03:00+00:00,10,82
ion,c32easc2002_152_2002_182.ion,ADJUST,DOPRNG,CHPART,2002-06-20T21:22:00+00:00,2002-06-21T06:59:00+00:00,40,82
ion,c32easc2002_152_2002_182.ion,ADJUST,DOPRNG,CHPART,2002-06-21T04:58:00+00:00,2002-06-21T19:45:00+00:00,60,82
ion,c32easc2002_152_2002_182.ion,ADJUST,DOPRNG,CHPART,2002-06-21T12:43:00+00:00,2002-06-22T03:00:00+00:00,10,82
ion,c32easc2002_152_2002_182.ion,ADJUST,DOPRNG,CHPART,2002-06-21T21:18:00+00:00,2002-06-22T06:56:00+00:00,40,82
ion,c32easc2002_152_2002_182.ion,ADJUST,DOPRNG,CHPART,2002-06-22T04:55:00+00:00,2002-06-22T19:42:00+00:00,60,82
ion,c32easc2002_152_2002_182.ion,ADJUST,DOPRNG,CHPART,2002-06-22T12:40:00+00:00,2002-06-23T02:56:00+00:00,10,82
ion,c32easc2002_152_2002_182.ion,ADJUST,DOPRNG,CHPART,2002-06-22T21:15:00+00:00,2002-06-23T06:52:00+00:00,40,82
ion,c32easc2002_152_2002_182.ion,ADJUST,DOPRNG,CHPART,2002-06-23T04:52:00+00:00,2002-06-23T19:38:00+00:00,60,82
ion,c32easc2002_152_2002_182.ion,ADJUST,DOPRNG,CHPART,2002-06-23T12:36:00+00:00,2002-06-24T02:53:00+00:00,10,82
ion,c32easc2002_152_2002_182.ion,ADJUST,DOPRNG,CHPART,2002-06-23T21:12:00+00:00,2002-06-24T06:49:00+00:00,40,82
ion,c32easc2002_152_2002_182.ion,ADJUST,DOPRNG,CHPART,2002-06-24T04:49:00+00:00,2002-06-24T19:35:00+00:00,60,82
ion,c32easc2002_152_2002_182.ion,ADJUST,DOPRNG,CHPART,2002-06-24T12:33:00+00:00,2002-06-25T02:50:00+00:00,10,82
ion,c32easc2002_152_2002_182.ion,ADJUST,DOPRNG,CHPART,2002-06-24T21:08:00+00:00,2002-06-25T06:46:00+00:00,40,82
ion,c32easc2002_152_2002_182.ion,ADJUST,DOPRNG,CHPART,2002-06-25T04:45:00+00:00,2002-06-25T19:32:00+00:00,60,82
ion,c32easc2002_152_2002_182.ion,ADJUST,DOPRNG,CHPART,2002-06-25T12:30:00+00:00,2002-06-26T02:46:00+00:00,10,82
ion,c32easc2002_152_2002_182.ion,ADJUST,DOPRNG,CHPART,2002-06-25T21:05:00+00:00,2002-06-26T06:42:00+00:00,40,82
ion,c32easc2002_152_2002_182.ion,ADJUST,DOPRNG,CHPART,2002-06-26T04:42:00+00:00,2002-06-26T19:28:00+00:00,60,82
ion,c32easc2002_152_2002_182.ion,ADJUST,DOPRNG,CHPART,2002-06-26T12:26:00+00:00,2002-06-27T02:43:00+00:00,10,82
ion,c32easc2002_152_2002_182.ion,ADJUST,DOPRNG,CHPART,2002-06-26T21:02:00+00:00,2002-06-27T06:39:00+00:00,40,82
ion,c32easc2002_152_2002_182.ion,ADJUST,DOPRNG,CHPART,2002-06-27T04:39:00+00:00,2002-06-27T19:25:00+00:00,60,82
ion,c32easc2002_152_2002_182.ion,ADJUST,DOPRNG,CHPART,2002-06-27T12:23:00+00:00,2002-06-28T02:40:00+00:00,10,82
ion,c32easc2002_152_2002_182.ion,ADJUST,DOPRNG,CHPART,2002-06-27T20:58:00+00:00,2002-06-28T06:36:00+00:00,40,82
ion,c32easc2002_152_2002_182.ion,ADJUST,DOPRNG,CHPART,2002-06-28T04:35:00+00:00,2002-06-28T19:22:00+00:00,60,82
ion,c32easc2002_152_2002_182.ion,ADJUST,DOPRNG,CHPART,2002-06-28T12:20:00+00:00,2002-06-29T02:36:00+00:00,10,82
ion,c32easc2002_152_2002_182.ion,ADJUST,DOPRNG,CHPART,2002-06-28T20:55:00+00:00,2002-06-29T06:32:00+00:00,40,82
ion,c32easc2002_152_2002_182.ion,ADJUST,DOPRNG,CHPART,2002-06-29T04:32:00+00:00,2002-06-29T19:18:00+00:00,60,82
ion,c32easc2002_152_2002_182.ion,ADJUST,DOPRNG,CHPART,2002-06-29T12:16:00+00:00,2002-06-30T02:33:00+00:00,10,82
ion,c32easc2002_152_2002_182.ion,ADJUST,DOPRNG,CHPART,2002-06-29T20:52:00+00:00,2002-06-30T06:29:00+00:00,40,82
ion,c32easc2002_152_2002_182.ion,ADJUST,DOPRNG,CHPART,2002-06-30T04:29:00+00:00,2002-06-30T19:15:00+00:00,60,82
ion,c32easc2002_152_2002_182.ion,ADJUST,DOPRNG,CHPART,2002-06-30T12:13:00+00:00,2002-07-01T02:30:00+00:00,10,82
ion,c32easc2002_152_2002_182.ion,ADJUST,DOPRNG,CHPART,2002-06-30T20:48:00+00:00,2002-07-01T06:26:00+00:00,40,82
ion,c32easc2002_182_2002_213.ion,ADJUST,DOPRNG,CHPART,2002-07-01T04:25:00+00:00,2002-07-01T19:12:00+00:00,60,82
ion,c32easc2002_182_2002_213.ion,ADJUST,DOPRNG,CHPART,2002-07-01T12:10:00+00:00,2002-07-02T02:26:00+00:00,10,82
ion,c32easc2002_182_2002_213.ion,ADJUST,DOPRNG,CHPART,2002-07-01T20:45:00+00:00,2002-07-02T06:22:00+00:00,40,82
ion,c32easc2002_182_2002_213.ion,ADJUST,DOPRNG,CHPART,2002-07-02T04:22:00+00:00,2002-07-02T19:08:00+00:00,60,82
ion,c32easc2002_182_2002_213.ion,ADJUST,DOPRNG,CHPART,2002-07-02T12:06:00+00:00,2002-07-03T02:23:00+00:00,10,82
ion,c32easc2002_182_2002_213.ion,ADJUST,DOPRNG,CHPART,2002-07-02T20:42:00+00:00,2002-07-03T06:19:00+00:00,40,82
ion,c32easc2002_182_2002_213.ion,ADJUST,DOPRNG,CHPART,2002-07-03T04:19:00+00:00,2002-07-03T19:05:00+00:00,60,82
ion,c32easc2002_182_2002_213.ion,ADJUST,DOPRNG,CHPART,2002-07-03T12:03:00+00:00,2002-07-04T02:20:00+00:00,10,82
ion,c32easc2002_182_2002_213.ion,ADJUST,DOPRNG,CHPART,2002-07-03T20:38:00+00:00,2002-07-04T06:16:00+00:00,40,82
ion,c32easc2002_182_2002_213.ion,ADJUST,DOPRNG,CHPART,2002-07-04T04:15:00+00:00,2002-07-04T19:02:00+00:00,60,82
ion,c32easc2002_182_2002_213.ion,ADJUST,DOPRNG,CHPART,2002-07-04T12:00:00+00:00,2002-07-05T02:16:00+00:00,10,82
ion,c32easc2002_182_2002_213.ion,ADJUST,DOPRNG,CHPART,2002-07-04T20:35:00+00:00,2002-07-05T06:12:00+00:00,40,82
ion,c32easc2002_182_2002_213.ion,ADJUST,DOPRNG,CHPART,2002-07-05T04:12:00+00:00,2002-07-05T18:58:00+00:00,60,82
ion,c32easc2002_182_2002_213.ion,ADJUST,DOPRNG,CHPART,2002-07-05T11:56:00+00:00,2002-07-06T02:13:00+00:00,10,82
ion,c32easc2002_182_2002_213.ion,ADJUST,DOPRNG,CHPART,2002-07-05T20:32:00+00:00,2002-07-06T06:09:00+00:00,40,82
ion,c32easc2002_182_2002_213.ion,ADJUST,DOPRNG,CHPART,2002-07-06T04:09:00+00:00,2002-07-06T18:55:00+00:00,60,82
ion,c32easc2002_182_2002_213.ion,ADJUST,DOPRNG,CHPART,2002-07-06T11:53:00+00:00,2002-07-07T02:10:00+00:00,10,82
ion,c32easc2002_182_2002_213.ion,ADJUST,DOPRNG,CHPART,2002-07-06T20:28:00+00:00,2002-07-07T06:06:00+00:00,40,82
ion,c32easc2002_182_2002_213.ion,ADJUST,DOPRNG,CHPART,2002-07-07T04:05:00+00:00,2002-07-07T18:52:00+00:00,60,82
ion,c32easc2002_182_2002_213.ion,ADJUST,DOPRNG,CHPART,2002-07-07T11:50:00+00:00,2002-07-08T02:06:00+00:00,10,82
ion,c32easc2002_182_2002_213.ion,ADJUST,DOPRNG,CHPART,2002-07-07T20:25:00+00:00,2002-07-08T06:02:00+00:00,40,82
ion,c32easc2002_182_2002_213.ion,ADJUST,DOPRNG,CHPART,2002-07-08T04:02:00+00:00,2002-07-08T18:48:00+00:00,60,82
ion,c32easc2002_182_2002_213.ion,ADJUST,DOPRNG,CHPART,2002-07-08T11:46:00+00:00,2002-07-09T02:03:00+00:00,10,82
ion,c32easc2002_182_2002_213.ion,ADJUST,DOPRNG,CHPART,2002-07-08T20:22:00+00:00,2002-07-09T05:59:00+00:00,40,82
ion,c32easc2002_182_2002_213.ion,ADJUST,DOPRNG,CHPART,2002-07-09T03:59:00+00:00,2002-07-09T18:45:00+00:00,60,82
ion,c32easc2002_182_2002_213.ion,ADJUST,DOPRNG,CHPART,2002-07-09T11:43:00+00:00,2002-07-10T01:59:00+00:00,10,82
ion,c32easc2002_182_2002_213.ion,ADJUST,DOPRNG,CHPART,2002-07-09T20:18:00+00:00,2002-07-10T05:56:00+00:00,40,82
ion,c32easc2002_182_2002_213.ion,ADJUST,DOPRNG,CHPART,2002-07-10T03:55:00+00:00,2002-07-10T18:42:00+00:00,60,82
ion,c32easc2002_182_2002_213.ion,ADJUST,DOPRNG,CHPART,2002-07-10T11:40:00+00:00,2002-07-11T01:56:00+00:00,10,82
ion,c32easc2002_182_2002_213.ion,ADJUST,DOPRNG,CHPART,2002-07-10T20:15:00+00:00,2002-07-11T05:52:00+00:00,40,82
ion,c32easc2002_182_2002_213.ion,ADJUST,DOPRNG,CHPART,2002-07-11T03:52:00+00:00,2002-07-11T18:38:00+00:00,60,82
ion,c32easc2002_182_2002_213.ion,ADJUST,DOPRNG,CHPART,2002-07-11T11:36:00+00:00,2002-07-12T01:53:00+00:00,10,82
ion,c32easc2002_182_2002_213.ion,ADJUST,DOPRNG,CHPART,2002-07-11T20:12:00+00:00,2002-07-12T05:49:00+00:00,40,82
ion,c32easc2002_182_2002_213.ion,ADJUST,DOPRNG,CHPART,2002-07-12T03:49:00+00:00,2002-07-12T18:35:00+00:00,60,82
ion,c32easc2002_182_2002_213.ion,ADJUST,DOPRNG,CHPART,2002-07-12T11:33:00+00:00,2002-07-13T01:49:00+00:00,10,82
ion,c32easc2002_182_2002_213.ion,ADJUST,DOPRNG,CHPART,2002-07-12T20:08:00+00:00,2002-07-13T05:46:00+00:00,40,82
ion,c32easc2002_182_2002_213.ion,ADJUST,DOPRNG,CHPART,2002-07-13T03:45:00+00:00,2002-07-13T18:31:00+00:00,60,82
ion,c32easc2002_182_2002_213.ion,ADJUST,DOPRNG,CHPART,2002-07-13T11:30:00+00:00,2002-07-14T01:46:00+00:00,10,82
ion,c32easc2002_182_2002_213.ion,ADJUST,DOPRNG,CHPART,2002-07-13T20:05:00+00:00,2002-07-14T05:42:00+00:00,40,82
ion,c32easc2002_182_2002_213.ion,ADJUST,DOPRNG,CHPART,2002-07-14T03:42:00+00:00,2002-07-14T18:28:00+00:00,60,82
ion,c32easc2002_182_2002_213.ion,ADJUST,DOPRNG,CHPART,2002-07-14T11:26:00+00:00,2002-07-15T01:43:00+00:00,10,82
ion,c32easc2002_182_2002_213.ion,ADJUST,DOPRNG,CHPART,2002-07-14T20:01:00+00:00,2002-07-15T05:39:00+00:00,40,82
ion,c32easc2002_182_2002_213.ion,ADJUST,DOPRNG,CHPART,2002-07-15T03:39:00+00:00,2002-07-15T18:25:00+00:00,60,82
ion,c32easc2002_182_2002_213.ion,ADJUST,DOPRNG,CHPART,2002-07-15T11:23:00+00:00,2002-07-16T01:39:00+00:00,10,82
ion,c32easc2002_182_2002_213.ion,ADJUST,DOPRNG,CHPART,2002-07-15T19:58:00+00:00,2002-07-16T05:36:00+00:00,40,82
ion,c32easc2002_182_2002_213.ion,ADJUST,DOPRNG,CHPART,2002-07-16T03:35:00+00:00,2002-07-16T18:21:00+00:00,60,82
ion,c32easc2002_182_2002_213.ion,ADJUST,DOPRNG,CHPART,2002-07-16T11:20:00+00:00,2002-07-17T01:36:00+00:00,10,82
ion,c32easc2002_182_2002_213.ion,ADJUST,DOPRNG,CHPART,2002-07-16T19:55:00+00:00,2002-07-17T05:32:00+00:00,40,82
ion,c32easc2002_182_2002_213.ion,ADJUST,DOPRNG,CHPART,2002-07-17T03:32:00+00:00,2002-07-17T18:18:00+00:00,60,82
ion,c32easc2002_182_2002_213.ion,ADJUST,DOPRNG,CHPART,2002-07-17T11:16:00+00:00,2002-07-18T01:32:00+00:00,10,82
ion,c32easc2002_182_2002_213.ion,ADJUST,DOPRNG,CHPART,2002-07-17T19:51:00+00:00,2002-07-18T05:29:00+00:00,40,82
ion,c32easc2002_182_2002_213.ion,ADJUST,DOPRNG,CHPART,2002-07-18T03:28:00+00:00,2002-07-18T18:15:00+00:00,60,82
ion,c32easc2002_182_2002_213.ion,ADJUST,DOPRNG,CHPART,2002-07-18T11:13:00+00:00,2002-07-19T01:29:00+00:00,10,82
ion,c32easc2002_182_2002_213.ion,ADJUST,DOPRNG,CHPART,2002-07-18T19:48:00+00:00,2002-07-19T05:25:00+00:00,40,82
ion,c32easc2002_182_2002_213.ion,ADJUST,DOPRNG,CHPART,2002-07-19T03:25:00+00:00,2002-07-19T18:11:00+00:00,60,82
ion,c32easc2002_182_2002_213.ion,ADJUST,DOPRNG,CHPART,2002-07-19T11:10:00+00:00,2002-07-20T01:26:00+00:00,10,82
ion,c32easc2002_182_2002_213.ion,ADJUST,DOPRNG,CHPART,2002-07-19T19:45:00+00:00,2002-07-20T05:22:00+00:00,40,82
ion,c32easc2002_182_2002_213.ion,ADJUST,DOPRNG,CHPART,2002-07-20T03:22:00+00:00,2002-07-20T18:08:00+00:00,60,82
ion,c32easc2002_182_2002_213.ion,ADJUST,DOPRNG,CHPART,2002-07-20T11:06:00+00:00,2002-07-21T01:22:00+00:00,10,82
ion,c32easc2002_182_2002_213.ion,ADJUST,DOPRNG,CHPART,2002-07-20T19:41:00+00:00,2002-07-21T05:19:00+00:00,40,82
ion,c32easc2002_182_2002_213.ion,ADJUST,DOPRNG,CHPART,2002-07-21T03:18:00+00:00,2002-07-21T18:04:00+00:00,60,82
ion,c32easc2002_182_2002_213.ion,ADJUST,DOPRNG,CHPART,2002-07-21T11:03:00+00:00,2002-07-22T01:19:00+00:00,10,82
ion,c32easc2002_182_2002_213.ion,ADJUST,DOPRNG,CHPART,2002-07-21T19:38:00+00:00,2002-07-22T05:15:00+00:00,40,82
ion,c32easc2002_182_2002_213.ion,ADJUST,DOPRNG,CHPART,2002-07-22T03:15:00+00:00,2002-07-22T18:01:00+00:00,60,82
ion,c32easc2002_182_2002_213.ion,ADJUST,DOPRNG,CHPART,2002-07-22T10:59:00+00:00,2002-07-23T01:16:00+00:00,10,82
ion,c32easc2002_182_2002_213.ion,ADJUST,DOPRNG,CHPART,2002-07-22T19:34:00+00:00,2002-07-23T05:12:00+00:00,40,82
ion,c32easc2002_182_2002_213.ion,ADJUST,DOPRNG,CHPART,2002-07-23T03:12:00+00:00,2002-07-23T17:58:00+00:00,60,82
ion,c32easc2002_182_2002_213.ion,ADJUST,DOPRNG,CHPART,2002-07-23T10:56:00+00:00,2002-07-24T01:12:00+00:00,10,82
ion,c32easc2002_182_2002_213.ion,ADJUST,DOPRNG,CHPART,2002-07-23T19:31:00+00:00,2002-07-24T05:09:00+00:00,40,82
ion,c32easc2002_182_2002_213.ion,ADJUST,DOPRNG,CHPART,2002-07-24T03:08:00+00:00,2002-07-24T17:54:00+00:00,60,82
ion,c32easc2002_182_2002_213.ion,ADJUST,DOPRNG,CHPART,2002-07-24T10:53:00+00:00,2002-07-25T01:09:00+00:00,10,82
ion,c32easc2002_182_2002_213.ion,ADJUST,DOPRNG,CHPART,2002-07-24T19:28:00+00:00,2002-07-25T05:05:00+00:00,40,82
ion,c32easc2002_182_2002_213.ion,ADJUST,DOPRNG,CHPART,2002-07-25T03:05:00+00:00,2002-07-25T17:51:00+00:00,60,82
ion,c32easc2002_182_2002_213.ion,ADJUST,DOPRNG,CHPART,2002-07-25T10:49:00+00:00,2002-07-26T01:05:00+00:00,10,82
ion,c32easc2002_182_2002_213.ion,ADJUST,DOPRNG,CHPART,2002-07-25T19:24:00+00:00,2002-07-26T05:02:00+00:00,40,82
ion,c32easc2002_182_2002_213.ion,ADJUST,DOPRNG,CHPART,2002-07-26T03:02:00+00:00,2002-07-26T17:47:00+00:00,60,82
ion,c32easc2002_182_2002_213.ion,ADJUST,DOPRNG,CHPART,2002-07-26T10:46:00+00:00,2002-07-27T01:02:00+00:00,10,82
ion,c32easc2002_182_2002_213.ion,ADJUST,DOPRNG,CHPART,2002-07-26T19:21:00+00:00,2002-07-27T04:58:00+00:00,40,82
ion,c32easc2002_182_2002_213.ion,ADJUST,DOPRNG,CHPART,2002-07-27T02:58:00+00:00,2002-07-27T17:44:00+00:00,60,82
ion,c32easc2002_182_2002_213.ion,ADJUST,DOPRNG,CHPART,2002-07-27T10:43:00+00:00,2002-07-28T00:59:00+00:00,10,82
ion,c32easc2002_182_2002_213.ion,ADJUST,DOPRNG,CHPART,2002-07-27T19:17:00+00:00,2002-07-28T04:55:00+00:00,40,82
ion,c32easc2002_182_2002_213.ion,ADJUST,DOPRNG,CHPART,2002-07-28T02:55:00+00:00,2002-07-28T17:41:00+00:00,60,82
ion,c32easc2002_182_2002_213.ion,ADJUST,DOPRNG,CHPART,2002-07-28T10:39:00+00:00,2002-07-29T00:55:00+00:00,10,82
ion,c32easc2002_182_2002_213.ion,ADJUST,DOPRNG,CHPART,2002-07-28T19:14:00+00:00,2002-07-29T04:52:00+00:00,40,82
ion,c32easc2002_182_2002_213.ion,ADJUST,DOPRNG,CHPART,2002-07-29T02:51:00+00:00,2002-07-29T17:37:00+00:00,60,82
ion,c32easc2002_182_2002_213.ion,ADJUST,DOPRNG,CHPART,2002-07-29T10:36:00+00:00,2002-07-30T00:52:00+00:00,10,82
ion,c32easc2002_182_2002_213.ion,ADJUST,DOPRNG,CHPART,2002-07-29T19:10:00+00:00,2002-07-30T04:48:00+00:00,40,82
ion,c32easc2002_182_2002_213.ion,ADJUST,DOPRNG,CHPART,2002-07-30T02:48:00+00:00,2002-07-30T17:34:00+00:00,60,82
ion,c32easc2002_182_2002_213.ion,ADJUST,DOPRNG,CHPART,2002-07-30T10:32:00+00:00,2002-07-31T00:48:00+00:00,10,82
ion,c32easc2002_182_2002_213.ion,ADJUST,DOPRNG,CHPART,2002-07-30T19:07:00+00:00,2002-07-31T04:45:00+00:00,40,82
ion,c32easc2002_182_2002_213.ion,ADJUST,DOPRNG,CHPART,2002-07-31T02:45:00+00:00,2002-07-31T17:30:00+00:00,60,82
ion,c32easc2002_182_2002_213.ion,ADJUST,DOPRNG,CHPART,2002-07-31T10:29:00+00:00,2002-08-01T00:45:00+00:00,10,82
ion,c32easc2002_182_2002_213.ion,ADJUST,DOPRNG,CHPART,2002-07-31T19:04:00+00:00,2002-08-01T04:42:00+00:00,40,82
